2020 Census Tract,Total Rental Units with Severe Housing Problems and Equal to or less than 80% AMI,Total Rental Units Equal to or less than 80% AMI,% of rental units occupied by 80% AMI and below with Severe Housing Problems
13001950100,50,245,0.20408163265306123
13001950201,0,75,0
13001950202,55,310,0.1774193548387097
13001950301,65,210,0.30952380952380953
13001950302,45,190,0.23684210526315788
13001950400,25,65,0.38461538461538464
13001950500,29,105,0.2761904761904762
13003960100,89,320,0.278125
13003960200,90,255,0.35294117647058826
13003960300,80,120,0.6666666666666666
13005970100,45,110,0.4090909090909091
13005970201,120,340,0.35294117647058826
13005970202,35,290,0.1206896551724138
13007960100,60,290,0.20689655172413793
13007960200,15,85,0.17647058823529413
13009970101,0,90,0
13009970102,70,175,0.4
13009970201,90,770,0.11688311688311688
13009970202,95,225,0.4222222222222222
13009970301,0,0,-
13009970302,130,320,0.40625
13009970400,245,620,0.3951612903225806
13009970501,805,1000,0.805
13009970502,10,10,1
13009970600,165,350,0.4714285714285714
13009970701,160,375,0.4266666666666667
13009970702,133,275,0.48363636363636364
13009970801,0,60,0
13009970802,365,385,0.948051948051948
13011970100,85,405,0.20987654320987653
13011970200,64,190,0.3368421052631579
13011970300,110,315,0.3492063492063492
13011970400,60,145,0.41379310344827586
13013180103,295,425,0.6941176470588235
13013180104,14,120,0.11666666666666667
13013180105,10,55,0.18181818181818182
13013180106,80,225,0.35555555555555557
13013180107,50,215,0.23255813953488372
13013180108,30,90,0.3333333333333333
13013180203,115,490,0.23469387755102042
13013180204,165,410,0.4024390243902439
13013180205,135,490,0.2755102040816326
13013180206,60,250,0.24
13013180301,29,180,0.16111111111111112
13013180302,45,160,0.28125
13013180303,65,285,0.22807017543859648
13013180401,20,80,0.25
13013180402,89,495,0.1797979797979798
13013180501,35,250,0.14
13013180502,125,185,0.6756756756756757
13013180503,69,215,0.3209302325581395
13015960101,20,85,0.23529411764705882
13015960103,0,20,0
13015960104,44,195,0.22564102564102564
13015960105,29,109,0.26605504587155965
13015960201,45,95,0.47368421052631576
13015960202,50,335,0.14925373134328357
13015960203,75,345,0.21739130434782608
13015960301,10,95,0.10526315789473684
13015960302,8,94,0.0851063829787234
13015960403,65,1005,0.06467661691542288
13015960404,315,535,0.5887850467289719
13015960405,95,500,0.19
13015960406,10,220,0.045454545454545456
13015960407,60,130,0.46153846153846156
13015960501,275,645,0.4263565891472868
13015960502,120,200,0.6
13015960601,175,515,0.33980582524271846
13015960602,185,475,0.3894736842105263
13015960701,330,980,0.336734693877551
13015960702,0,475,0
13015960801,215,255,0.8431372549019608
13015960802,160,450,0.35555555555555557
13015960804,40,140,0.2857142857142857
13015960805,45,250,0.18
13015960901,39,140,0.2785714285714286
13015960902,125,290,0.43103448275862066
13015961001,0,135,0
13015961002,19,195,0.09743589743589744
13017960100,30,120,0.25
13017960200,20,59,0.3389830508474576
13017960300,155,515,0.30097087378640774
13017960400,170,695,0.2446043165467626
13017960501,15,90,0.16666666666666666
13017960502,65,525,0.12380952380952381
13019970100,19,110,0.17272727272727273
13019970200,74,295,0.25084745762711863
13019970300,30,275,0.10909090909090909
13019970400,115,385,0.2987012987012987
13019970500,165,270,0.6111111111111112
13019970600,65,235,0.2765957446808511
13021010100,225,545,0.41284403669724773
13021010200,270,565,0.4778761061946903
13021010400,135,280,0.48214285714285715
13021010500,40,160,0.25
13021010800,320,705,0.45390070921985815
13021011001,450,985,0.45685279187817257
13021011002,60,245,0.24489795918367346
13021011100,180,370,0.4864864864864865
13021011500,225,425,0.5294117647058824
13021011701,195,405,0.48148148148148145
13021011702,205,385,0.5324675324675324
13021011800,95,305,0.3114754098360656
13021011900,125,320,0.390625
13021012000,0,74,0
13021012101,110,230,0.4782608695652174
13021012102,165,415,0.39759036144578314
13021012200,200,440,0.45454545454545453
13021012400,440,735,0.5986394557823129
13021012500,440,665,0.6616541353383458
13021012600,200,545,0.3669724770642202
13021012700,180,365,0.4931506849315068
13021012800,180,675,0.26666666666666666
13021012900,120,280,0.42857142857142855
13021013101,305,660,0.4621212121212121
13021013102,205,500,0.41
13021013201,375,1005,0.373134328358209
13021013202,185,545,0.3394495412844037
13021013302,80,300,0.26666666666666666
13021013407,175,425,0.4117647058823529
13021013408,175,255,0.6862745098039216
13021013409,105,280,0.375
13021013411,425,545,0.7798165137614679
13021013412,100,200,0.5
13021013413,65,155,0.41935483870967744
13021013502,79,190,0.41578947368421054
13021013503,75,160,0.46875
13021013505,65,275,0.23636363636363636
13021013506,0,15,0
13021013603,100,155,0.6451612903225806
13021013604,0,75,0
13021013605,110,230,0.4782608695652174
13021013607,70,90,0.7777777777777778
13021013608,205,255,0.803921568627451
13021013701,140,350,0.4
13021013702,225,390,0.5769230769230769
13021013800,65,315,0.20634920634920634
13021013900,65,240,0.2708333333333333
13021014000,210,580,0.3620689655172414
13023790100,30,80,0.375
13023790200,45,280,0.16071428571428573
13023790301,70,200,0.35
13023790302,60,195,0.3076923076923077
13025960101,0,160,0
13025960102,40,190,0.21052631578947367
13025960201,15,55,0.2727272727272727
13025960202,145,360,0.4027777777777778
13025960300,134,380,0.3526315789473684
13027960200,15,75,0.2
13027960301,75,255,0.29411764705882354
13027960302,10,50,0.2
13027960400,110,445,0.24719101123595505
13027960500,180,470,0.3829787234042553
13027960600,45,130,0.34615384615384615
13029920101,130,230,0.5652173913043478
13029920103,65,480,0.13541666666666666
13029920104,0,10,0
13029920301,0,85,0
13029920303,275,730,0.3767123287671233
13029920305,60,90,0.6666666666666666
13029920307,45,70,0.6428571428571429
13029920308,190,460,0.41304347826086957
13029980000,0,0,-
13031110100,99,195,0.5076923076923077
13031110201,90,185,0.4864864864864865
13031110202,205,425,0.4823529411764706
13031110301,75,190,0.39473684210526316
13031110302,95,275,0.34545454545454546
13031110401,425,955,0.44502617801047123
13031110405,490,1210,0.4049586776859504
13031110406,260,555,0.46846846846846846
13031110407,70,125,0.56
13031110408,115,350,0.32857142857142857
13031110500,395,750,0.5266666666666666
13031110602,210,705,0.2978723404255319
13031110603,80,410,0.1951219512195122
13031110604,395,645,0.6124031007751938
13031110701,230,450,0.5111111111111111
13031110702,120,220,0.5454545454545454
13031110703,70,190,0.3684210526315789
13031110800,55,155,0.3548387096774194
13031110901,0,85,0
13031110902,0,110,0
13033950101,35,150,0.23333333333333334
13033950102,55,80,0.6875
13033950200,8,129,0.06201550387596899
13033950400,180,600,0.3
13033950500,50,195,0.2564102564102564
13033950700,10,120,0.08333333333333333
13033950900,74,190,0.3894736842105263
13035150101,100,190,0.5263157894736842
13035150102,70,280,0.25
13035150201,165,400,0.4125
13035150202,40,210,0.19047619047619047
13035150300,160,235,0.6808510638297872
13037950100,4,100,0.04
13037950200,120,250,0.48
13039010100,85,180,0.4722222222222222
13039010201,23,180,0.12777777777777777
13039010202,15,40,0.375
13039010302,105,400,0.2625
13039010303,145,330,0.4393939393939394
13039010304,30,245,0.12244897959183673
13039010305,4,125,0.032
13039010403,0,15,0
13039010404,405,535,0.7570093457943925
13039010405,270,440,0.6136363636363636
13039010406,65,65,1
13039010407,60,145,0.41379310344827586
13039010500,65,250,0.26
13039010602,30,79,0.379746835443038
13039010603,35,80,0.4375
13039010604,415,710,0.5845070422535211
13039990000,0,0,-
13043950100,235,820,0.2865853658536585
13043950200,70,355,0.19718309859154928
13043950300,4,105,0.0380952380952381
13045910101,85,675,0.1259259259259259
13045910103,90,215,0.4186046511627907
13045910105,0,205,0
13045910106,495,770,0.6428571428571429
13045910201,0,155,0
13045910202,0,120,0
13045910203,20,115,0.17391304347826086
13045910301,155,189,0.8201058201058201
13045910302,35,185,0.1891891891891892
13045910400,25,275,0.09090909090909091
13045910502,400,965,0.41450777202072536
13045910503,290,610,0.47540983606557374
13045910504,90,300,0.3
13045910600,270,665,0.40601503759398494
13045910704,65,175,0.37142857142857144
13045910705,265,695,0.381294964028777
13045910706,0,65,0
13045910707,0,45,0
13045910708,165,625,0.264
13045910709,35,140,0.25
13045910800,34,185,0.1837837837837838
13045910900,104,200,0.52
13045911001,105,220,0.4772727272727273
13045911002,125,465,0.26881720430107525
13045911101,265,785,0.3375796178343949
13045911102,55,130,0.4230769230769231
13045911201,80,235,0.3404255319148936
13045911202,80,210,0.38095238095238093
13047030100,185,425,0.43529411764705883
13047030201,90,495,0.18181818181818182
13047030202,45,240,0.1875
13047030303,0,115,0
13047030304,25,60,0.4166666666666667
13047030305,25,75,0.3333333333333333
13047030306,20,215,0.09302325581395349
13047030402,85,240,0.3541666666666667
13047030403,0,70,0
13047030404,0,45,0
13047030501,55,210,0.2619047619047619
13047030502,35,235,0.14893617021276595
13047030600,160,385,0.4155844155844156
13047030701,45,350,0.12857142857142856
13047030702,415,1010,0.41089108910891087
13049010101,60,165,0.36363636363636365
13049010102,150,450,0.3333333333333333
13049010200,30,130,0.23076923076923078
13051000601,224,700,0.32
13051001100,180,460,0.391304347826087
13051001200,265,610,0.4344262295081967
13051002000,190,355,0.5352112676056338
13051002100,110,265,0.41509433962264153
13051002200,235,690,0.34057971014492755
13051002300,154,340,0.45294117647058824
13051002600,140,235,0.5957446808510638
13051002700,275,370,0.7432432432432432
13051002800,285,665,0.42857142857142855
13051002900,25,135,0.18518518518518517
13051003000,35,80,0.4375
13051003301,75,260,0.28846153846153844
13051003302,25,210,0.11904761904761904
13051003400,115,345,0.3333333333333333
13051003501,110,590,0.1864406779661017
13051003502,240,590,0.4067796610169492
13051003601,305,645,0.4728682170542636
13051003602,320,875,0.3657142857142857
13051003700,65,290,0.22413793103448276
13051003800,35,190,0.18421052631578946
13051003900,54,265,0.2037735849056604
13051004001,305,585,0.5213675213675214
13051004002,110,465,0.23655913978494625
13051004100,80,120,0.6666666666666666
13051004207,290,530,0.5471698113207547
13051004208,370,820,0.45121951219512196
13051004209,290,730,0.3972602739726027
13051004210,260,840,0.30952380952380953
13051004211,135,250,0.54
13051004212,105,420,0.25
13051004300,145,400,0.3625
13051004400,210,445,0.47191011235955055
13051004500,135,335,0.40298507462686567
13051010102,200,450,0.4444444444444444
13051010200,175,330,0.5303030303030303
13051010502,215,820,0.2621951219512195
13051010503,85,210,0.40476190476190477
13051010504,265,600,0.44166666666666665
13051010601,120,765,0.1568627450980392
13051010603,90,225,0.4
13051010701,0,0,-
13051010702,100,460,0.21739130434782608
13051010703,255,355,0.7183098591549296
13051010704,255,280,0.9107142857142857
13051010705,0,0,-
13051010706,85,85,1
13051010707,0,0,-
13051010801,125,365,0.3424657534246575
13051010806,90,470,0.19148936170212766
13051010807,400,465,0.8602150537634409
13051010810,75,120,0.625
13051010811,160,400,0.4
13051010812,0,0,-
13051010813,300,480,0.625
13051010814,200,490,0.40816326530612246
13051010815,25,120,0.20833333333333334
13051010816,195,345,0.5652173913043478
13051010817,35,35,1
13051010818,115,255,0.45098039215686275
13051010819,85,180,0.4722222222222222
13051010820,105,275,0.38181818181818183
13051010821,0,20,0
13051010901,434,970,0.44742268041237115
13051011004,10,45,0.2222222222222222
13051011005,10,10,1
13051011006,65,140,0.4642857142857143
13051011007,0,105,0
13051011008,85,135,0.6296296296296297
13051011104,35,255,0.13725490196078433
13051011107,15,60,0.25
13051011108,10,10,1
13051011110,0,4,0
13051011111,69,119,0.5798319327731093
13051011112,135,240,0.5625
13051011113,0,15,0
13051011114,55,135,0.4074074074074074
13051011115,44,200,0.22
13051011200,89,185,0.4810810810810811
13051011300,230,430,0.5348837209302325
13051011400,130,435,0.2988505747126437
13051011500,0,18,0
13051011600,65,325,0.2
13051011700,160,435,0.367816091954023
13051011800,35,150,0.23333333333333334
13051011900,195,540,0.3611111111111111
13051980000,0,0,-
13051990000,0,0,-
13053020100,115,390,0.2948717948717949
13053020201,0,25,0
13053020203,75,170,0.4411764705882353
13053020205,130,390,0.3333333333333333
13053020206,0,0,-
13055010100,20,105,0.19047619047619047
13055010201,15,175,0.08571428571428572
13055010202,120,320,0.375
13055010300,60,205,0.2926829268292683
13055010401,0,110,0
13055010402,235,660,0.3560606060606061
13055010501,20,110,0.18181818181818182
13055010502,55,480,0.11458333333333333
13055010600,4,75,0.05333333333333334
13057090101,20,230,0.08695652173913043
13057090102,30,75,0.4
13057090103,8,104,0.07692307692307693
13057090201,95,185,0.5135135135135135
13057090202,99,190,0.5210526315789473
13057090301,75,130,0.5769230769230769
13057090302,0,50,0
13057090303,0,175,0
13057090401,445,1380,0.322463768115942
13057090402,20,245,0.08163265306122448
13057090503,0,0,-
13057090504,0,0,-
13057090505,0,0,-
13057090506,25,55,0.45454545454545453
13057090507,0,0,-
13057090603,65,175,0.37142857142857144
13057090604,155,355,0.43661971830985913
13057090605,235,540,0.4351851851851852
13057090606,85,330,0.25757575757575757
13057090703,75,840,0.08928571428571429
13057090704,260,355,0.7323943661971831
13057090705,195,265,0.7358490566037735
13057090706,0,0,-
13057090707,0,85,0
13057090708,180,485,0.3711340206185567
13057090709,45,60,0.75
13057090710,0,0,-
13057090805,25,90,0.2777777777777778
13057090806,0,40,0
13057090807,100,120,0.8333333333333334
13057090808,15,35,0.42857142857142855
13057090809,0,40,0
13057090810,15,70,0.21428571428571427
13057090905,125,450,0.2777777777777778
13057090906,4,65,0.06153846153846154
13057090907,15,170,0.08823529411764706
13057090908,25,25,1
13057090909,190,695,0.2733812949640288
13057090910,125,205,0.6097560975609756
13057090911,0,20,0
13057090912,15,45,0.3333333333333333
13057091001,305,710,0.4295774647887324
13057091006,40,50,0.8
13057091007,0,50,0
13057091009,145,295,0.4915254237288136
13057091010,0,20,0
13057091011,425,615,0.6910569105691057
13057091012,215,265,0.8113207547169812
13057091013,115,350,0.32857142857142857
13057091014,355,645,0.5503875968992248
13057091101,100,185,0.5405405405405406
13057091104,15,100,0.15
13057091105,300,615,0.4878048780487805
13057091106,100,290,0.3448275862068966
13057091107,15,80,0.1875
13057091108,30,50,0.6
13059000100,570,845,0.6745562130177515
13059000401,270,520,0.5192307692307693
13059000402,199,305,0.6524590163934426
13059000600,255,760,0.3355263157894737
13059000900,585,1305,0.4482758620689655
13059001200,375,740,0.5067567567567568
13059001700,39,255,0.15294117647058825
13059001800,120,335,0.3582089552238806
13059001900,225,555,0.40540540540540543
13059002000,130,355,0.36619718309859156
13059002100,400,755,0.5298013245033113
13059002200,275,425,0.6470588235294118
13059030101,585,915,0.639344262295082
13059030102,375,715,0.5244755244755245
13059030200,570,1410,0.40425531914893614
13059130300,330,705,0.46808510638297873
13059130400,155,545,0.28440366972477066
13059130500,125,215,0.5813953488372093
13059130601,15,760,0.019736842105263157
13059130602,175,530,0.330188679245283
13059130701,170,370,0.4594594594594595
13059130702,120,220,0.5454545454545454
13059140300,290,800,0.3625
13059140400,70,205,0.34146341463414637
13059140500,405,685,0.5912408759124088
13059140600,119,455,0.26153846153846155
13059150300,300,590,0.5084745762711864
13059150400,575,1095,0.5251141552511416
13059150500,575,1240,0.4637096774193548
13059150600,365,1070,0.3411214953271028
13059150701,535,1060,0.5047169811320755
13059150702,20,145,0.13793103448275862
13059150800,200,610,0.32786885245901637
13059150900,195,330,0.5909090909090909
13061960300,33,245,0.1346938775510204
13063040202,174,485,0.35876288659793815
13063040203,150,760,0.19736842105263158
13063040204,315,1050,0.3
13063040302,415,1055,0.3933649289099526
13063040306,240,1330,0.18045112781954886
13063040307,65,385,0.16883116883116883
13063040308,410,940,0.43617021276595747
13063040309,220,575,0.3826086956521739
13063040310,270,450,0.6
13063040407,80,325,0.24615384615384617
13063040409,195,500,0.39
13063040410,90,740,0.12162162162162163
13063040414,65,205,0.3170731707317073
13063040416,80,205,0.3902439024390244
13063040417,620,1465,0.4232081911262799
13063040418,60,60,1
13063040419,465,980,0.4744897959183674
13063040420,30,330,0.09090909090909091
13063040421,35,65,0.5384615384615384
13063040422,245,640,0.3828125
13063040423,190,875,0.21714285714285714
13063040424,160,580,0.27586206896551724
13063040425,205,595,0.3445378151260504
13063040426,225,305,0.7377049180327869
13063040427,65,335,0.19402985074626866
13063040509,120,335,0.3582089552238806
13063040510,280,485,0.5773195876288659
13063040512,295,740,0.39864864864864863
13063040513,125,330,0.3787878787878788
13063040518,330,815,0.4049079754601227
13063040519,635,2050,0.3097560975609756
13063040521,150,455,0.32967032967032966
13063040522,365,865,0.42196531791907516
13063040523,260,555,0.46846846846846846
13063040525,135,295,0.4576271186440678
13063040527,250,500,0.5
13063040528,220,550,0.4
13063040529,130,285,0.45614035087719296
13063040530,200,635,0.31496062992125984
13063040531,215,655,0.3282442748091603
13063040532,35,340,0.10294117647058823
13063040533,330,655,0.5038167938931297
13063040534,155,290,0.5344827586206896
13063040535,140,305,0.45901639344262296
13063040536,70,380,0.18421052631578946
13063040537,145,300,0.48333333333333334
13063040538,105,270,0.3888888888888889
13063040606,35,120,0.2916666666666667
13063040609,365,565,0.6460176991150443
13063040614,100,180,0.5555555555555556
13063040615,20,120,0.16666666666666666
13063040617,39,140,0.2785714285714286
13063040623,210,390,0.5384615384615384
13063040624,0,74,0
13063040625,200,480,0.4166666666666667
13063040626,84,235,0.3574468085106383
13063040627,140,370,0.3783783783783784
13063040628,10,60,0.16666666666666666
13063040629,175,395,0.4430379746835443
13063040630,280,950,0.29473684210526313
13063040631,95,230,0.41304347826086957
13063040632,760,1400,0.5428571428571428
13063040633,165,290,0.5689655172413793
13063040634,415,965,0.43005181347150256
13063040635,25,220,0.11363636363636363
13063040636,70,70,1
13063040637,70,195,0.358974358974359
13063040638,25,160,0.15625
13063040639,0,10,0
13063980000,0,0,-
13065970100,105,310,0.3387096774193548
13065970200,30,59,0.5084745762711864
13067030104,195,490,0.3979591836734694
13067030107,10,35,0.2857142857142857
13067030108,4,130,0.03076923076923077
13067030109,15,350,0.04285714285714286
13067030110,45,120,0.375
13067030111,85,95,0.8947368421052632
13067030112,180,430,0.4186046511627907
13067030113,35,210,0.16666666666666666
13067030220,4,24,0.16666666666666666
13067030233,10,40,0.25
13067030235,10,70,0.14285714285714285
13067030236,0,43,0
13067030240,140,215,0.6511627906976745
13067030241,0,15,0
13067030242,35,105,0.3333333333333333
13067030243,165,225,0.7333333333333333
13067030244,0,35,0
13067030245,0,0,-
13067030246,20,80,0.25
13067030247,335,785,0.4267515923566879
13067030248,720,1020,0.7058823529411765
13067030249,270,390,0.6923076923076923
13067030250,0,10,0
13067030251,0,15,0
13067030252,10,10,1
13067030253,40,175,0.22857142857142856
13067030254,0,25,0
13067030255,140,340,0.4117647058823529
13067030256,0,0,-
13067030257,425,765,0.5555555555555556
13067030258,50,155,0.3225806451612903
13067030259,40,255,0.1568627450980392
13067030260,145,180,0.8055555555555556
13067030261,0,45,0
13067030262,0,0,-
13067030263,75,140,0.5357142857142857
13067030264,0,25,0
13067030265,0,10,0
13067030266,0,0,-
13067030267,15,15,1
13067030268,0,0,-
13067030269,0,30,0
13067030270,0,0,-
13067030271,35,35,1
13067030272,8,59,0.13559322033898305
13067030273,0,40,0
13067030274,130,210,0.6190476190476191
13067030275,220,400,0.55
13067030276,65,65,1
13067030277,0,0,-
13067030278,165,380,0.4342105263157895
13067030319,15,45,0.3333333333333333
13067030322,10,20,0.5
13067030324,0,80,0
13067030326,0,4,0
13067030327,28,255,0.10980392156862745
13067030329,50,100,0.5
13067030331,0,4,0
13067030332,20,30,0.6666666666666666
13067030334,20,40,0.5
13067030335,0,20,0
13067030337,10,10,1
13067030340,0,15,0
13067030341,0,35,0
13067030342,0,0,-
13067030343,0,0,-
13067030344,460,1005,0.4577114427860697
13067030345,355,785,0.45222929936305734
13067030346,80,184,0.43478260869565216
13067030347,4,160,0.025
13067030348,55,110,0.5
13067030349,59,164,0.3597560975609756
13067030350,0,10,0
13067030351,0,0,-
13067030352,180,180,1
13067030353,50,215,0.23255813953488372
13067030354,25,150,0.16666666666666666
13067030355,185,335,0.5522388059701493
13067030356,220,615,0.35772357723577236
13067030357,0,0,-
13067030358,20,30,0.6666666666666666
13067030359,15,30,0.5
13067030360,0,0,-
13067030361,160,180,0.8888888888888888
13067030362,0,0,-
13067030363,0,125,0
13067030364,10,10,1
13067030365,0,40,0
13067030366,10,10,1
13067030367,35,50,0.7
13067030368,20,45,0.4444444444444444
13067030369,0,0,-
13067030370,0,10,0
13067030405,340,1020,0.3333333333333333
13067030407,115,335,0.34328358208955223
13067030408,70,165,0.42424242424242425
13067030409,30,40,0.75
13067030410,215,810,0.2654320987654321
13067030411,175,480,0.3645833333333333
13067030412,340,920,0.3695652173913043
13067030413,545,1240,0.43951612903225806
13067030414,320,945,0.3386243386243386
13067030505,440,1150,0.3826086956521739
13067030506,365,640,0.5703125
13067030507,49,110,0.44545454545454544
13067030508,55,230,0.2391304347826087
13067030509,0,0,-
13067030510,4,94,0.0425531914893617
13067030511,70,265,0.2641509433962264
13067030602,285,455,0.6263736263736264
13067030603,240,755,0.31788079470198677
13067030604,390,645,0.6046511627906976
13067030700,270,840,0.32142857142857145
13067030800,260,630,0.4126984126984127
13067030906,170,310,0.5483870967741935
13067030907,95,395,0.24050632911392406
13067030908,80,250,0.32
13067030909,75,75,1
13067030910,235,500,0.47
13067030911,325,695,0.4676258992805755
13067030912,370,820,0.45121951219512196
13067031001,355,915,0.3879781420765027
13067031004,405,1455,0.27835051546391754
13067031005,65,170,0.38235294117647056
13067031006,405,705,0.574468085106383
13067031007,525,1210,0.43388429752066116
13067031101,450,1060,0.42452830188679247
13067031110,125,215,0.5813953488372093
13067031111,54,165,0.32727272727272727
13067031112,305,435,0.7011494252873564
13067031113,120,380,0.3157894736842105
13067031114,605,1395,0.4336917562724014
13067031115,60,210,0.2857142857142857
13067031116,230,525,0.4380952380952381
13067031117,20,255,0.0784313725490196
13067031118,290,395,0.7341772151898734
13067031119,80,340,0.23529411764705882
13067031120,20,280,0.07142857142857142
13067031121,25,320,0.078125
13067031122,65,185,0.35135135135135137
13067031207,210,415,0.5060240963855421
13067031209,0,30,0
13067031212,0,0,-
13067031213,85,315,0.2698412698412698
13067031214,155,395,0.3924050632911392
13067031215,90,215,0.4186046511627907
13067031216,95,120,0.7916666666666666
13067031217,245,385,0.6363636363636364
13067031218,60,255,0.23529411764705882
13067031219,180,290,0.6206896551724138
13067031220,30,495,0.06060606060606061
13067031221,100,160,0.625
13067031306,165,370,0.44594594594594594
13067031308,90,380,0.23684210526315788
13067031314,80,195,0.41025641025641024
13067031315,15,35,0.42857142857142855
13067031316,65,135,0.48148148148148145
13067031317,35,290,0.1206896551724138
13067031318,324,545,0.5944954128440367
13067031319,415,975,0.4256410256410256
13067031320,250,1120,0.22321428571428573
13067031321,100,380,0.2631578947368421
13067031322,100,350,0.2857142857142857
13067031323,35,75,0.4666666666666667
13067031324,75,85,0.8823529411764706
13067031325,0,0,-
13067031409,65,245,0.2653061224489796
13067031410,180,245,0.7346938775510204
13067031411,135,280,0.48214285714285715
13067031412,264,690,0.3826086956521739
13067031413,180,920,0.1956521739130435
13067031414,0,60,0
13067031415,145,175,0.8285714285714286
13067031416,25,145,0.1724137931034483
13067031417,90,460,0.1956521739130435
13067031506,150,325,0.46153846153846156
13067031507,40,235,0.1702127659574468
13067031510,40,185,0.21621621621621623
13067031511,70,215,0.32558139534883723
13067031512,25,195,0.1282051282051282
13067031513,60,145,0.41379310344827586
13067031514,35,95,0.3684210526315789
13067031515,30,180,0.16666666666666666
13067031516,10,65,0.15384615384615385
13067031517,115,140,0.8214285714285714
13067031518,35,35,1
13069010100,45,215,0.20930232558139536
13069010200,10,240,0.041666666666666664
13069010301,20,74,0.2702702702702703
13069010302,40,125,0.32
13069010401,110,290,0.3793103448275862
13069010402,190,400,0.475
13069010500,140,370,0.3783783783783784
13069010600,8,235,0.03404255319148936
13069010701,120,345,0.34782608695652173
13069010702,105,145,0.7241379310344828
13069010801,130,395,0.3291139240506329
13069010802,135,755,0.17880794701986755
13071970101,54,220,0.24545454545454545
13071970102,0,39,0
13071970200,45,230,0.1956521739130435
13071970301,175,750,0.23333333333333334
13071970302,0,135,0
13071970400,64,330,0.19393939393939394
13071970500,44,115,0.3826086956521739
13071970601,85,205,0.4146341463414634
13071970602,80,245,0.32653061224489793
13071970702,230,430,0.5348837209302325
13071970703,165,565,0.2920353982300885
13071970704,55,290,0.1896551724137931
13071970800,50,280,0.17857142857142858
13071970901,35,105,0.3333333333333333
13071970902,84,439,0.19134396355353075
13073030103,29,50,0.58
13073030105,79,155,0.5096774193548387
13073030106,30,95,0.3157894736842105
13073030107,0,15,0
13073030108,20,30,0.6666666666666666
13073030201,135,265,0.5094339622641509
13073030202,85,200,0.425
13073030203,105,205,0.5121951219512195
13073030304,10,70,0.14285714285714285
13073030306,60,150,0.4
13073030307,35,140,0.25
13073030308,35,55,0.6363636363636364
13073030310,4,45,0.08888888888888889
13073030311,0,15,0
13073030312,15,45,0.3333333333333333
13073030313,25,280,0.08928571428571429
13073030401,0,30,0
13073030403,215,370,0.581081081081081
13073030404,20,135,0.14814814814814814
13073030503,70,410,0.17073170731707318
13073030504,100,145,0.6896551724137931
13073030505,175,480,0.3645833333333333
13073030507,70,140,0.5
13073030508,55,110,0.5
13073030603,70,140,0.5
13075960100,40,125,0.32
13075960200,90,335,0.26865671641791045
13075960301,38,195,0.19487179487179487
13075960302,235,370,0.6351351351351351
13075960400,110,435,0.25287356321839083
13077170101,45,70,0.6428571428571429
13077170102,90,310,0.2903225806451613
13077170200,95,625,0.152
13077170303,10,100,0.1
13077170304,120,360,0.3333333333333333
13077170307,330,1520,0.21710526315789475
13077170308,170,580,0.29310344827586204
13077170309,235,440,0.5340909090909091
13077170310,230,410,0.5609756097560976
13077170403,0,140,0
13077170404,0,75,0
13077170405,70,185,0.3783783783783784
13077170406,10,25,0.4
13077170407,40,70,0.5714285714285714
13077170408,45,125,0.36
13077170501,75,245,0.30612244897959184
13077170502,25,160,0.15625
13077170503,15,100,0.15
13077170603,15,110,0.13636363636363635
13077170604,185,525,0.3523809523809524
13077170605,245,640,0.3828125
13077170606,105,290,0.3620689655172414
13077170607,0,15,0
13077170701,90,460,0.1956521739130435
13077170702,245,385,0.6363636363636364
13077170801,65,245,0.2653061224489796
13077170802,34,145,0.23448275862068965
13079070100,73,325,0.2246153846153846
13079070201,30,135,0.2222222222222222
13079070202,10,39,0.2564102564102564
13081010100,380,705,0.5390070921985816
13081010201,270,580,0.46551724137931033
13081010202,130,390,0.3333333333333333
13081010300,145,285,0.5087719298245614
13081010400,365,615,0.5934959349593496
13081010500,4,89,0.0449438202247191
13083040102,70,370,0.1891891891891892
13083040103,40,275,0.14545454545454545
13083040104,35,330,0.10606060606060606
13083040200,70,195,0.358974358974359
13083040300,20,70,0.2857142857142857
13085970101,0,0,-
13085970102,140,325,0.4307692307692308
13085970103,0,170,0
13085970203,0,40,0
13085970204,55,440,0.125
13085970205,130,140,0.9285714285714286
13085970206,49,149,0.3288590604026846
13087970100,84,170,0.49411764705882355
13087970200,80,205,0.3902439024390244
13087970301,95,250,0.38
13087970302,110,300,0.36666666666666664
13087970400,305,680,0.4485294117647059
13087970600,155,465,0.3333333333333333
13087970700,15,64,0.234375
13087970800,105,170,0.6176470588235294
13089020100,25,40,0.625
13089020200,50,150,0.3333333333333333
13089020300,25,70,0.35714285714285715
13089020400,25,120,0.20833333333333334
13089020500,85,345,0.2463768115942029
13089020600,115,250,0.46
13089020700,274,440,0.6227272727272727
13089020801,44,64,0.6875
13089020802,60,310,0.1935483870967742
13089020901,15,275,0.05454545454545454
13089020902,180,345,0.5217391304347826
13089021101,14,69,0.2028985507246377
13089021103,155,265,0.5849056603773585
13089021104,0,185,0
13089021204,430,645,0.6666666666666666
13089021208,190,375,0.5066666666666667
13089021210,0,0,-
13089021211,4,4,1
13089021213,0,0,-
13089021217,64,140,0.45714285714285713
13089021219,45,45,1
13089021220,80,115,0.6956521739130435
13089021221,70,385,0.18181818181818182
13089021222,300,990,0.30303030303030304
13089021223,100,100,1
13089021224,760,1050,0.7238095238095238
13089021225,115,530,0.2169811320754717
13089021226,145,470,0.30851063829787234
13089021227,300,485,0.6185567010309279
13089021228,0,0,-
13089021229,0,0,-
13089021230,235,265,0.8867924528301887
13089021301,430,760,0.5657894736842105
13089021305,305,645,0.4728682170542636
13089021306,299,750,0.39866666666666667
13089021307,135,275,0.4909090909090909
13089021308,240,525,0.45714285714285713
13089021309,215,325,0.6615384615384615
13089021310,148,455,0.3252747252747253
13089021405,65,160,0.40625
13089021409,240,595,0.40336134453781514
13089021410,240,715,0.3356643356643357
13089021411,190,350,0.5428571428571428
13089021412,20,34,0.5882352941176471
13089021415,120,190,0.631578947368421
13089021416,110,195,0.5641025641025641
13089021417,370,950,0.3894736842105263
13089021418,350,550,0.6363636363636364
13089021419,245,345,0.7101449275362319
13089021420,105,350,0.3
13089021421,130,340,0.38235294117647056
13089021502,200,540,0.37037037037037035
13089021503,345,580,0.5948275862068966
13089021505,305,465,0.6559139784946236
13089021506,170,330,0.5151515151515151
13089021602,75,345,0.21739130434782608
13089021604,0,20,0
13089021606,225,460,0.4891304347826087
13089021607,14,254,0.05511811023622047
13089021608,165,505,0.32673267326732675
13089021609,60,115,0.5217391304347826
13089021703,40,85,0.47058823529411764
13089021707,10,10,1
13089021708,89,250,0.356
13089021709,210,340,0.6176470588235294
13089021710,60,75,0.8
13089021711,140,225,0.6222222222222222
13089021712,280,630,0.4444444444444444
13089021808,180,255,0.7058823529411765
13089021812,119,235,0.5063829787234042
13089021813,225,740,0.30405405405405406
13089021815,570,1075,0.5302325581395348
13089021816,60,150,0.4
13089021817,0,10,0
13089021818,105,215,0.4883720930232558
13089021819,0,25,0
13089021820,65,380,0.17105263157894737
13089021821,0,20,0
13089021822,75,240,0.3125
13089021823,70,300,0.23333333333333334
13089021824,140,305,0.45901639344262296
13089021906,185,570,0.32456140350877194
13089021908,230,1110,0.2072072072072072
13089021910,335,855,0.391812865497076
13089021911,310,830,0.37349397590361444
13089021912,0,15,0
13089021913,670,1530,0.43790849673202614
13089021914,465,785,0.5923566878980892
13089021915,0,25,0
13089021916,235,740,0.31756756756756754
13089021917,335,745,0.44966442953020136
13089022001,160,315,0.5079365079365079
13089022005,360,825,0.43636363636363634
13089022007,320,730,0.4383561643835616
13089022010,105,160,0.65625
13089022011,620,1075,0.5767441860465117
13089022012,230,590,0.3898305084745763
13089022013,255,730,0.3493150684931507
13089022014,185,535,0.34579439252336447
13089022015,119,155,0.7677419354838709
13089022016,134,335,0.4
13089022100,180,660,0.2727272727272727
13089022203,240,340,0.7058823529411765
13089022205,135,425,0.3176470588235294
13089022206,140,350,0.4
13089022302,125,375,0.3333333333333333
13089022303,75,270,0.2777777777777778
13089022304,265,475,0.5578947368421052
13089022401,235,315,0.746031746031746
13089022403,15,15,1
13089022404,290,575,0.5043478260869565
13089022405,99,150,0.66
13089022501,170,520,0.3269230769230769
13089022502,35,70,0.5
13089022601,190,660,0.2878787878787879
13089022602,25,30,0.8333333333333334
13089022700,70,180,0.3888888888888889
13089022800,55,115,0.4782608695652174
13089022900,50,215,0.23255813953488372
13089023000,40,125,0.32
13089023101,260,460,0.5652173913043478
13089023102,220,635,0.3464566929133858
13089023107,205,390,0.5256410256410257
13089023108,355,880,0.4034090909090909
13089023111,125,185,0.6756756756756757
13089023112,410,1470,0.2789115646258503
13089023113,425,825,0.5151515151515151
13089023114,230,355,0.647887323943662
13089023115,0,0,-
13089023209,90,210,0.42857142857142855
13089023211,45,465,0.0967741935483871
13089023212,90,330,0.2727272727272727
13089023213,455,970,0.4690721649484536
13089023214,400,895,0.44692737430167595
13089023215,135,360,0.375
13089023216,95,490,0.19387755102040816
13089023217,55,290,0.1896551724137931
13089023218,390,910,0.42857142857142855
13089023219,100,155,0.6451612903225806
13089023220,60,160,0.375
13089023221,155,390,0.3974358974358974
13089023222,265,820,0.3231707317073171
13089023311,135,360,0.375
13089023313,115,305,0.3770491803278688
13089023315,75,160,0.46875
13089023317,245,710,0.34507042253521125
13089023318,25,80,0.3125
13089023319,325,575,0.5652173913043478
13089023320,770,1120,0.6875
13089023321,205,760,0.26973684210526316
13089023322,210,430,0.4883720930232558
13089023323,25,54,0.46296296296296297
13089023324,0,15,0
13089023325,0,20,0
13089023326,45,300,0.15
13089023327,225,705,0.3191489361702128
13089023328,190,555,0.34234234234234234
13089023329,0,135,0
13089023330,0,15,0
13089023331,25,400,0.0625
13089023332,10,145,0.06896551724137931
13089023410,275,850,0.3235294117647059
13089023411,175,500,0.35
13089023413,0,39,0
13089023422,190,310,0.6129032258064516
13089023424,115,210,0.5476190476190477
13089023425,125,285,0.43859649122807015
13089023426,95,290,0.3275862068965517
13089023427,110,140,0.7857142857142857
13089023429,235,830,0.28313253012048195
13089023430,575,935,0.6149732620320856
13089023431,150,345,0.43478260869565216
13089023432,0,150,0
13089023433,155,410,0.3780487804878049
13089023434,0,135,0
13089023435,270,665,0.40601503759398494
13089023436,0,95,0
13089023437,45,110,0.4090909090909091
13089023438,145,485,0.29896907216494845
13089023439,205,605,0.33884297520661155
13089023440,365,645,0.5658914728682171
13089023441,40,225,0.17777777777777778
13089023442,10,145,0.06896551724137931
13089023443,0,75,0
13089023444,105,170,0.6176470588235294
13089023445,25,165,0.15151515151515152
13089023446,25,290,0.08620689655172414
13089023447,60,60,1
13089023448,60,365,0.1643835616438356
13089023501,254,520,0.48846153846153845
13089023504,275,660,0.4166666666666667
13089023505,155,280,0.5535714285714286
13089023506,320,585,0.5470085470085471
13089023507,70,300,0.23333333333333334
13089023601,75,230,0.32608695652173914
13089023602,100,175,0.5714285714285714
13089023603,200,625,0.32
13089023701,125,275,0.45454545454545453
13089023702,330,740,0.44594594594594594
13089023801,30,190,0.15789473684210525
13089023802,220,470,0.46808510638297873
13089023803,244,450,0.5422222222222223
13089980000,0,0,-
13091960100,24,165,0.14545454545454545
13091960200,90,130,0.6923076923076923
13091960301,160,460,0.34782608695652173
13091960302,40,155,0.25806451612903225
13091960400,44,475,0.09263157894736843
13091960500,29,80,0.3625
13091960600,50,155,0.3225806451612903
13093970100,75,295,0.2542372881355932
13093970200,45,130,0.34615384615384615
13093970300,255,595,0.42857142857142855
13095000101,280,740,0.3783783783783784
13095000102,170,415,0.40963855421686746
13095000200,345,665,0.518796992481203
13095000400,495,665,0.7443609022556391
13095000501,60,290,0.20689655172413793
13095000502,125,205,0.6097560975609756
13095000600,245,540,0.4537037037037037
13095000700,145,215,0.6744186046511628
13095000800,135,350,0.38571428571428573
13095000900,160,340,0.47058823529411764
13095001000,215,410,0.524390243902439
13095001100,330,680,0.4852941176470588
13095001403,190,480,0.3958333333333333
13095001500,355,545,0.6513761467889908
13095010302,645,1020,0.6323529411764706
13095010401,185,230,0.8043478260869565
13095010402,135,510,0.2647058823529412
13095010403,10,95,0.10526315789473684
13095010500,25,105,0.23809523809523808
13095010601,275,490,0.5612244897959183
13095010602,190,375,0.5066666666666667
13095010701,229,545,0.42018348623853213
13095010702,125,230,0.5434782608695652
13095010900,89,115,0.7739130434782608
13095011000,190,260,0.7307692307692307
13095011200,130,320,0.40625
13095011300,110,335,0.3283582089552239
13095011400,114,295,0.3864406779661017
13095011600,14,70,0.2
13097080104,665,1210,0.5495867768595041
13097080105,95,165,0.5757575757575758
13097080106,155,485,0.31958762886597936
13097080107,150,1315,0.11406844106463879
13097080201,179,324,0.5524691358024691
13097080203,200,555,0.36036036036036034
13097080204,135,375,0.36
13097080303,200,505,0.39603960396039606
13097080304,295,1220,0.24180327868852458
13097080305,95,350,0.2714285714285714
13097080306,115,480,0.23958333333333334
13097080307,50,315,0.15873015873015872
13097080403,49,95,0.5157894736842106
13097080405,0,20,0
13097080406,0,85,0
13097080407,160,310,0.5161290322580645
13097080408,80,265,0.3018867924528302
13097080505,110,390,0.28205128205128205
13097080506,125,285,0.43859649122807015
13097080507,30,190,0.15789473684210525
13097080508,224,430,0.5209302325581395
13097080509,45,100,0.45
13097080512,65,105,0.6190476190476191
13097080513,155,155,1
13097080514,0,50,0
13097080515,60,70,0.8571428571428571
13097080602,115,435,0.26436781609195403
13097080605,210,370,0.5675675675675675
13097080606,54,139,0.38848920863309355
13097080607,0,35,0
13097080608,240,260,0.9230769230769231
13099090100,35,90,0.3888888888888889
13099090200,240,425,0.5647058823529412
13099090300,10,75,0.13333333333333333
13099090400,70,300,0.23333333333333334
13099090500,35,150,0.23333333333333334
13101880100,40,100,0.4
13101880200,35,205,0.17073170731707318
13103030100,0,80,0
13103030204,100,255,0.39215686274509803
13103030205,55,255,0.21568627450980393
13103030206,0,100,0
13103030207,40,140,0.2857142857142857
13103030208,0,29,0
13103030209,15,100,0.15
13103030301,55,125,0.44
13103030303,39,59,0.6610169491525424
13103030306,65,235,0.2765957446808511
13103030307,15,365,0.0410958904109589
13103030308,70,285,0.24561403508771928
13103030309,80,195,0.41025641025641024
13103030401,70,155,0.45161290322580644
13103030403,20,230,0.08695652173913043
13103030404,0,0,-
13105000100,130,215,0.6046511627906976
13105000200,4,34,0.11764705882352941
13105000300,25,175,0.14285714285714285
13105000400,220,475,0.4631578947368421
13105000501,0,25,0
13105000502,205,540,0.37962962962962965
13107970101,30,290,0.10344827586206896
13107970102,89,125,0.712
13107970200,25,104,0.2403846153846154
13107970300,205,550,0.37272727272727274
13107970401,190,569,0.3339191564147627
13107970402,40,120,0.3333333333333333
13107970500,10,95,0.10526315789473684
13107970601,120,275,0.43636363636363634
13107970602,30,225,0.13333333333333333
13109970100,39,134,0.291044776119403
13109970200,200,300,0.6666666666666666
13109970300,110,420,0.2619047619047619
13111050100,25,120,0.20833333333333334
13111050200,115,450,0.25555555555555554
13111050300,0,40,0
13111050400,150,770,0.19480519480519481
13111050500,0,170,0
13113140102,15,145,0.10344827586206896
13113140103,0,45,0
13113140104,0,0,-
13113140203,15,125,0.12
13113140204,115,295,0.3898305084745763
13113140206,115,175,0.6571428571428571
13113140207,175,355,0.49295774647887325
13113140209,45,45,1
13113140210,0,15,0
13113140303,35,160,0.21875
13113140304,90,115,0.782608695652174
13113140305,10,29,0.3448275862068966
13113140307,0,0,-
13113140308,75,150,0.5
13113140309,260,545,0.47706422018348627
13113140403,19,55,0.34545454545454546
13113140404,250,385,0.6493506493506493
13113140405,25,35,0.7142857142857143
13113140406,85,285,0.2982456140350877
13113140408,20,20,1
13113140409,0,15,0
13113140410,205,505,0.40594059405940597
13113140501,20,20,1
13113140502,4,74,0.05405405405405406
13115000100,140,330,0.42424242424242425
13115000202,35,180,0.19444444444444445
13115000203,40,235,0.1702127659574468
13115000204,25,335,0.07462686567164178
13115000300,40,180,0.2222222222222222
13115000401,100,230,0.43478260869565216
13115000402,0,35,0
13115000403,170,280,0.6071428571428571
13115000500,250,655,0.3816793893129771
13115000600,255,690,0.3695652173913043
13115000700,30,155,0.1935483870967742
13115000800,45,115,0.391304347826087
13115000900,70,295,0.23728813559322035
13115001100,195,760,0.2565789473684211
13115001200,139,410,0.33902439024390246
13115001301,210,254,0.8267716535433071
13115001302,70,325,0.2153846153846154
13115001400,135,330,0.4090909090909091
13115001600,235,560,0.41964285714285715
13115001703,60,220,0.2727272727272727
13115001704,55,165,0.3333333333333333
13115001705,225,525,0.42857142857142855
13115001706,0,140,0
13115001800,270,615,0.43902439024390244
13115002000,70,275,0.2545454545454545
13115002100,190,660,0.2878787878787879
13117130101,40,60,0.6666666666666666
13117130102,25,70,0.35714285714285715
13117130103,20,190,0.10526315789473684
13117130104,0,45,0
13117130105,45,220,0.20454545454545456
13117130201,35,120,0.2916666666666667
13117130202,10,55,0.18181818181818182
13117130203,70,300,0.23333333333333334
13117130204,4,134,0.029850746268656716
13117130205,94,150,0.6266666666666667
13117130301,10,55,0.18181818181818182
13117130302,0,15,0
13117130303,0,4,0
13117130304,0,14,0
13117130305,10,10,1
13117130306,15,35,0.42857142857142855
13117130307,115,160,0.71875
13117130406,90,365,0.2465753424657534
13117130409,185,339,0.5457227138643068
13117130410,260,635,0.4094488188976378
13117130411,4,59,0.06779661016949153
13117130412,65,125,0.52
13117130413,189,445,0.4247191011235955
13117130414,4,4,1
13117130415,35,44,0.7954545454545454
13117130503,34,75,0.4533333333333333
13117130504,35,145,0.2413793103448276
13117130505,29,64,0.453125
13117130506,25,160,0.15625
13117130507,20,110,0.18181818181818182
13117130508,0,10,0
13117130509,10,180,0.05555555555555555
13117130511,65,280,0.23214285714285715
13117130512,0,0,-
13117130601,105,180,0.5833333333333334
13117130602,305,410,0.7439024390243902
13117130603,290,395,0.7341772151898734
13117130604,0,20,0
13117130605,4,40,0.1
13117130606,100,205,0.4878048780487805
13117130607,30,65,0.46153846153846156
13117130608,4,34,0.11764705882352941
13117130609,60,190,0.3157894736842105
13117130610,10,35,0.2857142857142857
13117130611,20,30,0.6666666666666666
13117130613,160,315,0.5079365079365079
13117130614,215,290,0.7413793103448276
13117130615,0,10,0
13119890101,80,490,0.16326530612244897
13119890103,10,75,0.13333333333333333
13119890104,40,80,0.5
13119890201,15,90,0.16666666666666666
13119890202,35,130,0.2692307692307692
13119890300,0,165,0
13119890401,10,95,0.10526315789473684
13119890402,164,465,0.35268817204301073
13121000100,235,245,0.9591836734693877
13121000201,0,0,-
13121000202,40,105,0.38095238095238093
13121000400,15,95,0.15789473684210525
13121000501,185,460,0.40217391304347827
13121000502,45,135,0.3333333333333333
13121000601,290,625,0.464
13121000602,580,790,0.7341772151898734
13121000700,40,94,0.425531914893617
13121001001,110,180,0.6111111111111112
13121001002,160,280,0.5714285714285714
13121001101,25,50,0.5
13121001102,280,320,0.875
13121001203,160,785,0.20382165605095542
13121001204,60,150,0.4
13121001205,210,265,0.7924528301886793
13121001206,250,295,0.847457627118644
13121001301,505,560,0.9017857142857143
13121001302,70,265,0.2641509433962264
13121001400,60,180,0.3333333333333333
13121001501,330,475,0.6947368421052632
13121001502,185,330,0.5606060606060606
13121001600,65,175,0.37142857142857144
13121001701,85,295,0.288135593220339
13121001702,100,230,0.43478260869565216
13121001801,225,1005,0.22388059701492538
13121001802,100,445,0.2247191011235955
13121001901,0,150,0
13121001902,165,360,0.4583333333333333
13121002100,120,270,0.4444444444444444
13121002300,145,330,0.4393939393939394
13121002400,340,655,0.5190839694656488
13121002500,335,860,0.38953488372093026
13121002600,220,385,0.5714285714285714
13121002801,185,345,0.5362318840579711
13121002802,215,475,0.45263157894736844
13121002900,105,255,0.4117647058823529
13121003000,145,170,0.8529411764705882
13121003100,130,370,0.35135135135135137
13121003200,45,65,0.6923076923076923
13121003500,145,370,0.3918918918918919
13121003600,95,259,0.3667953667953668
13121003700,20,145,0.13793103448275862
13121003800,125,220,0.5681818181818182
13121003900,119,350,0.34
13121004000,219,555,0.3945945945945946
13121004100,65,235,0.2765957446808511
13121004200,210,1015,0.20689655172413793
13121004300,70,275,0.2545454545454545
13121004400,370,1170,0.3162393162393162
13121004800,164,585,0.28034188034188035
13121004900,189,260,0.7269230769230769
13121005000,119,355,0.3352112676056338
13121005200,105,175,0.6
13121005300,95,195,0.48717948717948717
13121005501,145,585,0.24786324786324787
13121005503,285,495,0.5757575757575758
13121005504,95,200,0.475
13121005700,155,440,0.3522727272727273
13121005800,49,160,0.30625
13121006000,225,610,0.36885245901639346
13121006100,275,520,0.5288461538461539
13121006200,34,245,0.13877551020408163
13121006300,124,335,0.3701492537313433
13121006400,75,190,0.39473684210526316
13121006500,260,495,0.5252525252525253
13121006601,110,195,0.5641025641025641
13121006602,90,255,0.35294117647058826
13121006701,335,665,0.5037593984962406
13121006702,180,355,0.5070422535211268
13121006801,0,0,-
13121006802,220,440,0.5
13121006900,145,410,0.35365853658536583
13121007001,325,790,0.41139240506329117
13121007002,215,515,0.4174757281553398
13121007100,245,475,0.5157894736842106
13121007200,140,315,0.4444444444444444
13121007301,450,970,0.4639175257731959
13121007302,160,790,0.20253164556962025
13121007400,370,1000,0.37
13121007500,455,875,0.52
13121007602,230,490,0.46938775510204084
13121007603,960,1720,0.5581395348837209
13121007604,265,1005,0.263681592039801
13121007703,320,625,0.512
13121007705,430,1445,0.2975778546712803
13121007707,150,255,0.5882352941176471
13121007708,185,655,0.2824427480916031
13121007709,235,265,0.8867924528301887
13121007710,855,1255,0.6812749003984063
13121007711,135,385,0.35064935064935066
13121007805,190,1030,0.18446601941747573
13121007806,290,875,0.3314285714285714
13121007807,325,610,0.5327868852459017
13121007808,445,1035,0.42995169082125606
13121007809,230,315,0.7301587301587301
13121007810,220,1050,0.20952380952380953
13121007900,75,265,0.2830188679245283
13121008000,435,745,0.5838926174496645
13121008103,300,1230,0.24390243902439024
13121008104,195,640,0.3046875
13121008202,390,535,0.7289719626168224
13121008203,300,895,0.33519553072625696
13121008204,235,510,0.46078431372549017
13121008301,120,530,0.22641509433962265
13121008302,115,275,0.41818181818181815
13121008400,205,650,0.3153846153846154
13121008500,175,295,0.5932203389830508
13121008601,685,1290,0.5310077519379846
13121008602,150,365,0.410958904109589
13121008701,265,985,0.26903553299492383
13121008702,70,515,0.13592233009708737
13121008801,65,115,0.5652173913043478
13121008802,50,155,0.3225806451612903
13121008903,135,295,0.4576271186440678
13121008905,165,550,0.3
13121008906,0,50,0
13121008907,35,135,0.25925925925925924
13121008908,250,365,0.684931506849315
13121008909,20,70,0.2857142857142857
13121009001,160,560,0.2857142857142857
13121009002,0,0,-
13121009103,75,245,0.30612244897959184
13121009104,135,290,0.46551724137931033
13121009105,0,0,-
13121009106,85,360,0.2361111111111111
13121009201,230,510,0.45098039215686275
13121009202,135,300,0.45
13121009203,30,550,0.05454545454545454
13121009301,35,225,0.15555555555555556
13121009302,205,295,0.6949152542372882
13121009405,660,925,0.7135135135135136
13121009406,195,240,0.8125
13121009407,15,70,0.21428571428571427
13121009408,175,580,0.3017241379310345
13121009409,210,325,0.6461538461538462
13121009410,50,95,0.5263157894736842
13121009411,0,40,0
13121009501,15,50,0.3
13121009503,80,425,0.18823529411764706
13121009504,240,290,0.8275862068965517
13121009601,95,245,0.3877551020408163
13121009604,205,305,0.6721311475409836
13121009605,205,505,0.40594059405940597
13121009606,15,15,1
13121009607,340,435,0.7816091954022989
13121009700,0,0,-
13121009802,140,225,0.6222222222222222
13121009803,90,325,0.27692307692307694
13121009804,0,0,-
13121009900,75,115,0.6521739130434783
13121010003,180,270,0.6666666666666666
13121010004,0,0,-
13121010005,0,0,-
13121010006,285,530,0.5377358490566038
13121010007,0,15,0
13121010106,80,315,0.25396825396825395
13121010107,0,0,-
13121010108,235,280,0.8392857142857143
13121010115,95,140,0.6785714285714286
13121010117,365,750,0.4866666666666667
13121010120,105,225,0.4666666666666667
13121010121,44,120,0.36666666666666664
13121010124,255,535,0.4766355140186916
13121010125,145,365,0.3972602739726027
13121010126,55,195,0.28205128205128205
13121010127,55,170,0.3235294117647059
13121010128,290,580,0.5
13121010129,260,400,0.65
13121010130,215,265,0.8113207547169812
13121010131,105,205,0.5121951219512195
13121010132,290,570,0.5087719298245614
13121010133,345,400,0.8625
13121010134,75,295,0.2542372881355932
13121010135,265,425,0.6235294117647059
13121010136,165,275,0.6
13121010137,95,265,0.3584905660377358
13121010204,10,20,0.5
13121010211,35,49,0.7142857142857143
13121010212,575,765,0.7516339869281046
13121010213,65,175,0.37142857142857144
13121010214,100,490,0.20408163265306123
13121010215,25,55,0.45454545454545453
13121010216,130,170,0.7647058823529411
13121010217,80,130,0.6153846153846154
13121010218,0,394,0
13121010219,75,265,0.2830188679245283
13121010220,135,355,0.38028169014084506
13121010221,55,140,0.39285714285714285
13121010222,15,25,0.6
13121010223,0,0,-
13121010305,115,210,0.5476190476190477
13121010306,4,115,0.034782608695652174
13121010307,25,115,0.21739130434782608
13121010308,50,50,1
13121010309,160,215,0.7441860465116279
13121010310,0,0,-
13121010311,60,60,1
13121010312,55,130,0.4230769230769231
13121010313,115,385,0.2987012987012987
13121010314,0,30,0
13121010315,0,505,0
13121010401,150,455,0.32967032967032966
13121010402,90,135,0.6666666666666666
13121010508,45,110,0.4090909090909091
13121010517,185,235,0.7872340425531915
13121010518,150,260,0.5769230769230769
13121010519,165,500,0.33
13121010520,200,630,0.31746031746031744
13121010521,50,135,0.37037037037037035
13121010522,425,855,0.49707602339181284
13121010523,40,220,0.18181818181818182
13121010524,60,625,0.096
13121010525,215,915,0.23497267759562843
13121010526,260,450,0.5777777777777777
13121010527,420,870,0.4827586206896552
13121010528,655,1030,0.6359223300970874
13121010529,135,275,0.4909090909090909
13121010530,110,285,0.38596491228070173
13121010531,60,60,1
13121010532,415,415,1
13121010533,335,520,0.6442307692307693
13121010534,305,630,0.48412698412698413
13121010535,0,95,0
13121010536,60,220,0.2727272727272727
13121010537,25,55,0.45454545454545453
13121010538,84,265,0.3169811320754717
13121010539,135,215,0.627906976744186
13121010540,0,130,0
13121010601,195,615,0.3170731707317073
13121010603,285,795,0.3584905660377358
13121010604,465,845,0.5502958579881657
13121010801,75,330,0.22727272727272727
13121010802,125,380,0.32894736842105265
13121011000,160,420,0.38095238095238093
13121011100,125,305,0.4098360655737705
13121011202,265,680,0.3897058823529412
13121011203,115,235,0.48936170212765956
13121011204,135,280,0.48214285714285715
13121011301,125,235,0.5319148936170213
13121011306,245,525,0.4666666666666667
13121011307,600,1370,0.43795620437956206
13121011308,95,440,0.2159090909090909
13121011309,310,565,0.5486725663716814
13121011310,295,1120,0.26339285714285715
13121011416,0,30,0
13121011417,280,350,0.8
13121011419,70,145,0.4827586206896552
13121011421,320,695,0.460431654676259
13121011422,25,145,0.1724137931034483
13121011423,135,144,0.9375
13121011424,50,140,0.35714285714285715
13121011426,35,65,0.5384615384615384
13121011428,0,15,0
13121011429,35,150,0.23333333333333334
13121011430,255,1040,0.24519230769230768
13121011431,80,205,0.3902439024390244
13121011432,195,555,0.35135135135135137
13121011433,0,0,-
13121011434,0,95,0
13121011435,220,350,0.6285714285714286
13121011436,0,0,-
13121011437,95,175,0.5428571428571428
13121011438,155,515,0.30097087378640774
13121011439,55,75,0.7333333333333333
13121011440,25,105,0.23809523809523808
13121011441,180,210,0.8571428571428571
13121011442,145,190,0.7631578947368421
13121011443,155,225,0.6888888888888889
13121011444,0,20,0
13121011445,25,40,0.625
13121011446,0,0,-
13121011505,0,0,-
13121011507,0,0,-
13121011508,0,0,-
13121011509,45,45,1
13121011510,0,0,-
13121011511,0,40,0
13121011512,4,29,0.13793103448275862
13121011513,0,15,0
13121011514,0,45,0
13121011515,0,0,-
13121011612,0,0,-
13121011618,280,370,0.7567567567567568
13121011624,0,0,-
13121011627,85,285,0.2982456140350877
13121011628,65,180,0.3611111111111111
13121011629,0,0,-
13121011630,55,165,0.3333333333333333
13121011631,150,630,0.23809523809523808
13121011632,115,175,0.6571428571428571
13121011633,0,50,0
13121011634,160,210,0.7619047619047619
13121011635,55,55,1
13121011636,85,185,0.4594594594594595
13121011637,30,30,1
13121011638,30,155,0.1935483870967742
13121011639,100,175,0.5714285714285714
13121011640,140,250,0.56
13121011641,0,0,-
13121011642,150,150,1
13121011643,390,820,0.47560975609756095
13121011644,75,210,0.35714285714285715
13121011645,45,45,1
13121011646,200,445,0.449438202247191
13121011647,275,490,0.5612244897959183
13121011648,0,30,0
13121011649,30,75,0.4
13121011650,115,190,0.6052631578947368
13121011651,45,60,0.75
13121011652,130,270,0.48148148148148145
13121011653,0,0,-
13121011654,60,135,0.4444444444444444
13121011655,25,45,0.5555555555555556
13121011656,0,0,-
13121011657,0,0,-
13121011658,95,195,0.48717948717948717
13121011659,65,165,0.3939393939393939
13121011660,185,235,0.7872340425531915
13121011661,0,0,-
13121011801,35,140,0.25
13121011802,170,380,0.4473684210526316
13121011901,289,560,0.5160714285714286
13121011902,210,440,0.4772727272727273
13121012000,815,1370,0.5948905109489051
13121012300,95,715,0.13286713286713286
13121980000,0,0,-
13123080100,19,190,0.1
13123080200,130,295,0.4406779661016949
13123080301,70,260,0.2692307692307692
13123080302,135,535,0.2523364485981308
13123080401,0,250,0
13123080402,50,160,0.3125
13123080403,15,75,0.2
13123080500,40,245,0.16326530612244897
13125010100,75,200,0.375
13127000101,50,90,0.5555555555555556
13127000103,55,165,0.3333333333333333
13127000104,4,35,0.11428571428571428
13127000201,15,60,0.25
13127000202,65,75,0.8666666666666667
13127000301,0,20,0
13127000302,10,30,0.3333333333333333
13127000303,0,0,-
13127000403,34,145,0.23448275862068965
13127000405,45,140,0.32142857142857145
13127000406,0,140,0
13127000407,55,145,0.3793103448275862
13127000408,15,70,0.21428571428571427
13127000409,25,35,0.7142857142857143
13127000501,250,740,0.33783783783783783
13127000503,265,650,0.4076923076923077
13127000504,204,450,0.4533333333333333
13127000601,90,605,0.1487603305785124
13127000602,0,70,0
13127000701,70,320,0.21875
13127000702,335,710,0.47183098591549294
13127000800,245,965,0.2538860103626943
13127000900,395,830,0.4759036144578313
13127001001,50,240,0.20833333333333334
13127001002,40,210,0.19047619047619047
13127990000,0,0,-
13129970101,0,60,0
13129970102,4,225,0.017777777777777778
13129970201,24,135,0.17777777777777778
13129970202,95,110,0.8636363636363636
13129970301,305,685,0.44525547445255476
13129970302,165,520,0.3173076923076923
13129970400,255,585,0.4358974358974359
13129970500,134,360,0.37222222222222223
13129970601,80,480,0.16666666666666666
13129970602,225,685,0.3284671532846715
13129970700,65,210,0.30952380952380953
13129970801,25,50,0.5
13129970802,0,10,0
13129970901,15,50,0.3
13129970902,23,90,0.25555555555555554
13131950100,39,180,0.21666666666666667
13131950200,4,90,0.044444444444444446
13131950300,195,455,0.42857142857142855
13131950401,95,245,0.3877551020408163
13131950402,195,720,0.2708333333333333
13131950501,0,20,0
13131950502,170,305,0.5573770491803278
13131950600,10,125,0.08
13133950100,15,80,0.1875
13133950200,65,200,0.325
13133950301,30,40,0.75
13133950302,4,55,0.07272727272727272
13133950304,10,125,0.08
13133950305,185,510,0.3627450980392157
13133950400,54,120,0.45
13133950500,4,50,0.08
13135050105,200,495,0.40404040404040403
13135050110,285,320,0.890625
13135050111,35,130,0.2692307692307692
13135050112,65,210,0.30952380952380953
13135050113,105,275,0.38181818181818183
13135050114,35,120,0.2916666666666667
13135050115,85,285,0.2982456140350877
13135050116,0,0,-
13135050117,0,60,0
13135050118,45,155,0.2903225806451613
13135050119,45,205,0.21951219512195122
13135050120,0,20,0
13135050121,40,60,0.6666666666666666
13135050205,195,380,0.5131578947368421
13135050215,115,365,0.3150684931506849
13135050218,140,375,0.37333333333333335
13135050219,125,310,0.4032258064516129
13135050221,80,435,0.1839080459770115
13135050222,244,800,0.305
13135050223,245,615,0.3983739837398374
13135050224,145,165,0.8787878787878788
13135050225,150,480,0.3125
13135050226,145,330,0.4393939393939394
13135050227,0,15,0
13135050228,265,550,0.4818181818181818
13135050229,240,690,0.34782608695652173
13135050230,215,500,0.43
13135050231,315,550,0.5727272727272728
13135050232,20,20,1
13135050233,60,145,0.41379310344827586
13135050234,35,170,0.20588235294117646
13135050235,35,35,1
13135050236,165,295,0.559322033898305
13135050237,10,45,0.2222222222222222
13135050238,270,320,0.84375
13135050239,15,25,0.6
13135050240,0,0,-
13135050241,0,0,-
13135050242,0,0,-
13135050243,30,30,1
13135050244,0,0,-
13135050306,150,410,0.36585365853658536
13135050308,0,0,-
13135050311,0,20,0
13135050315,675,1445,0.4671280276816609
13135050317,465,1105,0.42081447963800905
13135050318,305,665,0.45864661654135336
13135050321,10,50,0.2
13135050322,10,10,1
13135050323,0,20,0
13135050324,310,760,0.40789473684210525
13135050325,150,205,0.7317073170731707
13135050326,260,570,0.45614035087719296
13135050327,180,380,0.47368421052631576
13135050328,150,435,0.3448275862068966
13135050329,250,435,0.5747126436781609
13135050330,135,270,0.5
13135050331,150,380,0.39473684210526316
13135050332,230,710,0.323943661971831
13135050333,430,950,0.45263157894736844
13135050334,115,530,0.2169811320754717
13135050335,225,335,0.6716417910447762
13135050336,40,40,1
13135050415,85,130,0.6538461538461539
13135050416,30,215,0.13953488372093023
13135050425,0,40,0
13135050427,65,75,0.8666666666666667
13135050430,205,445,0.4606741573033708
13135050433,175,365,0.4794520547945205
13135050435,110,495,0.2222222222222222
13135050437,185,540,0.3425925925925926
13135050438,154,570,0.27017543859649124
13135050439,355,550,0.6454545454545455
13135050440,390,690,0.5652173913043478
13135050441,215,815,0.26380368098159507
13135050442,55,190,0.2894736842105263
13135050443,60,105,0.5714285714285714
13135050444,65,135,0.48148148148148145
13135050445,520,1100,0.4727272727272727
13135050446,345,715,0.4825174825174825
13135050447,150,505,0.297029702970297
13135050448,450,845,0.5325443786982249
13135050449,225,490,0.45918367346938777
13135050450,60,375,0.16
13135050451,240,835,0.2874251497005988
13135050452,230,430,0.5348837209302325
13135050453,265,710,0.3732394366197183
13135050454,70,305,0.22950819672131148
13135050455,150,245,0.6122448979591837
13135050456,770,1365,0.5641025641025641
13135050457,20,40,0.5
13135050458,134,145,0.9241379310344827
13135050459,135,225,0.6
13135050460,265,505,0.5247524752475248
13135050461,0,0,-
13135050462,70,70,1
13135050463,475,1020,0.46568627450980393
13135050464,220,275,0.8
13135050465,0,80,0
13135050466,30,30,1
13135050520,410,1010,0.40594059405940597
13135050521,195,580,0.33620689655172414
13135050522,530,980,0.5408163265306123
13135050526,410,720,0.5694444444444444
13135050528,0,30,0
13135050529,20,225,0.08888888888888889
13135050530,70,150,0.4666666666666667
13135050536,205,440,0.4659090909090909
13135050537,460,955,0.4816753926701571
13135050539,400,735,0.54421768707483
13135050541,515,1275,0.403921568627451
13135050542,635,1360,0.46691176470588236
13135050549,150,280,0.5357142857142857
13135050550,20,235,0.0851063829787234
13135050551,0,65,0
13135050552,65,155,0.41935483870967744
13135050553,0,10,0
13135050554,305,455,0.6703296703296703
13135050555,0,65,0
13135050556,85,335,0.2537313432835821
13135050557,20,205,0.0975609756097561
13135050558,90,110,0.8181818181818182
13135050559,40,170,0.23529411764705882
13135050560,95,95,1
13135050561,240,515,0.46601941747572817
13135050562,495,685,0.7226277372262774
13135050563,10,90,0.1111111111111111
13135050564,420,1040,0.40384615384615385
13135050565,70,140,0.5
13135050566,55,55,1
13135050567,145,250,0.58
13135050568,15,60,0.25
13135050569,505,715,0.7062937062937062
13135050570,10,180,0.05555555555555555
13135050571,170,180,0.9444444444444444
13135050572,80,110,0.7272727272727273
13135050573,0,25,0
13135050574,465,895,0.5195530726256983
13135050575,40,115,0.34782608695652173
13135050576,75,330,0.22727272727272727
13135050577,105,365,0.2876712328767123
13135050578,0,210,0
13135050579,150,260,0.5769230769230769
13135050580,4,129,0.031007751937984496
13135050581,30,270,0.1111111111111111
13135050582,0,0,-
13135050583,65,90,0.7222222222222222
13135050584,0,15,0
13135050585,0,85,0
13135050586,85,85,1
13135050587,115,115,1
13135050588,20,20,1
13135050589,85,105,0.8095238095238095
13135050590,65,185,0.35135135135135137
13135050591,0,30,0
13135050611,0,90,0
13135050612,30,65,0.46153846153846156
13135050613,45,85,0.5294117647058824
13135050614,195,195,1
13135050615,0,70,0
13135050616,0,120,0
13135050617,35,125,0.28
13135050618,0,0,-
13135050619,70,130,0.5384615384615384
13135050620,30,30,1
13135050621,30,30,1
13135050622,35,100,0.35
13135050623,0,0,-
13135050624,30,30,1
13135050625,30,30,1
13135050626,0,35,0
13135050627,95,170,0.5588235294117647
13135050628,0,15,0
13135050629,0,0,-
13135050630,105,150,0.7
13135050631,0,30,0
13135050632,0,0,-
13135050633,200,505,0.39603960396039606
13135050634,95,365,0.2602739726027397
13135050635,0,95,0
13135050636,0,0,-
13135050715,55,125,0.44
13135050719,240,660,0.36363636363636365
13135050722,8,63,0.12698412698412698
13135050725,50,250,0.2
13135050729,145,340,0.4264705882352941
13135050732,135,325,0.4153846153846154
13135050733,79,200,0.395
13135050734,90,185,0.4864864864864865
13135050735,70,200,0.35
13135050736,0,275,0
13135050737,20,20,1
13135050738,0,0,-
13135050739,0,175,0
13135050740,0,35,0
13135050741,30,65,0.46153846153846156
13135050742,55,59,0.9322033898305084
13135050743,60,75,0.8
13135050744,0,95,0
13135050745,0,135,0
13135050746,0,325,0
13135050747,100,275,0.36363636363636365
13135050748,4,4,1
13135050749,20,30,0.6666666666666666
13135050750,20,20,1
13135050751,70,265,0.2641509433962264
13135050752,100,190,0.5263157894736842
13135050753,70,250,0.28
13135050754,115,185,0.6216216216216216
13135050755,30,30,1
13135050756,45,45,1
13135050757,0,95,0
13135050758,150,170,0.8823529411764706
13135050759,10,10,1
13135050760,55,65,0.8461538461538461
13135050761,40,40,1
13135050762,0,40,0
13135050763,0,40,0
13135050764,14,160,0.0875
13135050765,4,39,0.10256410256410256
13137000100,10,95,0.10526315789473684
13137000201,45,145,0.3103448275862069
13137000203,10,40,0.25
13137000204,0,0,-
13137000300,55,350,0.15714285714285714
13137000400,4,94,0.0425531914893617
13137000501,80,80,1
13137000502,60,240,0.25
13137000601,84,160,0.525
13137000603,155,205,0.7560975609756098
13137000604,85,335,0.2537313432835821
13139000101,48,380,0.12631578947368421
13139000102,0,145,0
13139000203,85,135,0.6296296296296297
13139000204,75,135,0.5555555555555556
13139000205,10,40,0.25
13139000206,70,175,0.4
13139000303,95,155,0.6129032258064516
13139000304,45,55,0.8181818181818182
13139000305,55,155,0.3548387096774194
13139000306,10,25,0.4
13139000307,15,230,0.06521739130434782
13139000401,95,295,0.3220338983050847
13139000402,25,50,0.5
13139000501,100,395,0.25316455696202533
13139000502,330,475,0.6947368421052632
13139000601,215,455,0.4725274725274725
13139000602,155,295,0.5254237288135594
13139000702,40,190,0.21052631578947367
13139000703,360,565,0.6371681415929203
13139000704,150,220,0.6818181818181818
13139000800,380,690,0.5507246376811594
13139000901,60,125,0.48
13139000902,245,590,0.4152542372881356
13139001004,135,425,0.3176470588235294
13139001005,0,325,0
13139001006,50,235,0.2127659574468085
13139001007,215,535,0.40186915887850466
13139001008,260,795,0.3270440251572327
13139001101,400,785,0.5095541401273885
13139001102,205,295,0.6949152542372882
13139001202,370,525,0.7047619047619048
13139001203,45,150,0.3
13139001204,85,235,0.3617021276595745
13139001302,20,105,0.19047619047619047
13139001303,85,150,0.5666666666666667
13139001304,150,265,0.5660377358490566
13139001402,35,150,0.23333333333333334
13139001404,160,480,0.3333333333333333
13139001405,69,215,0.3209302325581395
13139001406,140,210,0.6666666666666666
13139001501,20,230,0.08695652173913043
13139001502,90,175,0.5142857142857142
13139001603,55,105,0.5238095238095238
13139001605,44,60,0.7333333333333333
13139001606,160,270,0.5925925925925926
13139001607,145,245,0.5918367346938775
13139001609,0,0,-
13139001610,60,90,0.6666666666666666
13139001611,0,20,0
13139001612,0,0,-
13141480300,35,64,0.546875
13141480400,115,610,0.1885245901639344
13143010100,135,245,0.5510204081632653
13143010201,10,410,0.024390243902439025
13143010202,45,49,0.9183673469387755
13143010301,105,270,0.3888888888888889
13143010303,85,155,0.5483870967741935
13143010304,80,275,0.2909090909090909
13143010401,65,165,0.3939393939393939
13143010402,145,325,0.4461538461538462
13145120198,59,250,0.236
13145120200,35,105,0.3333333333333333
13145120301,8,65,0.12307692307692308
13145120302,45,95,0.47368421052631576
13145120401,15,15,1
13145120403,0,0,-
13145120404,15,80,0.1875
13147960101,15,15,1
13147960102,0,55,0
13147960103,60,240,0.25
13147960200,30,140,0.21428571428571427
13147960300,80,305,0.26229508196721313
13147960401,40,300,0.13333333333333333
13147960402,180,325,0.5538461538461539
13147960501,15,84,0.17857142857142858
13147960502,0,20,0
13147960503,210,375,0.56
13149970100,170,635,0.2677165354330709
13149970200,74,175,0.4228571428571429
13149970300,35,265,0.1320754716981132
13151070109,35,200,0.175
13151070113,95,480,0.19791666666666666
13151070114,345,1285,0.26848249027237353
13151070115,200,240,0.8333333333333334
13151070116,0,145,0
13151070117,0,235,0
13151070118,10,50,0.2
13151070119,430,905,0.47513812154696133
13151070120,75,99,0.7575757575757576
13151070121,20,145,0.13793103448275862
13151070122,25,70,0.35714285714285715
13151070123,230,1010,0.22772277227722773
13151070124,0,0,-
13151070125,0,135,0
13151070126,94,150,0.6266666666666667
13151070127,40,119,0.33613445378151263
13151070128,50,265,0.18867924528301888
13151070204,0,120,0
13151070206,35,35,1
13151070207,0,80,0
13151070208,80,130,0.6153846153846154
13151070209,0,15,0
13151070210,0,20,0
13151070211,50,280,0.17857142857142858
13151070212,55,335,0.16417910447761194
13151070213,0,0,-
13151070214,0,0,-
13151070215,0,50,0
13151070216,0,85,0
13151070307,50,125,0.4
13151070310,85,110,0.7727272727272727
13151070312,55,160,0.34375
13151070313,45,80,0.5625
13151070314,0,25,0
13151070315,65,140,0.4642857142857143
13151070316,20,80,0.25
13151070317,340,700,0.4857142857142857
13151070318,100,205,0.4878048780487805
13151070319,60,135,0.4444444444444444
13151070320,0,185,0
13151070321,0,0,-
13151070322,185,565,0.3274336283185841
13151070323,170,720,0.2361111111111111
13151070324,310,555,0.5585585585585585
13151070325,185,255,0.7254901960784313
13151070405,60,225,0.26666666666666666
13151070406,70,155,0.45161290322580644
13151070407,0,35,0
13151070408,0,0,-
13151070409,15,15,1
13151070410,55,114,0.4824561403508772
13151070411,105,370,0.28378378378378377
13151070412,90,285,0.3157894736842105
13151070503,165,450,0.36666666666666664
13151070504,25,105,0.23809523809523808
13151070505,160,230,0.6956521739130435
13151070506,85,210,0.40476190476190477
13151070507,0,35,0
13151070508,0,0,-
13153020106,24,85,0.2823529411764706
13153020108,235,565,0.415929203539823
13153020110,255,805,0.3167701863354037
13153020111,55,230,0.2391304347826087
13153020112,70,180,0.3888888888888889
13153020113,260,415,0.6265060240963856
13153020200,430,1070,0.40186915887850466
13153020301,60,195,0.3076923076923077
13153020302,260,830,0.3132530120481928
13153020400,320,610,0.5245901639344263
13153020600,54,105,0.5142857142857142
13153020700,290,665,0.43609022556390975
13153020800,115,275,0.41818181818181815
13153020900,180,295,0.6101694915254238
13153021001,110,730,0.1506849315068493
13153021002,95,190,0.5
13153021108,35,165,0.21212121212121213
13153021114,70,70,1
13153021115,65,140,0.4642857142857143
13153021116,185,430,0.43023255813953487
13153021117,50,230,0.21739130434782608
13153021118,150,505,0.297029702970297
13153021119,90,320,0.28125
13153021120,115,325,0.35384615384615387
13153021121,0,20,0
13153021122,0,0,-
13153021123,100,305,0.32786885245901637
13153021124,0,40,0
13153021125,140,200,0.7
13153021203,0,15,0
13153021204,25,180,0.1388888888888889
13153021205,100,250,0.4
13153021206,40,550,0.07272727272727272
13153021300,145,410,0.35365853658536583
13153021401,160,415,0.3855421686746988
13153021402,120,135,0.8888888888888888
13153021501,0,25,0
13153021502,8,129,0.06201550387596899
13155950100,4,100,0.04
13155950201,80,290,0.27586206896551724
13155950202,80,330,0.24242424242424243
13157010104,84,205,0.4097560975609756
13157010105,0,15,0
13157010106,70,195,0.358974358974359
13157010107,0,15,0
13157010108,35,205,0.17073170731707318
13157010109,0,0,-
13157010200,50,230,0.21739130434782608
13157010300,130,465,0.27956989247311825
13157010400,90,480,0.1875
13157010500,70,345,0.2028985507246377
13157010601,85,150,0.5666666666666667
13157010602,50,85,0.5882352941176471
13157010701,105,195,0.5384615384615384
13157010703,35,85,0.4117647058823529
13157010704,0,105,0
13157010705,15,110,0.13636363636363635
13157010706,155,325,0.47692307692307695
13159010100,55,220,0.25
13159010200,50,145,0.3448275862068966
13159010501,25,64,0.390625
13159010502,70,305,0.22950819672131148
13159010503,0,85,0
13161960101,80,255,0.3137254901960784
13161960102,150,495,0.30303030303030304
13161960201,69,380,0.18157894736842106
13161960202,0,145,0
13161960300,10,44,0.22727272727272727
13163960100,168,520,0.3230769230769231
13163960200,8,80,0.1
13163960300,265,615,0.43089430894308944
13163960400,65,275,0.23636363636363636
13165960100,260,510,0.5098039215686274
13165960200,69,125,0.552
13167960100,65,195,0.3333333333333333
13167960201,45,115,0.391304347826087
13167960202,125,250,0.5
13167960300,4,115,0.034782608695652174
13169030101,50,70,0.7142857142857143
13169030103,10,49,0.20408163265306123
13169030105,10,170,0.058823529411764705
13169030106,40,215,0.18604651162790697
13169030200,15,65,0.23076923076923078
13169030303,0,170,0
13169030304,135,170,0.7941176470588235
13169030305,220,315,0.6984126984126984
13169030306,25,110,0.22727272727272727
13171970100,100,310,0.3225806451612903
13171970201,130,265,0.49056603773584906
13171970202,30,125,0.24
13171970300,80,590,0.13559322033898305
13173950100,45,130,0.34615384615384615
13173950201,300,720,0.4166666666666667
13173950202,35,219,0.1598173515981735
13175950100,20,135,0.14814814814814814
13175950201,95,380,0.25
13175950202,55,155,0.3548387096774194
13175950300,59,150,0.3933333333333333
13175950400,320,780,0.41025641025641024
13175950500,120,300,0.4
13175950600,24,65,0.36923076923076925
13175950700,89,155,0.5741935483870968
13175950800,125,370,0.33783783783783783
13175950900,165,820,0.20121951219512196
13175951001,0,155,0
13175951002,150,435,0.3448275862068966
13175951100,140,275,0.509090909090909
13175951400,39,105,0.37142857142857144
13177020101,60,70,0.8571428571428571
13177020102,20,65,0.3076923076923077
13177020200,39,115,0.3391304347826087
13177020301,39,155,0.25161290322580643
13177020302,25,185,0.13513513513513514
13177020403,24,49,0.4897959183673469
13177020404,145,280,0.5178571428571429
13177020405,145,185,0.7837837837837838
13179010101,215,915,0.23497267759562843
13179010102,25,80,0.3125
13179010103,79,219,0.3607305936073059
13179010202,195,545,0.3577981651376147
13179010204,245,415,0.5903614457831325
13179010205,180,495,0.36363636363636365
13179010206,245,685,0.35766423357664234
13179010207,335,665,0.5037593984962406
13179010208,185,420,0.44047619047619047
13179010301,120,160,0.75
13179010302,390,745,0.5234899328859061
13179010401,74,245,0.3020408163265306
13179010402,240,340,0.7058823529411765
13179010501,60,195,0.3076923076923077
13179010503,50,90,0.5555555555555556
13179010504,14,100,0.14
13179010600,45,185,0.24324324324324326
13179990000,0,0,-
13181970100,135,410,0.32926829268292684
13181970200,60,280,0.21428571428571427
13183970101,80,315,0.25396825396825395
13183970102,55,490,0.11224489795918367
13183970201,129,255,0.5058823529411764
13183970202,35,335,0.1044776119402985
13183980000,0,0,-
13185010101,235,450,0.5222222222222223
13185010102,135,360,0.375
13185010103,0,150,0
13185010201,20,105,0.19047619047619047
13185010203,70,179,0.39106145251396646
13185010204,0,75,0
13185010301,100,300,0.3333333333333333
13185010302,20,40,0.5
13185010401,60,205,0.2926829268292683
13185010403,90,295,0.3050847457627119
13185010404,260,945,0.2751322751322751
13185010500,425,885,0.480225988700565
13185010601,315,1400,0.225
13185010604,85,184,0.46195652173913043
13185010700,70,160,0.4375
13185010801,245,710,0.34507042253521125
13185010802,190,355,0.5352112676056338
13185010900,165,400,0.4125
13185011000,115,485,0.23711340206185566
13185011100,120,465,0.25806451612903225
13185011200,365,725,0.503448275862069
13185011301,684,1385,0.49386281588447656
13185011302,220,580,0.3793103448275862
13185011401,39,89,0.43820224719101125
13185011402,60,215,0.27906976744186046
13185011404,164,245,0.6693877551020408
13185011405,60,595,0.10084033613445378
13185011500,24,140,0.17142857142857143
13185011600,145,370,0.3918918918918919
13187960103,0,130,0
13187960104,0,155,0
13187960105,140,210,0.6666666666666666
13187960106,90,160,0.5625
13187960203,80,210,0.38095238095238093
13187960204,440,725,0.6068965517241379
13187960205,100,330,0.30303030303030304
13187960206,60,220,0.2727272727272727
13189950100,0,65,0
13189950200,135,655,0.20610687022900764
13189950300,85,310,0.27419354838709675
13189950401,35,95,0.3684210526315789
13189950402,115,390,0.2948717948717949
13189950500,54,220,0.24545454545454545
13191110101,0,10,0
13191110102,15,95,0.15789473684210525
13191110103,30,35,0.8571428571428571
13191110201,4,185,0.021621621621621623
13191110202,15,180,0.08333333333333333
13191110300,35,270,0.12962962962962962
13191980000,0,0,-
13191990000,0,0,-
13193000100,100,280,0.35714285714285715
13193000200,29,140,0.20714285714285716
13193000300,160,405,0.3950617283950617
13193000400,135,390,0.34615384615384615
13195020100,205,475,0.43157894736842106
13195020200,70,145,0.4827586206896552
13195020300,29,510,0.056862745098039215
13195020400,75,145,0.5172413793103449
13195020501,20,80,0.25
13195020502,170,545,0.3119266055045872
13195020600,25,110,0.22727272727272727
13197920100,50,120,0.4166666666666667
13197920200,55,440,0.125
13199970501,25,485,0.05154639175257732
13199970502,29,215,0.13488372093023257
13199970600,110,405,0.2716049382716049
13199970701,35,215,0.16279069767441862
13199970702,59,245,0.24081632653061225
13199970801,145,295,0.4915254237288136
13199970802,10,185,0.05405405405405406
13201950100,30,124,0.24193548387096775
13201950200,39,220,0.17727272727272728
13201950300,95,120,0.7916666666666666
13205090100,55,165,0.3333333333333333
13205090200,85,335,0.2537313432835821
13205090300,194,395,0.4911392405063291
13205090401,0,8,0
13205090402,265,340,0.7794117647058824
13205090501,185,500,0.37
13205090502,50,170,0.29411764705882354
13207050101,60,130,0.46153846153846156
13207050102,260,405,0.6419753086419753
13207050200,145,685,0.2116788321167883
13207050301,14,40,0.35
13207050302,0,170,0
13209950100,24,44,0.5454545454545454
13209950200,120,455,0.26373626373626374
13209950300,19,75,0.25333333333333335
13211010100,30,58,0.5172413793103449
13211010200,19,255,0.07450980392156863
13211010301,74,255,0.2901960784313726
13211010302,20,225,0.08888888888888889
13211010400,30,49,0.6122448979591837
13211010500,25,79,0.31645569620253167
13213010100,15,145,0.10344827586206896
13213010201,44,89,0.4943820224719101
13213010203,45,45,1
13213010204,90,195,0.46153846153846156
13213010300,150,285,0.5263157894736842
13213010401,150,380,0.39473684210526316
13213010402,20,195,0.10256410256410256
13213010500,25,165,0.15151515151515152
13213010600,24,355,0.0676056338028169
13213010700,160,655,0.24427480916030533
13215000200,14,125,0.112
13215000300,134,250,0.536
13215000400,120,225,0.5333333333333333
13215000800,215,425,0.5058823529411764
13215000900,95,420,0.2261904761904762
13215001000,105,265,0.39622641509433965
13215001100,60,60,1
13215001200,330,650,0.5076923076923077
13215001400,220,470,0.46808510638297873
13215001600,410,950,0.43157894736842106
13215001800,230,365,0.6301369863013698
13215002000,210,440,0.4772727272727273
13215002100,195,340,0.5735294117647058
13215002200,260,515,0.5048543689320388
13215002300,145,355,0.4084507042253521
13215002400,85,400,0.2125
13215002500,110,260,0.4230769230769231
13215002700,170,495,0.3434343434343434
13215002800,150,390,0.38461538461538464
13215002901,265,430,0.6162790697674418
13215002902,175,520,0.33653846153846156
13215003000,405,750,0.54
13215003200,290,645,0.4496124031007752
13215003301,40,100,0.4
13215003302,164,315,0.5206349206349207
13215003400,210,440,0.4772727272727273
13215010106,125,485,0.25773195876288657
13215010108,290,635,0.4566929133858268
13215010109,120,210,0.5714285714285714
13215010110,0,10,0
13215010111,0,35,0
13215010204,175,345,0.5072463768115942
13215010205,100,250,0.4
13215010206,70,110,0.6363636363636364
13215010207,30,30,1
13215010208,245,520,0.47115384615384615
13215010209,25,140,0.17857142857142858
13215010301,10,20,0.5
13215010303,55,140,0.39285714285714285
13215010304,75,155,0.4838709677419355
13215010401,100,315,0.31746031746031744
13215010402,155,625,0.248
13215010501,250,620,0.4032258064516129
13215010502,145,350,0.4142857142857143
13215010602,310,430,0.7209302325581395
13215010605,60,305,0.19672131147540983
13215010606,4,4,1
13215010607,229,520,0.4403846153846154
13215010608,155,275,0.5636363636363636
13215010701,190,425,0.4470588235294118
13215010702,145,280,0.5178571428571429
13215010704,65,340,0.19117647058823528
13215010705,80,200,0.4
13215010801,55,200,0.275
13215010802,180,390,0.46153846153846156
13215011100,250,400,0.625
13215011200,155,400,0.3875
13215011400,149,285,0.5228070175438596
13215011500,440,700,0.6285714285714286
13217100101,14,105,0.13333333333333333
13217100102,15,175,0.08571428571428572
13217100202,19,48,0.3958333333333333
13217100203,95,210,0.4523809523809524
13217100204,49,85,0.5764705882352941
13217100301,345,595,0.5798319327731093
13217100302,130,345,0.37681159420289856
13217100400,130,315,0.4126984126984127
13217100503,110,430,0.2558139534883721
13217100504,435,995,0.4371859296482412
13217100505,95,95,1
13217100506,145,520,0.27884615384615385
13217100507,0,145,0
13217100600,449,730,0.6150684931506849
13217100701,630,935,0.6737967914438503
13217100702,195,530,0.36792452830188677
13217100801,60,485,0.12371134020618557
13217100802,150,380,0.39473684210526316
13217100902,205,310,0.6612903225806451
13217100903,290,430,0.6744186046511628
13217100904,75,190,0.39473684210526316
13217100905,75,270,0.2777777777777778
13219030101,0,65,0
13219030102,0,50,0
13219030103,4,185,0.021621621621621623
13219030104,20,150,0.13333333333333333
13219030201,45,80,0.5625
13219030202,75,285,0.2631578947368421
13219030300,60,169,0.35502958579881655
13219030401,0,0,-
13219030402,40,220,0.18181818181818182
13219030500,15,45,0.3333333333333333
13219030600,0,54,0
13221960100,4,80,0.05
13221960203,145,325,0.4461538461538462
13221960204,50,85,0.5882352941176471
13221960205,14,120,0.11666666666666667
13221960206,69,250,0.276
13221960300,4,43,0.09302325581395349
13223120104,15,70,0.21428571428571427
13223120105,20,105,0.19047619047619047
13223120106,0,55,0
13223120107,35,460,0.07608695652173914
13223120108,30,340,0.08823529411764706
13223120109,25,64,0.390625
13223120110,0,75,0
13223120111,20,195,0.10256410256410256
13223120203,55,140,0.39285714285714285
13223120205,15,95,0.15789473684210525
13223120206,125,260,0.4807692307692308
13223120207,25,70,0.35714285714285715
13223120208,179,400,0.4475
13223120301,155,480,0.3229166666666667
13223120303,0,45,0
13223120304,0,0,-
13223120305,230,640,0.359375
13223120306,245,360,0.6805555555555556
13223120307,60,410,0.14634146341463414
13223120401,50,480,0.10416666666666667
13223120402,0,30,0
13223120403,255,595,0.42857142857142855
13223120503,40,135,0.2962962962962963
13223120504,0,40,0
13223120505,25,215,0.11627906976744186
13223120506,0,70,0
13223120507,155,270,0.5740740740740741
13223120601,55,285,0.19298245614035087
13223120603,40,330,0.12121212121212122
13223120604,0,29,0
13223120605,75,135,0.5555555555555556
13223120606,45,100,0.45
13223120607,0,130,0
13225040101,19,34,0.5588235294117647
13225040103,99,325,0.3046153846153846
13225040104,0,430,0
13225040105,0,195,0
13225040200,185,400,0.4625
13225040301,25,180,0.1388888888888889
13225040302,85,485,0.17525773195876287
13225040400,145,690,0.21014492753623187
13227050101,0,20,0
13227050102,30,30,1
13227050201,345,485,0.711340206185567
13227050202,15,265,0.05660377358490566
13227050300,75,250,0.3
13227050400,110,230,0.4782608695652174
13227050500,95,355,0.2676056338028169
13227050601,34,145,0.23448275862068965
13227050602,25,25,1
13229960100,50,145,0.3448275862068966
13229960200,0,34,0
13229960301,65,245,0.2653061224489796
13229960302,30,105,0.2857142857142857
13229960401,20,240,0.08333333333333333
13229960402,0,180,0
13231010101,45,105,0.42857142857142855
13231010102,30,160,0.1875
13231010200,30,115,0.2608695652173913
13231010300,40,150,0.26666666666666666
13231010400,34,135,0.2518518518518518
13233010100,140,485,0.28865979381443296
13233010201,170,340,0.5
13233010202,0,65,0
13233010300,150,315,0.47619047619047616
13233010400,195,670,0.291044776119403
13233010500,315,715,0.4405594405594406
13233010600,145,230,0.6304347826086957
13233010700,305,655,0.46564885496183206
13235950100,14,18,0.7777777777777778
13235950201,445,695,0.6402877697841727
13235950202,30,140,0.21428571428571427
13235950300,0,35,0
13237960101,155,220,0.7045454545454546
13237960103,125,235,0.5319148936170213
13237960104,55,150,0.36666666666666664
13237960201,15,110,0.13636363636363635
13237960203,55,290,0.1896551724137931
13237960204,135,330,0.4090909090909091
13237960301,0,145,0
13237960302,10,55,0.18181818181818182
13239960300,25,100,0.25
13241970101,60,100,0.6
13241970102,280,288,0.9722222222222222
13241970103,80,170,0.47058823529411764
13241970201,50,250,0.2
13241970202,155,305,0.5081967213114754
13241970302,25,55,0.45454545454545453
13241970303,75,150,0.5
13241970304,4,10,0.4
13243790100,39,135,0.28888888888888886
13243790200,155,935,0.1657754010695187
13245000100,185,425,0.43529411764705883
13245000200,159,645,0.24651162790697675
13245000300,95,220,0.4318181818181818
13245000600,410,605,0.6776859504132231
13245000700,130,410,0.3170731707317073
13245001000,130,380,0.34210526315789475
13245001100,4,110,0.03636363636363636
13245001200,490,870,0.5632183908045977
13245001300,70,175,0.4
13245001400,124,245,0.5061224489795918
13245001602,119,225,0.5288888888888889
13245001603,160,340,0.47058823529411764
13245001604,105,650,0.16153846153846155
13245010101,50,175,0.2857142857142857
13245010104,250,460,0.5434782608695652
13245010105,155,425,0.36470588235294116
13245010107,135,285,0.47368421052631576
13245010108,15,325,0.046153846153846156
13245010109,95,295,0.3220338983050847
13245010201,30,110,0.2727272727272727
13245010203,275,670,0.41044776119402987
13245010205,185,185,1
13245010206,260,470,0.5531914893617021
13245010207,0,30,0
13245010208,10,165,0.06060606060606061
13245010300,515,1080,0.47685185185185186
13245010400,545,815,0.6687116564417178
13245010506,655,1145,0.5720524017467249
13245010507,275,515,0.5339805825242718
13245010508,275,780,0.3525641025641026
13245010509,300,590,0.5084745762711864
13245010510,310,735,0.4217687074829932
13245010511,175,310,0.5645161290322581
13245010512,140,490,0.2857142857142857
13245010513,195,330,0.5909090909090909
13245010514,275,530,0.5188679245283019
13245010515,175,595,0.29411764705882354
13245010601,175,420,0.4166666666666667
13245010602,180,560,0.32142857142857145
13245010706,190,385,0.4935064935064935
13245010707,65,170,0.38235294117647056
13245010708,150,475,0.3157894736842105
13245010709,100,270,0.37037037037037035
13245010710,370,625,0.592
13245010711,125,255,0.49019607843137253
13245010713,135,270,0.5
13245010714,120,120,1
13245010801,115,340,0.3382352941176471
13245010802,45,85,0.5294117647058824
13245010903,50,185,0.2702702702702703
13245010904,90,295,0.3050847457627119
13245010905,115,250,0.46
13245010907,65,80,0.8125
13245010908,130,150,0.8666666666666667
13245011000,294,900,0.32666666666666666
13245011100,145,455,0.31868131868131866
13247060101,25,85,0.29411764705882354
13247060103,0,55,0
13247060104,115,125,0.92
13247060201,215,370,0.581081081081081
13247060203,200,405,0.49382716049382713
13247060204,90,205,0.43902439024390244
13247060305,280,840,0.3333333333333333
13247060306,15,40,0.375
13247060310,229,555,0.4126126126126126
13247060311,25,180,0.1388888888888889
13247060312,0,0,-
13247060313,0,225,0
13247060314,160,450,0.35555555555555557
13247060315,170,395,0.43037974683544306
13247060316,285,905,0.3149171270718232
13247060317,150,355,0.4225352112676056
13247060318,175,870,0.20114942528735633
13247060403,55,60,0.9166666666666666
13247060406,90,195,0.46153846153846156
13247060407,49,75,0.6533333333333333
13247060408,24,160,0.15
13247060409,20,60,0.3333333333333333
13247060410,20,210,0.09523809523809523
13247060411,0,0,-
13249960100,89,240,0.37083333333333335
13249960200,15,55,0.2727272727272727
13251970200,8,70,0.11428571428571428
13251970300,50,180,0.2777777777777778
13251970401,55,185,0.2972972972972973
13251970402,80,360,0.2222222222222222
13251970500,35,90,0.3888888888888889
13251970600,64,125,0.512
13253200100,10,110,0.09090909090909091
13253200200,310,535,0.5794392523364486
13253200300,10,95,0.10526315789473684
13255160101,55,325,0.16923076923076924
13255160102,4,45,0.08888888888888889
13255160201,15,110,0.13636363636363635
13255160202,0,80,0
13255160300,195,505,0.38613861386138615
13255160401,85,340,0.25
13255160402,225,625,0.36
13255160500,170,820,0.2073170731707317
13255160600,45,150,0.3
13255160701,90,970,0.09278350515463918
13255160702,0,65,0
13255160800,540,1165,0.463519313304721
13255160900,133,595,0.2235294117647059
13255161000,270,500,0.54
13255161100,134,315,0.4253968253968254
13255161201,0,55,0
13255161202,250,660,0.3787878787878788
13257970101,195,425,0.4588235294117647
13257970102,80,205,0.3902439024390244
13257970201,0,160,0
13257970202,20,20,1
13257970301,64,500,0.128
13257970302,80,425,0.18823529411764706
13257970401,20,100,0.2
13257970402,10,155,0.06451612903225806
13259950100,24,195,0.12307692307692308
13259950400,50,295,0.1694915254237288
13261950100,10,70,0.14285714285714285
13261950200,185,575,0.3217391304347826
13261950300,260,585,0.4444444444444444
13261950400,119,190,0.6263157894736842
13261950500,44,210,0.20952380952380953
13261950600,165,325,0.5076923076923077
13261950700,375,1195,0.3138075313807531
13261950800,10,59,0.1694915254237288
13263960100,19,200,0.095
13263960200,69,235,0.2936170212765957
13263960300,4,80,0.05
13265010200,35,115,0.30434782608695654
13267950100,15,290,0.05172413793103448
13267950202,10,295,0.03389830508474576
13267950203,70,465,0.15053763440860216
13267950204,0,60,0
13267950300,93,220,0.42272727272727273
13267950401,0,165,0
13267950402,105,290,0.3620689655172414
13269950100,0,50,0
13269950200,59,155,0.38064516129032255
13269950301,70,475,0.14736842105263157
13269950302,265,400,0.6625
13271950101,129,520,0.24807692307692308
13271950102,45,50,0.9
13271950103,30,210,0.14285714285714285
13271950200,24,135,0.17777777777777778
13271950500,80,210,0.38095238095238093
13273120200,28,130,0.2153846153846154
13273120300,125,505,0.24752475247524752
13273120400,130,305,0.4262295081967213
13273120500,19,110,0.17272727272727273
13275960100,34,160,0.2125
13275960200,65,240,0.2708333333333333
13275960300,93,170,0.5470588235294118
13275960400,68,159,0.4276729559748428
13275960501,140,425,0.32941176470588235
13275960502,50,135,0.37037037037037035
13275960601,125,195,0.6410256410256411
13275960602,120,480,0.25
13275960701,295,545,0.5412844036697247
13275960702,135,225,0.6
13275960800,270,810,0.3333333333333333
13275960900,155,260,0.5961538461538461
13275961000,40,169,0.23668639053254437
13275961100,35,220,0.1590909090909091
13277960100,19,59,0.3220338983050847
13277960200,19,45,0.4222222222222222
13277960301,165,480,0.34375
13277960302,50,370,0.13513513513513514
13277960401,45,290,0.15517241379310345
13277960402,125,290,0.43103448275862066
13277960500,45,179,0.25139664804469275
13277960601,60,265,0.22641509433962265
13277960602,280,580,0.4827586206896552
13277960700,305,670,0.4552238805970149
13277960800,14,120,0.11666666666666667
13277960900,100,225,0.4444444444444444
13279970101,70,210,0.3333333333333333
13279970102,85,300,0.2833333333333333
13279970201,75,215,0.3488372093023256
13279970202,190,375,0.5066666666666667
13279970301,30,70,0.42857142857142855
13279970302,20,70,0.2857142857142857
13279970400,155,585,0.26495726495726496
13279970500,84,255,0.32941176470588235
13279970600,45,145,0.3103448275862069
13281960100,54,130,0.4153846153846154
13281960200,44,160,0.275
13281960301,85,190,0.4473684210526316
13281960302,0,30,0
13283960100,4,85,0.047058823529411764
13283960200,209,460,0.4543478260869565
13285960101,115,275,0.41818181818181815
13285960102,165,395,0.4177215189873418
13285960201,4,105,0.0380952380952381
13285960202,4,20,0.2
13285960300,104,165,0.6303030303030303
13285960401,180,570,0.3157894736842105
13285960402,155,625,0.248
13285960501,250,470,0.5319148936170213
13285960503,465,795,0.5849056603773585
13285960504,30,55,0.5454545454545454
13285960600,335,605,0.5537190082644629
13285960700,90,460,0.1956521739130435
13285960800,360,735,0.4897959183673469
13285960901,305,930,0.3279569892473118
13285960903,40,70,0.5714285714285714
13285960904,0,25,0
13285961000,155,400,0.3875
13285961100,0,44,0
13287970201,45,345,0.13043478260869565
13287970202,60,140,0.42857142857142855
13287970300,94,200,0.47
13289060101,0,70,0
13289060102,0,100,0
13289060200,29,90,0.32222222222222224
13291000101,80,135,0.5925925925925926
13291000103,0,60,0
13291000104,165,240,0.6875
13291000201,65,160,0.40625
13291000203,15,15,1
13291000204,95,260,0.36538461538461536
13291000206,70,215,0.32558139534883723
13291000207,14,425,0.03294117647058824
13293010100,15,115,0.13043478260869565
13293010201,285,510,0.5588235294117647
13293010202,55,140,0.39285714285714285
13293010300,95,165,0.5757575757575758
13293010401,95,140,0.6785714285714286
13293010402,125,535,0.2336448598130841
13293010500,350,835,0.41916167664670656
13293010600,10,130,0.07692307692307693
13295020101,80,380,0.21052631578947367
13295020102,70,180,0.3888888888888889
13295020200,200,515,0.3883495145631068
13295020301,210,490,0.42857142857142855
13295020302,70,350,0.2
13295020400,35,70,0.5
13295020503,90,310,0.2903225806451613
13295020504,175,250,0.7
13295020505,0,4,0
13295020506,0,90,0
13295020601,75,205,0.36585365853658536
13295020602,100,200,0.5
13295020701,110,470,0.23404255319148937
13295020702,220,775,0.2838709677419355
13295020800,0,280,0
13295020902,8,175,0.045714285714285714
13295020903,15,130,0.11538461538461539
13295020904,0,45,0
13297110101,10,60,0.16666666666666666
13297110102,105,185,0.5675675675675675
13297110200,30,275,0.10909090909090909
13297110301,135,490,0.2755102040816326
13297110302,220,530,0.41509433962264153
13297110400,370,785,0.4713375796178344
13297110503,40,110,0.36363636363636365
13297110504,180,500,0.36
13297110505,45,140,0.32142857142857145
13297110506,50,165,0.30303030303030304
13297110508,45,200,0.225
13297110509,155,255,0.6078431372549019
13297110510,0,75,0
13297110601,35,75,0.4666666666666667
13297110602,105,260,0.40384615384615385
13297110603,80,300,0.26666666666666666
13297110701,90,210,0.42857142857142855
13297110702,240,620,0.3870967741935484
13297110801,150,190,0.7894736842105263
13297110802,0,85,0
13299950100,30,65,0.46153846153846156
13299950200,85,190,0.4473684210526316
13299950300,99,410,0.24146341463414633
13299950400,80,455,0.17582417582417584
13299950500,340,665,0.5112781954887218
13299950600,165,575,0.28695652173913044
13299950700,155,375,0.41333333333333333
13299950801,20,260,0.07692307692307693
13299950802,100,235,0.425531914893617
13299950900,69,315,0.21904761904761905
13301970400,125,390,0.32051282051282054
13301970500,10,155,0.06451612903225806
13303950100,4,38,0.10526315789473684
13303950300,109,465,0.23440860215053763
13303950400,310,570,0.543859649122807
13303950500,84,335,0.2507462686567164
13303950700,99,435,0.22758620689655173
13305970100,30,135,0.2222222222222222
13305970201,15,210,0.07142857142857142
13305970202,245,655,0.37404580152671757
13305970300,75,720,0.10416666666666667
13305970400,34,210,0.1619047619047619
13305970500,115,200,0.575
13305970600,70,200,0.35
13307960100,0,35,0
13307960200,0,84,0
13309780100,4,140,0.02857142857142857
13309780200,85,300,0.2833333333333333
13311950101,4,24,0.16666666666666666
13311950102,10,105,0.09523809523809523
13311950202,4,225,0.017777777777777778
13311950204,0,80,0
13311950205,0,20,0
13311950206,150,485,0.30927835051546393
13311950207,240,370,0.6486486486486487
13311950301,145,160,0.90625
13311950302,55,255,0.21568627450980393
13313000101,120,235,0.5106382978723404
13313000103,40,220,0.18181818181818182
13313000104,14,190,0.07368421052631578
13313000200,95,150,0.6333333333333333
13313000301,200,335,0.5970149253731343
13313000303,135,210,0.6428571428571429
13313000304,20,50,0.4
13313000401,460,1020,0.45098039215686275
13313000402,55,170,0.3235294117647059
13313000501,140,305,0.45901639344262296
13313000502,334,1205,0.27717842323651454
13313000600,19,100,0.19
13313000700,105,210,0.5
13313000801,25,35,0.7142857142857143
13313000802,95,240,0.3958333333333333
13313000900,50,205,0.24390243902439024
13313001000,130,270,0.48148148148148145
13313001100,195,330,0.5909090909090909
13313001200,175,570,0.30701754385964913
13313001300,125,645,0.1937984496124031
13313001400,45,215,0.20930232558139536
13313001500,205,600,0.3416666666666667
13315960100,39,155,0.25161290322580643
13315960200,20,39,0.5128205128205128
13315960300,4,18,0.2222222222222222
13315960400,40,195,0.20512820512820512
13317010101,24,135,0.17777777777777778
13317010102,55,169,0.3254437869822485
13317010301,0,134,0
13317010302,240,570,0.42105263157894735
13319960200,60,130,0.46153846153846156
13319960300,120,275,0.43636363636363634
13319960400,49,110,0.44545454545454544
13321950100,110,195,0.5641025641025641
13321950201,0,0,-
13321950202,270,470,0.574468085106383
13321950400,39,215,0.1813953488372093
13321950500,35,350,0.1
13321950600,15,95,0.15789473684210525
