,2020 Census Tract,Percent of Population Above the Poverty Level
0,13001950100,75.9
1,13001950201,82.3
2,13001950202,73.5
3,13001950301,84.9
4,13001950302,65.8
5,13001950400,81.7
6,13001950500,61.2
7,13003960100,84
8,13003960200,66.4
9,13003960300,77.4
10,13005970100,83.8
11,13005970201,76.2
12,13005970202,68.5
13,13007960100,75.1
14,13007960200,74.7
15,13009970101,98.2
16,13009970102,85.1
17,13009970201,66.7
18,13009970202,87.7
19,13009970301,92.1
20,13009970302,95
21,13009970400,75
22,13009970501,20
23,13009970502,89.7
24,13009970600,70.3
25,13009970701,65.3
26,13009970702,68.7
27,13009970801,93.2
28,13009970802,72.8
29,13011970100,81.1
30,13011970200,87.6
31,13011970300,91.3
32,13011970400,88.4
33,13013180103,91.9
34,13013180104,93.1
35,13013180105,95
36,13013180106,93.6
37,13013180107,93.6
38,13013180108,96
39,13013180203,75
40,13013180204,86.7
41,13013180205,83.3
42,13013180206,92
43,13013180301,90.5
44,13013180302,86.9
45,13013180303,94.9
46,13013180401,94.2
47,13013180402,86.2
48,13013180501,95.1
49,13013180502,86.2
50,13013180503,80.6
51,13015960101,95.1
52,13015960103,99.2
53,13015960104,90.6
54,13015960105,91.2
55,13015960201,94.8
56,13015960202,90.4
57,13015960203,88.9
58,13015960301,97.7
59,13015960302,82.4
60,13015960403,78.1
61,13015960404,84.8
62,13015960405,86.1
63,13015960406,96.1
64,13015960407,91
65,13015960501,80
66,13015960502,90.5
67,13015960601,85.4
68,13015960602,86.7
69,13015960701,76.9
70,13015960702,97.2
71,13015960801,76.6
72,13015960802,77.1
73,13015960804,90.4
74,13015960805,80.3
75,13015960901,93.4
76,13015960902,90.5
77,13015961001,96.2
78,13015961002,90.9
79,13017960100,76
80,13017960200,76.1
81,13017960300,79.7
82,13017960400,61.5
83,13017960501,71.9
84,13017960502,82.1
85,13019970100,75.7
86,13019970200,71.3
87,13019970300,90.4
88,13019970400,77.1
89,13019970500,81.8
90,13019970600,78.4
91,13021010100,33.5
92,13021010200,75.3
93,13021010400,59.6
94,13021010500,43.5
95,13021010800,67.6
96,13021011001,56.7
97,13021011002,80
98,13021011100,31.900000000000006
99,13021011500,39.1
100,13021011701,60.2
101,13021011702,68.1
102,13021011800,86
103,13021011900,91.7
104,13021012000,93.5
105,13021012101,72.4
106,13021012102,89.3
107,13021012200,67.9
108,13021012400,45.8
109,13021012500,61
110,13021012600,80.5
111,13021012700,59.4
112,13021012800,43.7
113,13021012900,59.9
114,13021013101,48.9
115,13021013102,74.2
116,13021013201,60
117,13021013202,52.6
118,13021013302,83.4
119,13021013407,86
120,13021013408,94.6
121,13021013409,89.7
122,13021013411,81.5
123,13021013412,93.1
124,13021013413,96.7
125,13021013502,84.9
126,13021013503,80.2
127,13021013505,92.3
128,13021013506,87
129,13021013603,74.6
130,13021013604,92.1
131,13021013605,93.6
132,13021013607,95.9
133,13021013608,96.3
134,13021013701,74.7
135,13021013702,57.7
136,13021013800,37.2
137,13021013900,77.2
138,13021014000,53.4
139,13023790100,89
140,13023790200,79.6
141,13023790301,76.9
142,13023790302,76.1
143,13025960101,80.8
144,13025960102,67.9
145,13025960201,87.2
146,13025960202,89.3
147,13025960300,88.8
148,13027960200,87.1
149,13027960301,80.1
150,13027960302,65.4
151,13027960400,70.3
152,13027960500,74.3
153,13027960600,86.4
154,13029920101,85.9
155,13029920103,87.7
156,13029920104,98.7
157,13029920301,85.2
158,13029920303,85.2
159,13029920305,94.1
160,13029920307,96.8
161,13029920308,93.5
162,13029980000,-
163,13031110100,85.2
164,13031110201,91.2
165,13031110202,84.1
166,13031110301,86.6
167,13031110302,93.7
168,13031110401,68.7
169,13031110405,53.6
170,13031110406,46.4
171,13031110407,48.2
172,13031110408,51.6
173,13031110500,70.7
174,13031110602,60
175,13031110603,94.7
176,13031110604,73.2
177,13031110701,76.9
178,13031110702,82
179,13031110703,91.4
180,13031110800,78.7
181,13031110901,83.3
182,13031110902,87.1
183,13033950101,93.2
184,13033950102,92.7
185,13033950200,87.1
186,13033950400,77.3
187,13033950500,85.4
188,13033950700,80.7
189,13033950900,77
190,13035150101,84.9
191,13035150102,88.1
192,13035150201,67.1
193,13035150202,91.5
194,13035150300,79.7
195,13037950100,86.4
196,13037950200,68.2
197,13039010100,88
198,13039010201,83.6
199,13039010202,92.7
200,13039010302,73.2
201,13039010303,90.8
202,13039010304,84.7
203,13039010305,91.2
204,13039010403,92.7
205,13039010404,73.3
206,13039010405,88.7
207,13039010406,95.5
208,13039010407,96.1
209,13039010500,86.2
210,13039010602,96
211,13039010603,62.8
212,13039010604,61.2
213,13039990000,-
214,13043950100,68.7
215,13043950200,91.1
216,13043950300,67.4
217,13045910101,93.9
218,13045910103,90.1
219,13045910105,94.5
220,13045910106,71
221,13045910201,97.9
222,13045910202,96.1
223,13045910203,80.7
224,13045910301,72.3
225,13045910302,90.7
226,13045910400,88.5
227,13045910502,39.5
228,13045910503,51.6
229,13045910504,64.9
230,13045910600,84.7
231,13045910704,89.4
232,13045910705,80.4
233,13045910706,96.6
234,13045910707,80.7
235,13045910708,79
236,13045910709,94.4
237,13045910800,76.9
238,13045910900,82
239,13045911001,91.8
240,13045911002,89.7
241,13045911101,67.6
242,13045911102,87.6
243,13045911201,67.9
244,13045911202,91.1
245,13047030100,88.4
246,13047030201,94.6
247,13047030202,86.6
248,13047030303,95
249,13047030304,97
250,13047030305,95.5
251,13047030306,93.6
252,13047030402,94.9
253,13047030403,99.5
254,13047030404,95.2
255,13047030501,80.5
256,13047030502,86.5
257,13047030600,88.1
258,13047030701,91
259,13047030702,84.3
260,13049010101,88.2
261,13049010102,67
262,13049010200,82.3
263,13051000601,71.7
264,13051001100,72.6
265,13051001200,39.3
266,13051002000,58.8
267,13051002100,78.6
268,13051002200,78.5
269,13051002300,78.2
270,13051002600,83.4
271,13051002700,80
272,13051002800,72.4
273,13051002900,95.2
274,13051003000,94.5
275,13051003301,76.1
276,13051003302,91.4
277,13051003400,87.9
278,13051003501,64.3
279,13051003502,74.2
280,13051003601,70.9
281,13051003602,75.7
282,13051003700,83.3
283,13051003800,83.1
284,13051003900,91.5
285,13051004001,89
286,13051004002,81.8
287,13051004100,86.8
288,13051004207,81.4
289,13051004208,84.7
290,13051004209,86.2
291,13051004210,87.4
292,13051004211,93.3
293,13051004212,86.3
294,13051004300,74.9
295,13051004400,63.5
296,13051004500,78.3
297,13051010102,73.8
298,13051010200,84.4
299,13051010502,66
300,13051010503,79.4
301,13051010504,68.7
302,13051010601,89
303,13051010603,84.2
304,13051010701,100
305,13051010702,93.2
306,13051010703,96.1
307,13051010704,97.2
308,13051010705,98.8
309,13051010706,94.2
310,13051010707,100
311,13051010801,92
312,13051010806,91.5
313,13051010807,91.8
314,13051010810,96.5
315,13051010811,93.3
316,13051010812,99.4
317,13051010813,73.6
318,13051010814,96
319,13051010815,97.8
320,13051010816,90.1
321,13051010817,96.7
322,13051010818,63.9
323,13051010819,85.8
324,13051010820,91.9
325,13051010821,95.1
326,13051010901,72.1
327,13051011004,93.1
328,13051011005,95.9
329,13051011006,98
330,13051011007,95.1
331,13051011008,89.2
332,13051011104,96.5
333,13051011107,98.9
334,13051011108,96.9
335,13051011110,97.4
336,13051011111,93.5
337,13051011112,94.4
338,13051011113,99.2
339,13051011114,89.4
340,13051011115,93.8
341,13051011200,73.2
342,13051011300,65.6
343,13051011400,64.6
344,13051011500,90.9
345,13051011600,83.4
346,13051011700,47.6
347,13051011800,67.3
348,13051011900,75.8
349,13051980000,-
350,13051990000,-
351,13053020100,69.7
352,13053020201,100
353,13053020203,88.1
354,13053020205,86.6
355,13053020206,-
356,13055010100,79.5
357,13055010201,87.1
358,13055010202,66.8
359,13055010300,71.8
360,13055010401,85.9
361,13055010402,69.6
362,13055010501,85.3
363,13055010502,77.4
364,13055010600,89.1
365,13057090101,95.2
366,13057090102,88.7
367,13057090103,99.1
368,13057090201,84
369,13057090202,92
370,13057090301,97.4
371,13057090302,98.8
372,13057090303,98.5
373,13057090401,73
374,13057090402,98.1
375,13057090503,90.6
376,13057090504,100
377,13057090505,99
378,13057090506,93.8
379,13057090507,99.3
380,13057090603,92.7
381,13057090604,71.3
382,13057090605,83.9
383,13057090606,93.5
384,13057090703,91.5
385,13057090704,97
386,13057090705,100
387,13057090706,98.6
388,13057090707,75.7
389,13057090708,94.7
390,13057090709,91.1
391,13057090710,99.9
392,13057090805,85.9
393,13057090806,97.1
394,13057090807,94.5
395,13057090808,96.7
396,13057090809,88.6
397,13057090810,94.2
398,13057090905,89.8
399,13057090906,98.8
400,13057090907,96.3
401,13057090908,97.6
402,13057090909,93
403,13057090910,91.7
404,13057090911,98.5
405,13057090912,84.9
406,13057091001,86.8
407,13057091006,97.3
408,13057091007,97.9
409,13057091009,96.9
410,13057091010,96.6
411,13057091011,85.7
412,13057091012,87.5
413,13057091013,85
414,13057091014,82.9
415,13057091101,96.5
416,13057091104,93.1
417,13057091105,91
418,13057091106,94.1
419,13057091107,98.5
420,13057091108,97.9
421,13059000100,18.700000000000003
422,13059000401,68
423,13059000402,23.700000000000003
424,13059000600,52.2
425,13059000900,45.9
426,13059001200,90.7
427,13059001700,87.5
428,13059001800,89.9
429,13059001900,75.4
430,13059002000,89.9
431,13059002100,59.7
432,13059002200,68.3
433,13059030101,32.7
434,13059030102,67.1
435,13059030200,55.3
436,13059130300,84.9
437,13059130400,86.4
438,13059130500,86.6
439,13059130601,80.4
440,13059130602,57.2
441,13059130701,87
442,13059130702,95.1
443,13059140300,83.5
444,13059140400,76.7
445,13059140500,69.4
446,13059140600,90.3
447,13059150300,86.2
448,13059150400,39.3
449,13059150500,60.9
450,13059150600,79.3
451,13059150701,79.6
452,13059150702,98.1
453,13059150800,86.7
454,13059150900,85.2
455,13061960300,74.3
456,13063040202,87.3
457,13063040203,92.5
458,13063040204,84.3
459,13063040302,75.6
460,13063040306,69.2
461,13063040307,90
462,13063040308,79.2
463,13063040309,77.5
464,13063040310,73.4
465,13063040407,87.6
466,13063040409,88.4
467,13063040410,88.5
468,13063040414,66.6
469,13063040416,77.1
470,13063040417,81.1
471,13063040418,71.1
472,13063040419,81.7
473,13063040420,85
474,13063040421,90.4
475,13063040422,64.4
476,13063040423,68.5
477,13063040424,91.7
478,13063040425,70.4
479,13063040426,83.5
480,13063040427,95.4
481,13063040509,89.2
482,13063040510,80.3
483,13063040512,84.6
484,13063040513,89.3
485,13063040518,76.8
486,13063040519,66.7
487,13063040521,71.9
488,13063040522,80.7
489,13063040523,79.5
490,13063040525,79.7
491,13063040527,94.7
492,13063040528,76.5
493,13063040529,85.5
494,13063040530,92
495,13063040531,79.2
496,13063040532,88.8
497,13063040533,87.1
498,13063040534,90.5
499,13063040535,81
500,13063040536,58.8
501,13063040537,95
502,13063040538,80.8
503,13063040606,85.7
504,13063040609,97.1
505,13063040614,98.4
506,13063040615,92.9
507,13063040617,74.1
508,13063040623,87.3
509,13063040624,70
510,13063040625,91.3
511,13063040626,87.9
512,13063040627,85.4
513,13063040628,95
514,13063040629,76
515,13063040630,76.6
516,13063040631,94
517,13063040632,94
518,13063040633,72
519,13063040634,57.3
520,13063040635,80.3
521,13063040636,82.5
522,13063040637,80.8
523,13063040638,91.3
524,13063040639,96.2
525,13063980000,-
526,13065970100,69
527,13065970200,73.4
528,13067030104,78.6
529,13067030107,96.7
530,13067030108,96.4
531,13067030109,92.3
532,13067030110,96.6
533,13067030111,95.8
534,13067030112,94.3
535,13067030113,91.2
536,13067030220,89.4
537,13067030233,97.1
538,13067030235,84.5
539,13067030236,93.7
540,13067030240,97.9
541,13067030241,89.7
542,13067030242,90
543,13067030243,86.6
544,13067030244,99.2
545,13067030245,97.7
546,13067030246,75.2
547,13067030247,84.3
548,13067030248,82.2
549,13067030249,82.4
550,13067030250,97.7
551,13067030251,94.6
552,13067030252,99.6
553,13067030253,97.9
554,13067030254,94.4
555,13067030255,82.3
556,13067030256,97.6
557,13067030257,99.2
558,13067030258,90.3
559,13067030259,79.6
560,13067030260,92
561,13067030261,97
562,13067030262,100
563,13067030263,84.6
564,13067030264,99.4
565,13067030265,100
566,13067030266,100
567,13067030267,99.3
568,13067030268,100
569,13067030269,91.9
570,13067030270,96
571,13067030271,96.3
572,13067030272,88.8
573,13067030273,92.9
574,13067030274,88.6
575,13067030275,72.9
576,13067030276,99.4
577,13067030277,94.4
578,13067030278,87
579,13067030319,92.4
580,13067030322,97.3
581,13067030324,98.9
582,13067030326,97.4
583,13067030327,86.9
584,13067030329,98.9
585,13067030331,98.5
586,13067030332,99.4
587,13067030334,91.4
588,13067030335,94.8
589,13067030337,97.2
590,13067030340,99.6
591,13067030341,94.1
592,13067030342,97.6
593,13067030343,99
594,13067030344,91.8
595,13067030345,94
596,13067030346,88.4
597,13067030347,97.2
598,13067030348,92.6
599,13067030349,90.7
600,13067030350,89.5
601,13067030351,96.3
602,13067030352,93.2
603,13067030353,95.1
604,13067030354,97.5
605,13067030355,89.7
606,13067030356,93.9
607,13067030357,100
608,13067030358,95.7
609,13067030359,95.4
610,13067030360,91.4
611,13067030361,91.7
612,13067030362,95.6
613,13067030363,94.2
614,13067030364,98.1
615,13067030365,95.4
616,13067030366,99.3
617,13067030367,99.3
618,13067030368,97.9
619,13067030369,99.6
620,13067030370,100
621,13067030405,85.6
622,13067030407,90
623,13067030408,98.2
624,13067030409,98.2
625,13067030410,90.9
626,13067030411,83.7
627,13067030412,69.6
628,13067030413,74.2
629,13067030414,69.7
630,13067030505,82.5
631,13067030506,79.5
632,13067030507,91.2
633,13067030508,87.7
634,13067030509,97.4
635,13067030510,93.3
636,13067030511,90.6
637,13067030602,96.5
638,13067030603,92.3
639,13067030604,82.7
640,13067030700,75.7
641,13067030800,86.7
642,13067030906,86.3
643,13067030907,97.2
644,13067030908,88.3
645,13067030909,90.1
646,13067030910,81.2
647,13067030911,77.5
648,13067030912,85.6
649,13067031001,80.5
650,13067031004,87.4
651,13067031005,89.1
652,13067031006,93.2
653,13067031007,85.2
654,13067031101,76.8
655,13067031110,91.9
656,13067031111,95.6
657,13067031112,95.9
658,13067031113,78.7
659,13067031114,87.2
660,13067031115,91.1
661,13067031116,91.8
662,13067031117,96.8
663,13067031118,96.2
664,13067031119,92.7
665,13067031120,92.8
666,13067031121,90
667,13067031122,94.9
668,13067031207,98.6
669,13067031209,97
670,13067031212,99.7
671,13067031213,88
672,13067031214,96.4
673,13067031215,98.6
674,13067031216,96.4
675,13067031217,92.3
676,13067031218,95.9
677,13067031219,95.3
678,13067031220,88.1
679,13067031221,83.9
680,13067031306,92.6
681,13067031308,89.5
682,13067031314,98
683,13067031315,98.1
684,13067031316,89.2
685,13067031317,94.1
686,13067031318,59
687,13067031319,75.1
688,13067031320,87.4
689,13067031321,86.7
690,13067031322,92.4
691,13067031323,98
692,13067031324,85
693,13067031325,96.6
694,13067031409,93.3
695,13067031410,90.3
696,13067031411,84.3
697,13067031412,82.8
698,13067031413,87.2
699,13067031414,93.4
700,13067031415,73.3
701,13067031416,93
702,13067031417,98.3
703,13067031506,85.8
704,13067031507,94.7
705,13067031510,92.5
706,13067031511,92.2
707,13067031512,83.1
708,13067031513,95.4
709,13067031514,98.3
710,13067031515,97.9
711,13067031516,93
712,13067031517,95.4
713,13067031518,81.6
714,13069010100,80.1
715,13069010200,90.7
716,13069010301,84.1
717,13069010302,60.1
718,13069010401,92.7
719,13069010402,76.2
720,13069010500,75.8
721,13069010600,84.9
722,13069010701,74.4
723,13069010702,44.3
724,13069010801,72.6
725,13069010802,74.1
726,13071970101,72.6
727,13071970102,78.7
728,13071970200,80.9
729,13071970301,40.6
730,13071970302,81.2
731,13071970400,74.5
732,13071970500,84.4
733,13071970601,86.5
734,13071970602,65.1
735,13071970702,55.8
736,13071970703,85.6
737,13071970704,83.2
738,13071970800,92.7
739,13071970901,77.4
740,13071970902,71.6
741,13073030103,96.8
742,13073030105,87.6
743,13073030106,95.2
744,13073030107,99.1
745,13073030108,94.2
746,13073030201,94.5
747,13073030202,83
748,13073030203,94.1
749,13073030304,97.9
750,13073030306,90.4
751,13073030307,91.5
752,13073030308,98
753,13073030310,97.9
754,13073030311,96.1
755,13073030312,98.2
756,13073030313,91.2
757,13073030401,96
758,13073030403,92.1
759,13073030404,92
760,13073030503,89.6
761,13073030504,97.6
762,13073030505,87.5
763,13073030507,91
764,13073030508,84.2
765,13073030603,94.2
766,13075960100,81.6
767,13075960200,82.6
768,13075960301,66.2
769,13075960302,82.4
770,13075960400,83.5
771,13077170101,95.8
772,13077170102,90.6
773,13077170200,84
774,13077170303,95.8
775,13077170304,93.3
776,13077170307,84.2
777,13077170308,88.7
778,13077170309,89
779,13077170310,83.3
780,13077170403,92.2
781,13077170404,98.2
782,13077170405,96.5
783,13077170406,93
784,13077170407,63.9
785,13077170408,97.5
786,13077170501,96.2
787,13077170502,93.7
788,13077170503,93.6
789,13077170603,95
790,13077170604,82.9
791,13077170605,69
792,13077170606,95.7
793,13077170607,93.5
794,13077170701,92.1
795,13077170702,92.9
796,13077170801,88
797,13077170802,95.3
798,13079070100,79.5
799,13079070201,89.6
800,13079070202,87.8
801,13081010100,76.2
802,13081010201,68.4
803,13081010202,68.1
804,13081010300,81.6
805,13081010400,69.8
806,13081010500,92.7
807,13083040102,80.4
808,13083040103,94.8
809,13083040104,82.2
810,13083040200,93
811,13083040300,98.4
812,13085970101,89.9
813,13085970102,88.2
814,13085970103,97.9
815,13085970203,97.7
816,13085970204,86
817,13085970205,82.1
818,13085970206,90.1
819,13087970100,83.1
820,13087970200,85.1
821,13087970301,76.8
822,13087970302,71.2
823,13087970400,72.2
824,13087970600,86.6
825,13087970700,81.1
826,13087970800,72.8
827,13089020100,96.5
828,13089020200,91.2
829,13089020300,93.1
830,13089020400,97.7
831,13089020500,89.9
832,13089020600,78
833,13089020700,87.2
834,13089020801,95.9
835,13089020802,89.4
836,13089020901,89.4
837,13089020902,78.4
838,13089021101,94.8
839,13089021103,97.7
840,13089021104,83.7
841,13089021204,62.9
842,13089021208,94
843,13089021210,98.2
844,13089021211,97.7
845,13089021213,99.5
846,13089021217,94.1
847,13089021219,100
848,13089021220,96.5
849,13089021221,95.4
850,13089021222,76.3
851,13089021223,98.2
852,13089021224,83.6
853,13089021225,87.6
854,13089021226,97.1
855,13089021227,99.4
856,13089021228,98.8
857,13089021229,100
858,13089021230,99.6
859,13089021301,74.7
860,13089021305,72.8
861,13089021306,80.4
862,13089021307,77.8
863,13089021308,76.2
864,13089021309,74.3
865,13089021310,78.3
866,13089021405,95.8
867,13089021409,85
868,13089021410,90.7
869,13089021411,94.3
870,13089021412,97.6
871,13089021415,93.7
872,13089021416,97.1
873,13089021417,72.4
874,13089021418,65.2
875,13089021419,91.4
876,13089021420,70.1
877,13089021421,71.3
878,13089021502,90
879,13089021503,84.4
880,13089021505,77
881,13089021506,82.4
882,13089021602,96
883,13089021604,98.5
884,13089021606,90.2
885,13089021607,88.1
886,13089021608,87.4
887,13089021609,99
888,13089021703,96.1
889,13089021707,96.1
890,13089021708,91.4
891,13089021709,95.2
892,13089021710,99.2
893,13089021711,77.4
894,13089021712,86.8
895,13089021808,90.9
896,13089021812,85.5
897,13089021813,82.1
898,13089021815,78.3
899,13089021816,92.6
900,13089021817,96.2
901,13089021818,97.4
902,13089021819,92.9
903,13089021820,94.8
904,13089021821,98.2
905,13089021822,91.7
906,13089021823,96.1
907,13089021824,81.2
908,13089021906,87.3
909,13089021908,90.9
910,13089021910,81.8
911,13089021911,58.6
912,13089021912,90.5
913,13089021913,70.8
914,13089021914,94.3
915,13089021915,96.5
916,13089021916,85.7
917,13089021917,62
918,13089022001,93.5
919,13089022005,82.7
920,13089022007,66.4
921,13089022010,88.6
922,13089022011,79.2
923,13089022012,67.6
924,13089022013,80.1
925,13089022014,53.9
926,13089022015,99.4
927,13089022016,88.7
928,13089022100,77.3
929,13089022203,86.3
930,13089022205,96.3
931,13089022206,96.9
932,13089022302,87
933,13089022303,94.8
934,13089022304,83.3
935,13089022401,92.3
936,13089022403,97.8
937,13089022404,57.6
938,13089022405,80
939,13089022501,75.8
940,13089022502,98.2
941,13089022601,95.7
942,13089022602,99.5
943,13089022700,94.4
944,13089022800,97.7
945,13089022900,94.4
946,13089023000,96.3
947,13089023101,92.1
948,13089023102,85.1
949,13089023107,79
950,13089023108,76.2
951,13089023111,78.5
952,13089023112,77
953,13089023113,74.9
954,13089023114,77
955,13089023115,62.5
956,13089023209,90.1
957,13089023211,90.6
958,13089023212,87.2
959,13089023213,74.1
960,13089023214,90
961,13089023215,74.2
962,13089023216,94.1
963,13089023217,75.8
964,13089023218,68
965,13089023219,84.1
966,13089023220,79
967,13089023221,90.2
968,13089023222,74.6
969,13089023311,83.5
970,13089023313,91.3
971,13089023315,93.7
972,13089023317,51
973,13089023318,97
974,13089023319,91.8
975,13089023320,77.3
976,13089023321,79.7
977,13089023322,98.2
978,13089023323,91.5
979,13089023324,96.8
980,13089023325,95.4
981,13089023326,93
982,13089023327,82.8
983,13089023328,87.6
984,13089023329,82.8
985,13089023330,59.9
986,13089023331,87
987,13089023332,88.6
988,13089023410,72.5
989,13089023411,90.6
990,13089023413,95.1
991,13089023422,80.9
992,13089023424,83.7
993,13089023425,87.8
994,13089023426,92.2
995,13089023427,79.2
996,13089023429,72.1
997,13089023430,66.4
998,13089023431,70.8
999,13089023432,99.9
1000,13089023433,92.2
1001,13089023434,97.3
1002,13089023435,87.3
1003,13089023436,91.2
1004,13089023437,90.2
1005,13089023438,84.6
1006,13089023439,78.4
1007,13089023440,92.3
1008,13089023441,91.9
1009,13089023442,90.2
1010,13089023443,94.8
1011,13089023444,68.2
1012,13089023445,93.7
1013,13089023446,66.2
1014,13089023447,95.3
1015,13089023448,91
1016,13089023501,85.7
1017,13089023504,80.7
1018,13089023505,81
1019,13089023506,75.9
1020,13089023507,83.7
1021,13089023601,84.2
1022,13089023602,80.9
1023,13089023603,79.3
1024,13089023701,90.5
1025,13089023702,75.8
1026,13089023801,87.8
1027,13089023802,88
1028,13089023803,77.8
1029,13089980000,-
1030,13091960100,83
1031,13091960200,74.7
1032,13091960301,77.4
1033,13091960302,80.4
1034,13091960400,70.5
1035,13091960500,91.3
1036,13091960600,87.7
1037,13093970100,84.6
1038,13093970200,84.6
1039,13093970300,70.8
1040,13095000101,45.7
1041,13095000102,75
1042,13095000200,49.6
1043,13095000400,83.1
1044,13095000501,95.1
1045,13095000502,90.1
1046,13095000600,72.7
1047,13095000700,86.4
1048,13095000800,47.4
1049,13095000900,78.8
1050,13095001000,71
1051,13095001100,55.1
1052,13095001403,50
1053,13095001500,51.4
1054,13095010302,64.3
1055,13095010401,92.5
1056,13095010402,80
1057,13095010403,93.4
1058,13095010500,85
1059,13095010601,61.5
1060,13095010602,85
1061,13095010701,55.2
1062,13095010702,59.8
1063,13095010900,68.4
1064,13095011000,81.9
1065,13095011200,56.4
1066,13095011300,74.1
1067,13095011400,55.4
1068,13095011600,90.3
1069,13097080104,76.8
1070,13097080105,93
1071,13097080106,80.9
1072,13097080107,83.9
1073,13097080201,91.6
1074,13097080203,87.2
1075,13097080204,94.9
1076,13097080303,71.4
1077,13097080304,89.8
1078,13097080305,83
1079,13097080306,87.9
1080,13097080307,91.5
1081,13097080403,91.9
1082,13097080405,94.1
1083,13097080406,90.5
1084,13097080407,93
1085,13097080408,83.3
1086,13097080505,82.1
1087,13097080506,87.3
1088,13097080507,90.1
1089,13097080508,74.9
1090,13097080509,93.8
1091,13097080512,84.5
1092,13097080513,88.2
1093,13097080514,95.4
1094,13097080515,83
1095,13097080602,89.6
1096,13097080605,89.9
1097,13097080606,90.6
1098,13097080607,90.4
1099,13097080608,98.6
1100,13099090100,76.3
1101,13099090200,73.9
1102,13099090300,85.7
1103,13099090400,74
1104,13099090500,70.7
1105,13101880100,81.3
1106,13101880200,70.6
1107,13103030100,92.2
1108,13103030204,88.1
1109,13103030205,93.3
1110,13103030206,99.7
1111,13103030207,88.4
1112,13103030208,96.9
1113,13103030209,94.8
1114,13103030301,95.9
1115,13103030303,94
1116,13103030306,79.3
1117,13103030307,90.7
1118,13103030308,93.4
1119,13103030309,92.2
1120,13103030401,95.7
1121,13103030403,87.8
1122,13103030404,91.7
1123,13105000100,82.6
1124,13105000200,87.8
1125,13105000300,79
1126,13105000400,64.7
1127,13105000501,79.8
1128,13105000502,71.2
1129,13107970101,81.6
1130,13107970102,71
1131,13107970200,81.6
1132,13107970300,70.9
1133,13107970401,70.2
1134,13107970402,73.8
1135,13107970500,78.1
1136,13107970601,58.9
1137,13107970602,91.9
1138,13109970100,85.2
1139,13109970200,73.5
1140,13109970300,72.3
1141,13111050100,85.5
1142,13111050200,87.3
1143,13111050300,96.8
1144,13111050400,89.2
1145,13111050500,86.6
1146,13113140102,92.2
1147,13113140103,98.2
1148,13113140104,96.8
1149,13113140203,97.1
1150,13113140204,96.9
1151,13113140206,97.9
1152,13113140207,85.5
1153,13113140209,96.8
1154,13113140210,96.5
1155,13113140303,93.1
1156,13113140304,89.1
1157,13113140305,99.1
1158,13113140307,96
1159,13113140308,98.6
1160,13113140309,94.5
1161,13113140403,98.6
1162,13113140404,94.9
1163,13113140405,95.6
1164,13113140406,92.4
1165,13113140408,98.3
1166,13113140409,89.2
1167,13113140410,83.5
1168,13113140501,97.5
1169,13113140502,94.8
1170,13115000100,78.7
1171,13115000202,91.7
1172,13115000203,96
1173,13115000204,88.2
1174,13115000300,95.2
1175,13115000401,71.4
1176,13115000402,93.2
1177,13115000403,92.3
1178,13115000500,69.6
1179,13115000600,60.2
1180,13115000700,96.1
1181,13115000800,88.9
1182,13115000900,79.4
1183,13115001100,64.4
1184,13115001200,84.3
1185,13115001301,63.1
1186,13115001302,72.8
1187,13115001400,87.5
1188,13115001600,61.4
1189,13115001703,90.4
1190,13115001704,79
1191,13115001705,85.2
1192,13115001706,79.1
1193,13115001800,74.7
1194,13115002000,87.7
1195,13115002100,71.3
1196,13117130101,97.9
1197,13117130102,96
1198,13117130103,90.5
1199,13117130104,89.5
1200,13117130105,85.4
1201,13117130201,93.3
1202,13117130202,98.8
1203,13117130203,91.7
1204,13117130204,93.9
1205,13117130205,93.5
1206,13117130301,95.4
1207,13117130302,97.3
1208,13117130303,98.1
1209,13117130304,99.5
1210,13117130305,98.4
1211,13117130306,89
1212,13117130307,95.8
1213,13117130406,92.7
1214,13117130409,82
1215,13117130410,94.1
1216,13117130411,91.8
1217,13117130412,85.7
1218,13117130413,81.6
1219,13117130414,98.7
1220,13117130415,85
1221,13117130503,91.2
1222,13117130504,97.3
1223,13117130505,98.4
1224,13117130506,95.4
1225,13117130507,97.9
1226,13117130508,97.6
1227,13117130509,96.2
1228,13117130511,96.7
1229,13117130512,98.7
1230,13117130601,94.2
1231,13117130602,84.8
1232,13117130603,98.9
1233,13117130604,97.4
1234,13117130605,92.9
1235,13117130606,98.2
1236,13117130607,98
1237,13117130608,98
1238,13117130609,97.1
1239,13117130610,93.5
1240,13117130611,94.4
1241,13117130613,98.3
1242,13117130614,95.5
1243,13117130615,96.5
1244,13119890101,74.1
1245,13119890103,83.8
1246,13119890104,88.3
1247,13119890201,87.3
1248,13119890202,91.3
1249,13119890300,86.3
1250,13119890401,70.1
1251,13119890402,71
1252,13121000100,92.3
1253,13121000201,98.4
1254,13121000202,93.6
1255,13121000400,96
1256,13121000501,87.4
1257,13121000502,92.8
1258,13121000601,66.2
1259,13121000602,58.1
1260,13121000700,85.2
1261,13121001001,78.6
1262,13121001002,64.9
1263,13121001101,91.3
1264,13121001102,93.4
1265,13121001203,94
1266,13121001204,93.7
1267,13121001205,92.6
1268,13121001206,89.9
1269,13121001301,91
1270,13121001302,70.1
1271,13121001400,92.4
1272,13121001501,92.1
1273,13121001502,91
1274,13121001600,97
1275,13121001701,72.1
1276,13121001702,91.7
1277,13121001801,51.2
1278,13121001802,92.7
1279,13121001901,49.2
1280,13121001902,88.6
1281,13121002100,71.2
1282,13121002300,66.7
1283,13121002400,60.4
1284,13121002500,58.7
1285,13121002600,69.1
1286,13121002801,75.1
1287,13121002802,56.1
1288,13121002900,87
1289,13121003000,97.3
1290,13121003100,88.5
1291,13121003200,95
1292,13121003500,60
1293,13121003600,85.1
1294,13121003700,41.5
1295,13121003800,79.9
1296,13121003900,75
1297,13121004000,72.7
1298,13121004100,89
1299,13121004200,62.6
1300,13121004300,77.6
1301,13121004400,69.3
1302,13121004800,61.4
1303,13121004900,79
1304,13121005000,92.6
1305,13121005200,92
1306,13121005300,94
1307,13121005501,56.1
1308,13121005503,74.5
1309,13121005504,68.8
1310,13121005700,80.9
1311,13121005800,89.4
1312,13121006000,79.3
1313,13121006100,62.4
1314,13121006200,75.5
1315,13121006300,60
1316,13121006400,75.4
1317,13121006500,79.8
1318,13121006601,72.4
1319,13121006602,65.2
1320,13121006701,71.9
1321,13121006702,84.2
1322,13121006801,0
1323,13121006802,16.299999999999997
1324,13121006900,83
1325,13121007001,62.3
1326,13121007002,80.4
1327,13121007100,72.3
1328,13121007200,55.3
1329,13121007301,90.3
1330,13121007302,55.7
1331,13121007400,59.9
1332,13121007500,73.5
1333,13121007602,83.4
1334,13121007603,55.5
1335,13121007604,66.4
1336,13121007703,82.9
1337,13121007705,86.2
1338,13121007707,68.8
1339,13121007708,84.7
1340,13121007709,78.1
1341,13121007710,77.8
1342,13121007711,94.4
1343,13121007805,86.2
1344,13121007806,90.4
1345,13121007807,81.7
1346,13121007808,36.8
1347,13121007809,82.1
1348,13121007810,74.1
1349,13121007900,91.7
1350,13121008000,81.4
1351,13121008103,73.1
1352,13121008104,67.9
1353,13121008202,60.4
1354,13121008203,72.7
1355,13121008204,75
1356,13121008301,58
1357,13121008302,67.6
1358,13121008400,52.7
1359,13121008500,59.8
1360,13121008601,66
1361,13121008602,72.3
1362,13121008701,72.9
1363,13121008702,91
1364,13121008801,96
1365,13121008802,91
1366,13121008903,79.1
1367,13121008905,94.3
1368,13121008906,100
1369,13121008907,91.4
1370,13121008908,73
1371,13121008909,97.6
1372,13121009001,93.3
1373,13121009002,98.7
1374,13121009103,84.9
1375,13121009104,89.1
1376,13121009105,100
1377,13121009106,83.4
1378,13121009201,59.9
1379,13121009202,88
1380,13121009203,86.7
1381,13121009301,89.3
1382,13121009302,95.2
1383,13121009405,88.8
1384,13121009406,90.6
1385,13121009407,92.3
1386,13121009408,79.6
1387,13121009409,80.2
1388,13121009410,90.6
1389,13121009411,90.6
1390,13121009501,97.2
1391,13121009503,84.2
1392,13121009504,88.7
1393,13121009601,95.7
1394,13121009604,86.6
1395,13121009605,90.1
1396,13121009606,97.2
1397,13121009607,93.7
1398,13121009700,97.5
1399,13121009802,95.7
1400,13121009803,96.1
1401,13121009804,100
1402,13121009900,95.7
1403,13121010003,88.6
1404,13121010004,93.3
1405,13121010005,99.4
1406,13121010006,82.5
1407,13121010007,100
1408,13121010106,93.9
1409,13121010107,96.3
1410,13121010108,96.8
1411,13121010115,96.9
1412,13121010117,92.4
1413,13121010120,95.4
1414,13121010121,94.5
1415,13121010124,70.7
1416,13121010125,90.7
1417,13121010126,91.6
1418,13121010127,95.3
1419,13121010128,81
1420,13121010129,98.6
1421,13121010130,96.3
1422,13121010131,99.1
1423,13121010132,96
1424,13121010133,93.8
1425,13121010134,94.6
1426,13121010135,92.6
1427,13121010136,91.8
1428,13121010137,98.9
1429,13121010204,97
1430,13121010211,97.1
1431,13121010212,85.8
1432,13121010213,83.8
1433,13121010214,72.4
1434,13121010215,100
1435,13121010216,95.3
1436,13121010217,99.1
1437,13121010218,94.1
1438,13121010219,95.4
1439,13121010220,92.9
1440,13121010221,94.2
1441,13121010222,96.4
1442,13121010223,98.3
1443,13121010305,87.6
1444,13121010306,97.3
1445,13121010307,92.5
1446,13121010308,92.3
1447,13121010309,94.6
1448,13121010310,97.7
1449,13121010311,93.6
1450,13121010312,85.1
1451,13121010313,89.1
1452,13121010314,98.1
1453,13121010315,98.1
1454,13121010401,85.7
1455,13121010402,91.9
1456,13121010508,84.5
1457,13121010517,86.8
1458,13121010518,93.2
1459,13121010519,86
1460,13121010520,65.5
1461,13121010521,78.6
1462,13121010522,70.2
1463,13121010523,92.5
1464,13121010524,96.2
1465,13121010525,84.3
1466,13121010526,90.7
1467,13121010527,84.3
1468,13121010528,87.3
1469,13121010529,82.2
1470,13121010530,90.2
1471,13121010531,95.4
1472,13121010532,92.1
1473,13121010533,95
1474,13121010534,86.9
1475,13121010535,94.2
1476,13121010536,98.3
1477,13121010537,80.6
1478,13121010538,87
1479,13121010539,94.7
1480,13121010540,98.9
1481,13121010601,70
1482,13121010603,85.1
1483,13121010604,75.1
1484,13121010801,62.4
1485,13121010802,86
1486,13121011000,61.9
1487,13121011100,87
1488,13121011202,76
1489,13121011203,72.6
1490,13121011204,74
1491,13121011301,84
1492,13121011306,85.5
1493,13121011307,67.4
1494,13121011308,83.8
1495,13121011309,87.5
1496,13121011310,62.5
1497,13121011416,98
1498,13121011417,95.6
1499,13121011419,96.2
1500,13121011421,87
1501,13121011422,96.7
1502,13121011423,95.2
1503,13121011424,99.2
1504,13121011426,98.4
1505,13121011428,100
1506,13121011429,93.1
1507,13121011430,78.3
1508,13121011431,93.9
1509,13121011432,91.9
1510,13121011433,96.4
1511,13121011434,100
1512,13121011435,85.9
1513,13121011436,93.8
1514,13121011437,90.1
1515,13121011438,88
1516,13121011439,96.3
1517,13121011440,94.8
1518,13121011441,97.7
1519,13121011442,91.8
1520,13121011443,100
1521,13121011444,99.6
1522,13121011445,99.2
1523,13121011446,97.7
1524,13121011505,97.5
1525,13121011507,91.6
1526,13121011508,100
1527,13121011509,98.3
1528,13121011510,98
1529,13121011511,100
1530,13121011512,98.7
1531,13121011513,93.5
1532,13121011514,100
1533,13121011515,99.2
1534,13121011612,97.8
1535,13121011618,84.7
1536,13121011624,97.5
1537,13121011627,100
1538,13121011628,94.3
1539,13121011629,99.7
1540,13121011630,98.2
1541,13121011631,93.9
1542,13121011632,99.3
1543,13121011633,99.4
1544,13121011634,96.2
1545,13121011635,98.4
1546,13121011636,99
1547,13121011637,100
1548,13121011638,94.4
1549,13121011639,94.9
1550,13121011640,98.4
1551,13121011641,98.2
1552,13121011642,96.9
1553,13121011643,90.1
1554,13121011644,94.4
1555,13121011645,99.9
1556,13121011646,95.5
1557,13121011647,96.7
1558,13121011648,100
1559,13121011649,91.1
1560,13121011650,97
1561,13121011651,98.1
1562,13121011652,96.8
1563,13121011653,94.8
1564,13121011654,96.9
1565,13121011655,95.1
1566,13121011656,99.4
1567,13121011657,97.9
1568,13121011658,78
1569,13121011659,100
1570,13121011660,88
1571,13121011661,96.4
1572,13121011801,83.1
1573,13121011802,59.4
1574,13121011901,67.6
1575,13121011902,62.8
1576,13121012000,48
1577,13121012300,87.9
1578,13121980000,-
1579,13123080100,90.2
1580,13123080200,79.8
1581,13123080301,81.2
1582,13123080302,82.2
1583,13123080401,83.9
1584,13123080402,89.7
1585,13123080403,96.2
1586,13123080500,79.4
1587,13125010100,84.4
1588,13127000101,87.8
1589,13127000103,96
1590,13127000104,92.3
1591,13127000201,96.6
1592,13127000202,95.2
1593,13127000301,100
1594,13127000302,94.9
1595,13127000303,98.4
1596,13127000403,91.2
1597,13127000405,79.6
1598,13127000406,89.7
1599,13127000407,98.4
1600,13127000408,91.8
1601,13127000409,83.3
1602,13127000501,73.6
1603,13127000503,73.7
1604,13127000504,78.9
1605,13127000601,73.1
1606,13127000602,94.1
1607,13127000701,79.5
1608,13127000702,54.1
1609,13127000800,55.8
1610,13127000900,66.3
1611,13127001001,91.9
1612,13127001002,82.7
1613,13127990000,-
1614,13129970101,92.9
1615,13129970102,72
1616,13129970201,82.5
1617,13129970202,83.7
1618,13129970301,75.1
1619,13129970302,81.4
1620,13129970400,83.6
1621,13129970500,79.7
1622,13129970601,88.7
1623,13129970602,77.8
1624,13129970700,79.7
1625,13129970801,93.1
1626,13129970802,85.3
1627,13129970901,97.5
1628,13129970902,86.6
1629,13131950100,83.6
1630,13131950200,94
1631,13131950300,74.6
1632,13131950401,88.5
1633,13131950402,73.7
1634,13131950501,86.1
1635,13131950502,87
1636,13131950600,79.2
1637,13133950100,88.4
1638,13133950200,79.4
1639,13133950301,96.7
1640,13133950302,92.1
1641,13133950304,95.2
1642,13133950305,71.1
1643,13133950400,64.9
1644,13133950500,87.6
1645,13135050105,82.3
1646,13135050110,78.9
1647,13135050111,88.1
1648,13135050112,84.8
1649,13135050113,87.4
1650,13135050114,97.1
1651,13135050115,95.8
1652,13135050116,98
1653,13135050117,98.6
1654,13135050118,77
1655,13135050119,96.7
1656,13135050120,97.6
1657,13135050121,95.3
1658,13135050205,88.8
1659,13135050215,83.5
1660,13135050218,82.7
1661,13135050219,91.1
1662,13135050221,81.4
1663,13135050222,84.5
1664,13135050223,79.9
1665,13135050224,97
1666,13135050225,91.7
1667,13135050226,93.3
1668,13135050227,83.2
1669,13135050228,95.6
1670,13135050229,79.7
1671,13135050230,91.1
1672,13135050231,94.1
1673,13135050232,98.6
1674,13135050233,100
1675,13135050234,99.5
1676,13135050235,86.2
1677,13135050236,70.7
1678,13135050237,100
1679,13135050238,84.2
1680,13135050239,94.2
1681,13135050240,92.6
1682,13135050241,95.3
1683,13135050242,93.5
1684,13135050243,98.5
1685,13135050244,100
1686,13135050306,82.7
1687,13135050308,98.2
1688,13135050311,97.2
1689,13135050315,83.7
1690,13135050317,84.9
1691,13135050318,83.2
1692,13135050321,97.7
1693,13135050322,97.4
1694,13135050323,98.6
1695,13135050324,96.2
1696,13135050325,84.2
1697,13135050326,59.3
1698,13135050327,82.7
1699,13135050328,73.1
1700,13135050329,82.5
1701,13135050330,84.3
1702,13135050331,83
1703,13135050332,82.8
1704,13135050333,89.3
1705,13135050334,82.2
1706,13135050335,91.1
1707,13135050336,92.3
1708,13135050415,85
1709,13135050416,90.2
1710,13135050425,93.5
1711,13135050427,91.8
1712,13135050430,93.8
1713,13135050433,84.3
1714,13135050435,90.8
1715,13135050437,76.5
1716,13135050438,83.4
1717,13135050439,71.3
1718,13135050440,72.3
1719,13135050441,83
1720,13135050442,94.8
1721,13135050443,96.5
1722,13135050444,92
1723,13135050445,92.2
1724,13135050446,75.1
1725,13135050447,73.9
1726,13135050448,72.3
1727,13135050449,79.8
1728,13135050450,84.5
1729,13135050451,83.5
1730,13135050452,73.9
1731,13135050453,83.6
1732,13135050454,88.8
1733,13135050455,78.2
1734,13135050456,87.1
1735,13135050457,96.7
1736,13135050458,86.2
1737,13135050459,89.6
1738,13135050460,53.3
1739,13135050461,98.7
1740,13135050462,97.4
1741,13135050463,93.6
1742,13135050464,73
1743,13135050465,82.2
1744,13135050466,93.1
1745,13135050520,79.9
1746,13135050521,91.1
1747,13135050522,75.5
1748,13135050526,80.9
1749,13135050528,89.9
1750,13135050529,97.5
1751,13135050530,95.7
1752,13135050536,91.3
1753,13135050537,80.2
1754,13135050539,80.1
1755,13135050541,82.1
1756,13135050542,81.1
1757,13135050549,87
1758,13135050550,92.8
1759,13135050551,91.3
1760,13135050552,95.1
1761,13135050553,96
1762,13135050554,85.9
1763,13135050555,90.6
1764,13135050556,97.9
1765,13135050557,98.1
1766,13135050558,94.1
1767,13135050559,78.8
1768,13135050560,95.5
1769,13135050561,81.6
1770,13135050562,78.7
1771,13135050563,85.8
1772,13135050564,68.8
1773,13135050565,91.4
1774,13135050566,92.8
1775,13135050567,96
1776,13135050568,97.7
1777,13135050569,78
1778,13135050570,94
1779,13135050571,77.3
1780,13135050572,82.3
1781,13135050573,90.1
1782,13135050574,78.8
1783,13135050575,95.7
1784,13135050576,97.7
1785,13135050577,93
1786,13135050578,95.2
1787,13135050579,94.5
1788,13135050580,87.8
1789,13135050581,95.4
1790,13135050582,97.2
1791,13135050583,89.7
1792,13135050584,96.5
1793,13135050585,100
1794,13135050586,88.3
1795,13135050587,69.4
1796,13135050588,96.5
1797,13135050589,75.5
1798,13135050590,89.3
1799,13135050591,94.1
1800,13135050611,93.7
1801,13135050612,93.8
1802,13135050613,99.6
1803,13135050614,96.2
1804,13135050615,90.6
1805,13135050616,97.1
1806,13135050617,94.3
1807,13135050618,96.6
1808,13135050619,89.2
1809,13135050620,99.5
1810,13135050621,93.6
1811,13135050622,97.3
1812,13135050623,95.7
1813,13135050624,93.9
1814,13135050625,80.2
1815,13135050626,100
1816,13135050627,84.6
1817,13135050628,90.1
1818,13135050629,100
1819,13135050630,100
1820,13135050631,81.8
1821,13135050632,98.7
1822,13135050633,96.4
1823,13135050634,88.5
1824,13135050635,99.8
1825,13135050636,100
1826,13135050715,81.4
1827,13135050719,88.7
1828,13135050722,92
1829,13135050725,93.3
1830,13135050729,91.8
1831,13135050732,81.6
1832,13135050733,89.7
1833,13135050734,89.8
1834,13135050735,86.9
1835,13135050736,96.4
1836,13135050737,99.9
1837,13135050738,91.5
1838,13135050739,90.9
1839,13135050740,89.1
1840,13135050741,98.2
1841,13135050742,93
1842,13135050743,96.2
1843,13135050744,93.3
1844,13135050745,99.3
1845,13135050746,94.4
1846,13135050747,98.4
1847,13135050748,100
1848,13135050749,91.4
1849,13135050750,97
1850,13135050751,95.1
1851,13135050752,93.1
1852,13135050753,95.4
1853,13135050754,93.3
1854,13135050755,90
1855,13135050756,97.9
1856,13135050757,94.4
1857,13135050758,91.4
1858,13135050759,95.4
1859,13135050760,95.3
1860,13135050761,98.6
1861,13135050762,93
1862,13135050763,80
1863,13135050764,94.5
1864,13135050765,92.1
1865,13137000100,92.8
1866,13137000201,89.7
1867,13137000203,95.9
1868,13137000204,80.5
1869,13137000300,88.6
1870,13137000400,88.1
1871,13137000501,74.6
1872,13137000502,87.4
1873,13137000601,87.3
1874,13137000603,93.6
1875,13137000604,74.8
1876,13139000101,90.1
1877,13139000102,88.8
1878,13139000203,91.4
1879,13139000204,96.3
1880,13139000205,86.3
1881,13139000206,95.1
1882,13139000303,95.8
1883,13139000304,88.2
1884,13139000305,91
1885,13139000306,87.1
1886,13139000307,96.5
1887,13139000401,85
1888,13139000402,97.3
1889,13139000501,97.5
1890,13139000502,80.4
1891,13139000601,79.8
1892,13139000602,88.3
1893,13139000702,77.2
1894,13139000703,75.1
1895,13139000704,75.5
1896,13139000800,66.8
1897,13139000901,93.9
1898,13139000902,90.4
1899,13139001004,72.7
1900,13139001005,95.3
1901,13139001006,77.2
1902,13139001007,60.1
1903,13139001008,70.4
1904,13139001101,60.7
1905,13139001102,80.5
1906,13139001202,66
1907,13139001203,66.3
1908,13139001204,78.2
1909,13139001302,89.7
1910,13139001303,84.8
1911,13139001304,87.7
1912,13139001402,93.1
1913,13139001404,81.3
1914,13139001405,95.1
1915,13139001406,91.9
1916,13139001501,88.7
1917,13139001502,95.5
1918,13139001603,95
1919,13139001605,92.9
1920,13139001606,94.1
1921,13139001607,82.6
1922,13139001609,97
1923,13139001610,92.3
1924,13139001611,95.7
1925,13139001612,95
1926,13141480300,85
1927,13141480400,63.6
1928,13143010100,83.5
1929,13143010201,84.5
1930,13143010202,84.8
1931,13143010301,93
1932,13143010303,71.6
1933,13143010304,95.3
1934,13143010401,87.3
1935,13143010402,90
1936,13145120198,89.9
1937,13145120200,92.1
1938,13145120301,96.9
1939,13145120302,94.4
1940,13145120401,94.8
1941,13145120403,99.2
1942,13145120404,91.1
1943,13147960101,96.2
1944,13147960102,87.6
1945,13147960103,82.7
1946,13147960200,91.3
1947,13147960300,86.3
1948,13147960401,82.5
1949,13147960402,76.4
1950,13147960501,90.7
1951,13147960502,98.7
1952,13147960503,81.7
1953,13149970100,76
1954,13149970200,83.7
1955,13149970300,79.7
1956,13151070109,98.3
1957,13151070113,79.7
1958,13151070114,90
1959,13151070115,83.5
1960,13151070116,99.6
1961,13151070117,92.6
1962,13151070118,87.9
1963,13151070119,95.9
1964,13151070120,85.3
1965,13151070121,96.2
1966,13151070122,93.4
1967,13151070123,91.9
1968,13151070124,96.6
1969,13151070125,96.3
1970,13151070126,86
1971,13151070127,87.8
1972,13151070128,93.8
1973,13151070204,93.6
1974,13151070206,99
1975,13151070207,99.8
1976,13151070208,97.9
1977,13151070209,99.8
1978,13151070210,96.5
1979,13151070211,93.4
1980,13151070212,92.9
1981,13151070213,100
1982,13151070214,100
1983,13151070215,100
1984,13151070216,100
1985,13151070307,97.7
1986,13151070310,97.7
1987,13151070312,88.1
1988,13151070313,93.5
1989,13151070314,97.6
1990,13151070315,93.4
1991,13151070316,80.9
1992,13151070317,96.2
1993,13151070318,79
1994,13151070319,83.9
1995,13151070320,89.3
1996,13151070321,85.2
1997,13151070322,86
1998,13151070323,68.2
1999,13151070324,60.1
2000,13151070325,83.8
2001,13151070405,92.8
2002,13151070406,71.9
2003,13151070407,98
2004,13151070408,93.3
2005,13151070409,94.5
2006,13151070410,88.4
2007,13151070411,94.4
2008,13151070412,93.5
2009,13151070503,88.7
2010,13151070504,88.9
2011,13151070505,87.6
2012,13151070506,97.4
2013,13151070507,84.6
2014,13151070508,96.9
2015,13153020106,88.1
2016,13153020108,74.5
2017,13153020110,92.8
2018,13153020111,85.4
2019,13153020112,95.7
2020,13153020113,95.9
2021,13153020200,85.6
2022,13153020301,78.1
2023,13153020302,65.8
2024,13153020400,51.7
2025,13153020600,95
2026,13153020700,74.6
2027,13153020800,85.6
2028,13153020900,91.8
2029,13153021001,92.4
2030,13153021002,85
2031,13153021108,95.8
2032,13153021114,97.5
2033,13153021115,92.7
2034,13153021116,80
2035,13153021117,96.8
2036,13153021118,75.8
2037,13153021119,93.2
2038,13153021120,86.1
2039,13153021121,88
2040,13153021122,95.8
2041,13153021123,97.6
2042,13153021124,100
2043,13153021125,94.2
2044,13153021203,97.7
2045,13153021204,96
2046,13153021205,95.5
2047,13153021206,89.5
2048,13153021300,78.3
2049,13153021401,84.9
2050,13153021402,91.3
2051,13153021501,92.3
2052,13153021502,90.3
2053,13155950100,70.5
2054,13155950201,83.2
2055,13155950202,81.2
2056,13157010104,94.9
2057,13157010105,89.9
2058,13157010106,85.3
2059,13157010107,98.8
2060,13157010108,89
2061,13157010109,95.3
2062,13157010200,84.2
2063,13157010300,87.8
2064,13157010400,85.9
2065,13157010500,88.9
2066,13157010601,85
2067,13157010602,91.6
2068,13157010701,84.5
2069,13157010703,88.1
2070,13157010704,99.2
2071,13157010705,98.3
2072,13157010706,86.5
2073,13159010100,83.2
2074,13159010200,89.5
2075,13159010501,77.4
2076,13159010502,77
2077,13159010503,94.1
2078,13161960101,82.4
2079,13161960102,73.3
2080,13161960201,82.1
2081,13161960202,81.8
2082,13161960300,77.3
2083,13163960100,78.9
2084,13163960200,89.3
2085,13163960300,80.3
2086,13163960400,83.4
2087,13165960100,70.3
2088,13165960200,76.6
2089,13167960100,82.6
2090,13167960201,74.8
2091,13167960202,76.2
2092,13167960300,88.7
2093,13169030101,97.9
2094,13169030103,93.5
2095,13169030105,83.2
2096,13169030106,78.6
2097,13169030200,79
2098,13169030303,77.7
2099,13169030304,88.5
2100,13169030305,82.1
2101,13169030306,93.8
2102,13171970100,89
2103,13171970201,88.8
2104,13171970202,96.3
2105,13171970300,79.8
2106,13173950100,65.4
2107,13173950201,61
2108,13173950202,70.3
2109,13175950100,77
2110,13175950201,82.1
2111,13175950202,92.8
2112,13175950300,90.2
2113,13175950400,64.4
2114,13175950500,66.7
2115,13175950600,84.1
2116,13175950700,84.5
2117,13175950800,63.6
2118,13175950900,44.9
2119,13175951001,79.1
2120,13175951002,70.4
2121,13175951100,74.4
2122,13175951400,80.5
2123,13177020101,89.3
2124,13177020102,96.9
2125,13177020200,87.4
2126,13177020301,79.6
2127,13177020302,89.3
2128,13177020403,95.5
2129,13177020404,86.3
2130,13177020405,90.5
2131,13179010101,83.4
2132,13179010102,88
2133,13179010103,95
2134,13179010202,72.8
2135,13179010204,73
2136,13179010205,82.8
2137,13179010206,85.8
2138,13179010207,81.4
2139,13179010208,92.8
2140,13179010301,85.3
2141,13179010302,76.6
2142,13179010401,93.9
2143,13179010402,81.8
2144,13179010501,87.9
2145,13179010503,83.2
2146,13179010504,89.7
2147,13179010600,80.1
2148,13179990000,-
2149,13181970100,81.4
2150,13181970200,81.6
2151,13183970101,81.7
2152,13183970102,89.2
2153,13183970201,64.5
2154,13183970202,79.9
2155,13183980000,-
2156,13185010101,81.2
2157,13185010102,77.1
2158,13185010103,86.9
2159,13185010201,94.1
2160,13185010203,84.1
2161,13185010204,99.9
2162,13185010301,81.4
2163,13185010302,97.2
2164,13185010401,83.5
2165,13185010403,64.2
2166,13185010404,71.1
2167,13185010500,59.1
2168,13185010601,66.2
2169,13185010604,78.3
2170,13185010700,86.3
2171,13185010801,77.6
2172,13185010802,46.4
2173,13185010900,59.9
2174,13185011000,57.7
2175,13185011100,75.8
2176,13185011200,77.2
2177,13185011301,44.2
2178,13185011302,60.7
2179,13185011401,78.2
2180,13185011402,65
2181,13185011404,75.3
2182,13185011405,87.7
2183,13185011500,83.1
2184,13185011600,82.7
2185,13187960103,86
2186,13187960104,92.5
2187,13187960105,94.6
2188,13187960106,92
2189,13187960203,89.4
2190,13187960204,61.3
2191,13187960205,90
2192,13187960206,89.6
2193,13189950100,91.6
2194,13189950200,87.4
2195,13189950300,77.7
2196,13189950401,86.7
2197,13189950402,78.7
2198,13189950500,78.9
2199,13191110101,53.9
2200,13191110102,84.5
2201,13191110103,97.4
2202,13191110201,83.5
2203,13191110202,70.9
2204,13191110300,84
2205,13191980000,-
2206,13191990000,-
2207,13193000100,64.1
2208,13193000200,63.2
2209,13193000300,63.3
2210,13193000400,84.3
2211,13195020100,64
2212,13195020200,85
2213,13195020300,79.1
2214,13195020400,81.3
2215,13195020501,86.6
2216,13195020502,81.2
2217,13195020600,75.2
2218,13197920100,87.9
2219,13197920200,84.8
2220,13199970501,80.4
2221,13199970502,71.4
2222,13199970600,65.3
2223,13199970701,78.9
2224,13199970702,87.8
2225,13199970801,74.9
2226,13199970802,87
2227,13201950100,71.7
2228,13201950200,78.1
2229,13201950300,80.8
2230,13205090100,84.1
2231,13205090200,75.9
2232,13205090300,55.4
2233,13205090401,90.3
2234,13205090402,65.9
2235,13205090501,81.9
2236,13205090502,69
2237,13207050101,84.2
2238,13207050102,71.2
2239,13207050200,75.2
2240,13207050301,95
2241,13207050302,96.9
2242,13209950100,86.6
2243,13209950200,78.4
2244,13209950300,88.9
2245,13211010100,97.1
2246,13211010200,91.6
2247,13211010301,93
2248,13211010302,96.6
2249,13211010400,90.9
2250,13211010500,89.6
2251,13213010100,81.2
2252,13213010201,89.1
2253,13213010203,96.3
2254,13213010204,86.2
2255,13213010300,76.1
2256,13213010401,71.1
2257,13213010402,85.2
2258,13213010500,92.5
2259,13213010600,80.7
2260,13213010700,87.9
2261,13215000200,91.7
2262,13215000300,51.1
2263,13215000400,88.2
2264,13215000800,60.9
2265,13215000900,87.1
2266,13215001000,91
2267,13215001100,87
2268,13215001200,80
2269,13215001400,56.6
2270,13215001600,61.8
2271,13215001800,58.2
2272,13215002000,74.6
2273,13215002100,69.8
2274,13215002200,82.3
2275,13215002300,71.1
2276,13215002400,45.2
2277,13215002500,48.2
2278,13215002700,75.8
2279,13215002800,71.4
2280,13215002901,62.1
2281,13215002902,55.5
2282,13215003000,42.2
2283,13215003200,70.7
2284,13215003301,35.8
2285,13215003302,58
2286,13215003400,49.4
2287,13215010106,89.9
2288,13215010108,92.2
2289,13215010109,77.7
2290,13215010110,98.1
2291,13215010111,96.9
2292,13215010204,87.6
2293,13215010205,94.3
2294,13215010206,97.5
2295,13215010207,94.4
2296,13215010208,96.6
2297,13215010209,97.3
2298,13215010301,97.2
2299,13215010303,92.7
2300,13215010304,99.1
2301,13215010401,87.5
2302,13215010402,79.5
2303,13215010501,76.2
2304,13215010502,84.1
2305,13215010602,81.6
2306,13215010605,75.5
2307,13215010606,100
2308,13215010607,76.4
2309,13215010608,72.5
2310,13215010701,75.5
2311,13215010702,86.5
2312,13215010704,68.3
2313,13215010705,85.4
2314,13215010801,81.3
2315,13215010802,86.2
2316,13215011100,74.8
2317,13215011200,82.7
2318,13215011400,59.7
2319,13215011500,61.7
2320,13217100101,91.1
2321,13217100102,95.3
2322,13217100202,96.7
2323,13217100203,92.3
2324,13217100204,85.6
2325,13217100301,81.7
2326,13217100302,94
2327,13217100400,71.5
2328,13217100503,85.9
2329,13217100504,83.9
2330,13217100505,94.6
2331,13217100506,94
2332,13217100507,88.1
2333,13217100600,80.2
2334,13217100701,76.9
2335,13217100702,90.6
2336,13217100801,93.4
2337,13217100802,72.7
2338,13217100902,80.7
2339,13217100903,80.3
2340,13217100904,85.7
2341,13217100905,85.3
2342,13219030101,99.8
2343,13219030102,98.2
2344,13219030103,97.9
2345,13219030104,100
2346,13219030201,89
2347,13219030202,85.2
2348,13219030300,96.4
2349,13219030401,94.8
2350,13219030402,93.4
2351,13219030500,97.1
2352,13219030600,98
2353,13221960100,92.4
2354,13221960203,84.9
2355,13221960204,93.2
2356,13221960205,88.3
2357,13221960206,84.8
2358,13221960300,97.5
2359,13223120104,93.4
2360,13223120105,98.1
2361,13223120106,88.9
2362,13223120107,96.1
2363,13223120108,93.3
2364,13223120109,99.3
2365,13223120110,99.4
2366,13223120111,95
2367,13223120203,96.8
2368,13223120205,98.3
2369,13223120206,98.2
2370,13223120207,97.2
2371,13223120208,88.5
2372,13223120301,88.5
2373,13223120303,90.3
2374,13223120304,78.1
2375,13223120305,94.5
2376,13223120306,98.3
2377,13223120307,75.9
2378,13223120401,90.4
2379,13223120402,90.9
2380,13223120403,85.1
2381,13223120503,97.9
2382,13223120504,94.5
2383,13223120505,95.5
2384,13223120506,96.2
2385,13223120507,93.6
2386,13223120601,90.8
2387,13223120603,95.4
2388,13223120604,90.5
2389,13223120605,97.4
2390,13223120606,96.4
2391,13223120607,91.3
2392,13225040101,99
2393,13225040103,88
2394,13225040104,81.3
2395,13225040105,74.1
2396,13225040200,71.3
2397,13225040301,88.4
2398,13225040302,64.7
2399,13225040400,77.7
2400,13227050101,100
2401,13227050102,92.8
2402,13227050201,75.5
2403,13227050202,93.8
2404,13227050300,84.1
2405,13227050400,87.7
2406,13227050500,86.8
2407,13227050601,91.4
2408,13227050602,80.8
2409,13229960100,82.2
2410,13229960200,90.6
2411,13229960301,77
2412,13229960302,90.5
2413,13229960401,78.3
2414,13229960402,81.4
2415,13231010101,85.8
2416,13231010102,91.3
2417,13231010200,93.7
2418,13231010300,90
2419,13231010400,95.6
2420,13233010100,89.5
2421,13233010201,83.6
2422,13233010202,89.9
2423,13233010300,72.8
2424,13233010400,69.4
2425,13233010500,82.2
2426,13233010600,84.4
2427,13233010700,87.8
2428,13235950100,82.9
2429,13235950201,68.6
2430,13235950202,94.3
2431,13235950300,84.5
2432,13237960101,72.4
2433,13237960103,91.3
2434,13237960104,94.9
2435,13237960201,79.3
2436,13237960203,65.8
2437,13237960204,93.1
2438,13237960301,95.2
2439,13237960302,83.8
2440,13239960300,81.1
2441,13241970101,82.8
2442,13241970102,83.6
2443,13241970103,79.1
2444,13241970201,85.2
2445,13241970202,82.4
2446,13241970302,81.7
2447,13241970303,80.5
2448,13241970304,96.5
2449,13243790100,68
2450,13243790200,69.7
2451,13245000100,85.9
2452,13245000200,62.9
2453,13245000300,55.5
2454,13245000600,63.9
2455,13245000700,55.4
2456,13245001000,79
2457,13245001100,89.5
2458,13245001200,70.8
2459,13245001300,71.3
2460,13245001400,62.9
2461,13245001602,93.5
2462,13245001603,59.6
2463,13245001604,87.2
2464,13245010101,84.5
2465,13245010104,83.3
2466,13245010105,90.4
2467,13245010107,90.5
2468,13245010108,97.1
2469,13245010109,96.4
2470,13245010201,97.3
2471,13245010203,76.8
2472,13245010205,79.3
2473,13245010206,84.7
2474,13245010207,97.6
2475,13245010208,92.7
2476,13245010300,55.9
2477,13245010400,39.2
2478,13245010506,61.9
2479,13245010507,82.8
2480,13245010508,61.4
2481,13245010509,71.5
2482,13245010510,73.1
2483,13245010511,56.2
2484,13245010512,74.1
2485,13245010513,63.4
2486,13245010514,64
2487,13245010515,58.7
2488,13245010601,69.3
2489,13245010602,38.4
2490,13245010706,85.9
2491,13245010707,88.7
2492,13245010708,84.2
2493,13245010709,90.1
2494,13245010710,75.6
2495,13245010711,91
2496,13245010713,86.1
2497,13245010714,94.2
2498,13245010801,85.6
2499,13245010802,89.3
2500,13245010903,82.6
2501,13245010904,80
2502,13245010905,78.5
2503,13245010907,96.6
2504,13245010908,84.2
2505,13245011000,62.2
2506,13245011100,62
2507,13247060101,95.6
2508,13247060103,96.8
2509,13247060104,91.9
2510,13247060201,71
2511,13247060203,79
2512,13247060204,88
2513,13247060305,88
2514,13247060306,91.1
2515,13247060310,75.2
2516,13247060311,86
2517,13247060312,95
2518,13247060313,98.4
2519,13247060314,89
2520,13247060315,90.9
2521,13247060316,77.8
2522,13247060317,89.4
2523,13247060318,79
2524,13247060403,89.9
2525,13247060406,92.6
2526,13247060407,93.5
2527,13247060408,100
2528,13247060409,83.1
2529,13247060410,94.6
2530,13247060411,93.3
2531,13249960100,79.2
2532,13249960200,86.9
2533,13251970200,86.3
2534,13251970300,84.1
2535,13251970401,69.5
2536,13251970402,87.2
2537,13251970500,76.4
2538,13251970600,89.4
2539,13253200100,80.3
2540,13253200200,71.9
2541,13253200300,74.2
2542,13255160101,86
2543,13255160102,75.2
2544,13255160201,89.1
2545,13255160202,96.4
2546,13255160300,72.9
2547,13255160401,61.5
2548,13255160402,66
2549,13255160500,87.6
2550,13255160600,92
2551,13255160701,70.7
2552,13255160702,78.6
2553,13255160800,62.4
2554,13255160900,69.3
2555,13255161000,88
2556,13255161100,91.1
2557,13255161201,96.9
2558,13255161202,85.3
2559,13257970101,74.6
2560,13257970102,96.2
2561,13257970201,85.4
2562,13257970202,87
2563,13257970301,76.5
2564,13257970302,85.9
2565,13257970401,95.1
2566,13257970402,89.4
2567,13259950100,85.6
2568,13259950400,62.3
2569,13261950100,86
2570,13261950200,74
2571,13261950300,77.3
2572,13261950400,73.4
2573,13261950500,86.2
2574,13261950600,62.9
2575,13261950700,75
2576,13261950800,71.5
2577,13263960100,84.3
2578,13263960200,83.4
2579,13263960300,81.5
2580,13265010200,78.7
2581,13267950100,77.6
2582,13267950202,72
2583,13267950203,77.2
2584,13267950204,80.9
2585,13267950300,86.3
2586,13267950401,81.5
2587,13267950402,82.2
2588,13269950100,86.3
2589,13269950200,71.6
2590,13269950301,53.5
2591,13269950302,78.7
2592,13271950101,67.4
2593,13271950102,76.8
2594,13271950103,80.6
2595,13271950200,72.7
2596,13271950500,77.2
2597,13273120200,81.9
2598,13273120300,53.5
2599,13273120400,71.7
2600,13273120500,90.2
2601,13275960100,69.5
2602,13275960200,85.4
2603,13275960300,80.4
2604,13275960400,86.2
2605,13275960501,85.6
2606,13275960502,90.5
2607,13275960601,95.2
2608,13275960602,86.8
2609,13275960701,72.1
2610,13275960702,74.7
2611,13275960800,79.8
2612,13275960900,89.9
2613,13275961000,79.7
2614,13275961100,80.6
2615,13277960100,94.5
2616,13277960200,88.7
2617,13277960301,84.9
2618,13277960302,94.2
2619,13277960401,84.7
2620,13277960402,64.5
2621,13277960500,77.6
2622,13277960601,71.1
2623,13277960602,57.8
2624,13277960700,73.1
2625,13277960800,76.8
2626,13277960900,75
2627,13279970101,76.9
2628,13279970102,77.2
2629,13279970201,87.7
2630,13279970202,81.3
2631,13279970301,95.5
2632,13279970302,83.7
2633,13279970400,72.7
2634,13279970500,69.6
2635,13279970600,79.5
2636,13281960100,84.6
2637,13281960200,85.3
2638,13281960301,89.9
2639,13281960302,85.7
2640,13283960100,68.5
2641,13283960200,67.7
2642,13285960101,72.4
2643,13285960102,87.6
2644,13285960201,92
2645,13285960202,89.7
2646,13285960300,86.8
2647,13285960401,73.9
2648,13285960402,83.3
2649,13285960501,78.8
2650,13285960503,75.8
2651,13285960504,85.6
2652,13285960600,73.9
2653,13285960700,75.5
2654,13285960800,65.9
2655,13285960901,73.5
2656,13285960903,93.4
2657,13285960904,90.1
2658,13285961000,81.2
2659,13285961100,94
2660,13287970201,62.8
2661,13287970202,80.6
2662,13287970300,76.1
2663,13289060101,85.1
2664,13289060102,76.4
2665,13289060200,88.4
2666,13291000101,77.1
2667,13291000103,91.8
2668,13291000104,76
2669,13291000201,85.5
2670,13291000203,82.8
2671,13291000204,90.6
2672,13291000206,85.9
2673,13291000207,90.8
2674,13293010100,80.3
2675,13293010201,84.9
2676,13293010202,83.5
2677,13293010300,88.5
2678,13293010401,89.4
2679,13293010402,57.9
2680,13293010500,69.3
2681,13293010600,93.8
2682,13295020101,79.8
2683,13295020102,78.6
2684,13295020200,75.5
2685,13295020301,84.5
2686,13295020302,80.1
2687,13295020400,95.6
2688,13295020503,91.8
2689,13295020504,92.2
2690,13295020505,96
2691,13295020506,99
2692,13295020601,88.9
2693,13295020602,85.2
2694,13295020701,76.1
2695,13295020702,79.3
2696,13295020800,82.3
2697,13295020902,70.9
2698,13295020903,88.2
2699,13295020904,95.3
2700,13297110101,97.5
2701,13297110102,92
2702,13297110200,91.6
2703,13297110301,75
2704,13297110302,67.7
2705,13297110400,67.8
2706,13297110503,94.8
2707,13297110504,89.1
2708,13297110505,96.8
2709,13297110506,89.1
2710,13297110508,90.5
2711,13297110509,95
2712,13297110510,97.4
2713,13297110601,93.7
2714,13297110602,89.6
2715,13297110603,86.2
2716,13297110701,95.2
2717,13297110702,84.3
2718,13297110801,97.3
2719,13297110802,90.4
2720,13299950100,84
2721,13299950200,74
2722,13299950300,79
2723,13299950400,57.2
2724,13299950500,79.2
2725,13299950600,88
2726,13299950700,68.6
2727,13299950801,92.2
2728,13299950802,45
2729,13299950900,74.2
2730,13301970400,70.2
2731,13301970500,75.1
2732,13303950100,86.6
2733,13303950300,80.5
2734,13303950400,81.7
2735,13303950500,81.5
2736,13303950700,81.7
2737,13305970100,90.4
2738,13305970201,73
2739,13305970202,84.5
2740,13305970300,80.8
2741,13305970400,76.4
2742,13305970500,82.2
2743,13305970600,80
2744,13307960100,72.2
2745,13307960200,69
2746,13309780100,82.7
2747,13309780200,71.1
2748,13311950101,95.3
2749,13311950102,94.9
2750,13311950202,90.4
2751,13311950204,84.8
2752,13311950205,94.3
2753,13311950206,80.1
2754,13311950207,75.8
2755,13311950301,95.8
2756,13311950302,97.2
2757,13313000101,82.3
2758,13313000103,85.6
2759,13313000104,98.8
2760,13313000200,85.1
2761,13313000301,75.6
2762,13313000303,89.8
2763,13313000304,89.7
2764,13313000401,75.5
2765,13313000402,98.3
2766,13313000501,82.9
2767,13313000502,65.9
2768,13313000600,92.3
2769,13313000700,84.7
2770,13313000801,95.9
2771,13313000802,90.8
2772,13313000900,94.4
2773,13313001000,75.9
2774,13313001100,84.1
2775,13313001200,81.1
2776,13313001300,83.3
2777,13313001400,95.4
2778,13313001500,85.8
2779,13315960100,60.8
2780,13315960200,83.8
2781,13315960300,89.9
2782,13315960400,71.6
2783,13317010101,86.3
2784,13317010102,67.2
2785,13317010301,93
2786,13317010302,71.8
2787,13319960200,79.1
2788,13319960300,66
2789,13319960400,83.7
2790,13321950100,88.6
2791,13321950201,81.8
2792,13321950202,61.5
2793,13321950400,81.4
2794,13321950500,86.5
2795,13321950600,96.8
