,2020 Census Tract,Jobs Proximity Index
0,13001950100,0.5632638454000388
1,13001950201,0.5770322668884809
2,13001950202,0.5742403250266889
3,13001950301,0.5835603857896801
4,13001950302,0.5798619400439835
5,13001950400,0.5015627610588845
6,13001950500,0.5718804574127546
7,13003960100,0.6027402063075977
8,13003960200,0.6048832361299727
9,13003960300,0.5863432986535934
10,13005970100,0.5661330001276205
11,13005970201,0.5693831321654109
12,13005970202,0.5676656235938776
13,13007960100,0.6137326818011636
14,13007960200,0.6123881036680474
15,13009970101,0.5838668521325003
16,13009970102,0.6051434812416345
17,13009970201,0.7075992629685799
18,13009970202,0.6478557046572279
19,13009970301,0.6466852233759334
20,13009970302,0.6363631627507758
21,13009970400,0.6040726180718481
22,13009970501,0.7405747639520134
23,13009970502,0.59556412614949
24,13009970600,0.6395502772742413
25,13009970701,0.5950030286753683
26,13009970702,0.5900929807827223
27,13009970801,0.588171234020213
28,13009970802,0.5630753096278387
29,13011970100,0.59639662210941
30,13011970200,0.6217661204278018
31,13011970300,0.6528256613922703
32,13011970400,0.6032619486673564
33,13013180103,0.5490439972372321
34,13013180104,0.5424296392835161
35,13013180105,0.545663119432459
36,13013180106,0.5367544277692482
37,13013180107,0.5520745045583606
38,13013180108,0.5439683757098661
39,13013180203,0.5684496712808292
40,13013180204,0.5434047738973542
41,13013180205,0.5499096819384267
42,13013180206,0.5420813930296035
43,13013180301,0.5277699416895701
44,13013180302,0.5560885502974175
45,13013180303,0.5643358857340405
46,13013180401,0.5412112330620749
47,13013180402,0.5320374291290624
48,13013180501,0.5565146256590825
49,13013180502,0.5534544734752923
50,13013180503,0.5501895345782072
51,13015960101,0.6010395622166723
52,13015960103,0.6075634303153823
53,13015960104,0.5881862727988945
54,13015960105,0.5962996865619661
55,13015960201,0.5908776630428068
56,13015960202,0.570417685231971
57,13015960203,0.5910098992611981
58,13015960301,0.572793375742367
59,13015960302,0.5660221943042026
60,13015960403,0.5821479989473725
61,13015960404,0.5738837658147009
62,13015960405,0.6179581152002844
63,13015960406,0.5765472165624844
64,13015960407,0.5839494860952955
65,13015960501,0.6155347266787589
66,13015960502,0.5583966620012278
67,13015960601,0.5808243095734366
68,13015960602,0.619444562996938
69,13015960701,0.5760439625843705
70,13015960702,0.5905140975461433
71,13015960801,0.5721893602508511
72,13015960802,0.580359637222665
73,13015960804,0.5748838444092932
74,13015960805,0.5772278071332808
75,13015960901,0.5742982148621177
76,13015960902,0.5722700009496051
77,13015961001,0.5713954145630813
78,13015961002,0.5711708670710917
79,13017960100,0.33333333333333337
80,13017960200,0.0
81,13017960300,0.3504739839628764
82,13017960400,0.4298346025872122
83,13017960501,0.8245198906061975
84,13017960502,0.6922378246230279
85,13019970100,0.6137589873701962
86,13019970200,0.6507373515286834
87,13019970300,0.5811036272224468
88,13019970400,0.622156823067709
89,13019970500,0.568270390292387
90,13019970600,0.5542881052628619
91,13021010100,0.7438818425863897
92,13021010200,0.6852625111786439
93,13021010400,0.703082605942284
94,13021010500,0.7243344994131281
95,13021010800,0.826696754002942
96,13021011001,0.6762182904210946
97,13021011002,0.6379748372940217
98,13021011100,0.7131003622611535
99,13021011500,0.779565295839421
100,13021011701,0.65327685652357
101,13021011702,0.6747259372125549
102,13021011800,0.6276554566872978
103,13021011900,0.6597526442696552
104,13021012000,0.632700745728618
105,13021012101,0.6084191279025127
106,13021012102,0.6065693289177212
107,13021012200,0.6005588668707773
108,13021012400,0.6343675537550921
109,13021012500,0.6256408340184497
110,13021012600,0.6272516897018562
111,13021012700,0.6944811315267624
112,13021012800,0.654820438814792
113,13021012900,0.6092357077644278
114,13021013101,0.587250751077883
115,13021013102,0.6048001951433012
116,13021013201,0.5992052990894593
117,13021013202,0.5929679919374605
118,13021013302,0.6925779456108141
119,13021013407,0.6206698902137984
120,13021013408,0.6772830739701472
121,13021013409,0.5426268335338492
122,13021013411,0.5693442838901074
123,13021013412,0.6072033968587066
124,13021013413,0.5813987014215666
125,13021013502,0.6531001027662822
126,13021013503,0.6026234615545123
127,13021013505,0.6300229295744809
128,13021013506,0.5965106607165356
129,13021013603,0.575814603700879
130,13021013604,0.602687394960776
131,13021013605,0.5556098862922507
132,13021013607,0.557464710034244
133,13021013608,0.582392172540403
134,13021013701,0.6797066720761601
135,13021013702,0.8657140500800569
136,13021013800,0.7885927032049656
137,13021013900,0.6890546660045967
138,13021014000,0.6449374215178164
139,13023790100,0.6395016917079503
140,13023790200,0.5751187921733658
141,13023790301,0.6386108564397768
142,13023790302,0.5699318789877857
143,13025960101,0.5346417374451573
144,13025960102,0.5480345928937864
145,13025960201,0.5061023160225158
146,13025960202,0.49973874132056934
147,13025960300,0.5611450432311218
148,13027960200,0.5879766381925419
149,13027960301,0.6017396405410054
150,13027960302,0.6637943339052541
151,13027960400,0.6087842017869834
152,13027960500,0.5970440576552858
153,13027960600,0.6164202092028596
154,13029920101,0.5648296418118287
155,13029920103,0.5788347706136917
156,13029920104,0.5715857387210524
157,13029920301,0.5697350771966673
158,13029920303,0.5548679021898384
159,13029920305,0.5512368519304218
160,13029920307,0.5715212973239461
161,13029920308,0.5749219159623931
162,13029980000,0.5867246156467525
163,13031110100,0.6040598784152781
164,13031110201,0.620065047425224
165,13031110202,0.5999214165596685
166,13031110301,0.6680320678042881
167,13031110302,0.6605363364947938
168,13031110401,0.6702124422105523
169,13031110405,0.6759771763126057
170,13031110406,0.6865858106707774
171,13031110407,0.73907565102339
172,13031110408,0.6943886333192981
173,13031110500,0.6474054717135912
174,13031110602,0.5568343098365445
175,13031110603,0.6958442299148504
176,13031110604,0.5765219435578067
177,13031110701,0.5904390403528857
178,13031110702,0.6054217541364446
179,13031110703,0.5567320202810551
180,13031110800,0.6308905826339711
181,13031110901,0.5479147162553127
182,13031110902,0.531810639661077
183,13033950101,0.6161369440700544
184,13033950102,0.5873115061685277
185,13033950200,0.5681492202953013
186,13033950400,0.5891022194221144
187,13033950500,0.6334820886867898
188,13033950700,0.661201710835691
189,13033950900,0.5967640130478531
190,13035150101,0.5479841487249737
191,13035150102,0.5835000191492525
192,13035150201,0.5627609533206546
193,13035150202,0.5753827802416348
194,13035150300,0.5728290544350056
195,13037950100,0.6056891501837142
196,13037950200,0.6063043499716124
197,13039010100,0.5255847153173131
198,13039010201,0.46375559449843445
199,13039010202,0.5366229063998988
200,13039010302,0.5264359250636755
201,13039010303,0.5152881718866836
202,13039010304,0.5513591607394278
203,13039010305,0.5030560689230185
204,13039010403,0.5873414915588594
205,13039010404,0.544907339115289
206,13039010405,0.5182709404753806
207,13039010406,0.4901570301811766
208,13039010407,0.5889481525447346
209,13039010500,0.5499531395373283
210,13039010602,0.5838794549286254
211,13039010603,0.5993485644077392
212,13039010604,0.6107436329888682
213,13039990000,0.521828067303742
214,13043950100,0.5871272608462412
215,13043950200,0.625065035388964
216,13043950300,0.605337727485058
217,13045910101,0.5549650866388982
218,13045910103,0.56826873840084
219,13045910105,0.5715949631798319
220,13045910106,0.5416877692560598
221,13045910201,0.5527081182235823
222,13045910202,0.5775638540449861
223,13045910203,0.5740724789946513
224,13045910301,0.6002877657726742
225,13045910302,0.5961970382072533
226,13045910400,0.5902541481917922
227,13045910502,0.6781651091731873
228,13045910503,0.6245788638347676
229,13045910504,0.6617429440019001
230,13045910600,0.5877079503470533
231,13045910704,0.5834114719749852
232,13045910705,0.567396328193036
233,13045910706,0.5548617066496095
234,13045910707,0.5584778306927763
235,13045910708,0.6007691374343928
236,13045910709,0.5685073499504121
237,13045910800,0.5801296785329307
238,13045910900,0.6086231721525436
239,13045911001,0.65680244127237
240,13045911002,0.6006583308407719
241,13045911101,0.6087227555315393
242,13045911102,0.6647249759332854
243,13045911201,0.5939178320620478
244,13045911202,0.5928360746425695
245,13047030100,0.5904578613804585
246,13047030201,0.5292214638506401
247,13047030202,0.5969081958709038
248,13047030303,0.5587379891947651
249,13047030304,0.5507416994491633
250,13047030305,0.5264109878696199
251,13047030306,0.6015416688233285
252,13047030402,0.6045079382642791
253,13047030403,0.5769793543737156
254,13047030404,0.567523681893203
255,13047030501,0.5639781685637423
256,13047030502,0.5470234916311747
257,13047030600,0.5791160753245008
258,13047030701,0.5628695824699677
259,13047030702,0.5788936195928625
260,13049010101,0.619050069434978
261,13049010102,0.5046743941486407
262,13049010200,0.604615969509216
263,13051000601,0.7793121369592046
264,13051001100,0.6986111137917113
265,13051001200,0.6867160261953229
266,13051002000,0.6529388708952418
267,13051002100,0.6013454006930211
268,13051002200,0.5863341125850465
269,13051002300,0.6468455216726706
270,13051002600,0.610592407031477
271,13051002700,0.5876195113989379
272,13051002800,0.6339485207405888
273,13051002900,0.6637027818757433
274,13051003000,0.6382637039271443
275,13051003301,0.6628855762680312
276,13051003302,0.6628047346767879
277,13051003400,0.6434132634528719
278,13051003501,0.59371152708634
279,13051003502,0.69910621036082
280,13051003601,0.6225729853510407
281,13051003602,0.6087375712707764
282,13051003700,0.6434570561114603
283,13051003800,0.6163023542279221
284,13051003900,0.6873548159698312
285,13051004001,0.7316118246354643
286,13051004002,0.6292214457353094
287,13051004100,0.6533415218180892
288,13051004207,0.6246957614660437
289,13051004208,0.5910049813078664
290,13051004209,0.6019775495400002
291,13051004210,0.7052882975629807
292,13051004211,0.575856151685971
293,13051004212,0.5624851958032678
294,13051004300,0.6274421930936653
295,13051004400,0.6825927139004352
296,13051004500,0.6514656394982543
297,13051010102,0.6017205822027781
298,13051010200,0.6468957154868284
299,13051010502,0.660240228051262
300,13051010503,0.6581858964922004
301,13051010504,0.6610114330107526
302,13051010601,0.7555188992602387
303,13051010603,0.712502511211732
304,13051010701,0.6250769689783027
305,13051010702,0.6750878342450559
306,13051010703,0.6468482592310272
307,13051010704,0.5556604453090658
308,13051010705,0.6890445347575148
309,13051010706,0.49563660634267714
310,13051010707,0.5581361089653655
311,13051010801,0.6204181808994745
312,13051010806,0.568901588892005
313,13051010807,0.5634080458932335
314,13051010810,0.6597670095787749
315,13051010811,0.6367901142285692
316,13051010812,0.5852639645600015
317,13051010813,0.5270166825449302
318,13051010814,0.5501445801816738
319,13051010815,0.5468067005585376
320,13051010816,0.5074759145092436
321,13051010817,0.5427342927201971
322,13051010818,0.6261245138947589
323,13051010819,0.5657014780447014
324,13051010820,0.5788960290361186
325,13051010821,0.5666733933929077
326,13051010901,0.5587187355465494
327,13051011004,0.6134532432629425
328,13051011005,0.5951468409938414
329,13051011006,0.5823038359085869
330,13051011007,0.598292720866085
331,13051011008,0.6100686821232651
332,13051011104,0.5234140240754455
333,13051011107,0.571968625046973
334,13051011108,0.5396041910898767
335,13051011110,0.5696757796104476
336,13051011111,0.598845523486596
337,13051011112,0.5378066248768806
338,13051011113,0.5607477101596169
339,13051011114,0.5630457742667637
340,13051011115,0.6030419727781883
341,13051011200,0.8400457153406646
342,13051011300,0.6907301971061047
343,13051011400,0.6220046178986787
344,13051011500,0.5798285381381707
345,13051011600,0.7332539682779099
346,13051011700,0.653267446517456
347,13051011800,0.6600189545492947
348,13051011900,0.7623038356640115
349,13051980000,0.7432098044141909
350,13051990000,0.592671938842859
351,13053020100,0.5931495739318675
352,13053020201,0.5785325911616914
353,13053020203,0.5831291513022826
354,13053020205,0.5837473003308807
355,13053020206,0.6005417027843104
356,13055010100,0.5066311963662974
357,13055010201,0.4547689696567273
358,13055010202,0.4413246270483587
359,13055010300,0.48806226933521385
360,13055010401,0.4907733634275379
361,13055010402,0.5119304682585053
362,13055010501,0.5090294247289955
363,13055010502,0.4276275969491162
364,13055010600,0.5523000679526123
365,13057090101,0.5865383148204762
366,13057090102,0.6026626869300332
367,13057090103,0.583262174702707
368,13057090201,0.5993021826546505
369,13057090202,0.5960569081465339
370,13057090301,0.5558110297149967
371,13057090302,0.5707551601320937
372,13057090303,0.5907232337624193
373,13057090401,0.5910099291189784
374,13057090402,0.6043808841127039
375,13057090503,0.5901515489888333
376,13057090504,0.5801781232476949
377,13057090505,0.5876389737046702
378,13057090506,0.5897377155937347
379,13057090507,0.572717298615825
380,13057090603,0.5958512886927022
381,13057090604,0.6058228291548727
382,13057090605,0.5947580523331304
383,13057090606,0.5730990113678788
384,13057090703,0.519563807502266
385,13057090704,0.5590655433194044
386,13057090705,0.5249636785235691
387,13057090706,0.5495186972303978
388,13057090707,0.547691385926774
389,13057090708,0.5157987528574832
390,13057090709,0.5597535426537688
391,13057090710,0.5532612701137859
392,13057090805,0.5734834880281725
393,13057090806,0.5600894021201326
394,13057090807,0.5669249797865988
395,13057090808,0.5454657512270109
396,13057090809,0.595669338293827
397,13057090810,0.581041569104792
398,13057090905,0.5580057908652106
399,13057090906,0.564032246975005
400,13057090907,0.5786901427598432
401,13057090908,0.5589091091262157
402,13057090909,0.5840419081955666
403,13057090910,0.5803914021162434
404,13057090911,0.5650872189285328
405,13057090912,0.5616449133232418
406,13057091001,0.5522379627298432
407,13057091006,0.5495788604420386
408,13057091007,0.5567088568123133
409,13057091009,0.5666696828668613
410,13057091010,0.5427157235079099
411,13057091011,0.5586893136926018
412,13057091012,0.5871280590159887
413,13057091013,0.5611447452340423
414,13057091014,0.5785335052607958
415,13057091101,0.5610641483000027
416,13057091104,0.593886213878663
417,13057091105,0.5549188473521005
418,13057091106,0.5602608720367472
419,13057091107,0.5568553774013391
420,13057091108,0.5153421134045191
421,13059000100,0.7089450254417128
422,13059000401,0.6484810058968797
423,13059000402,0.7093218911900209
424,13059000600,0.7895671102831009
425,13059000900,0.7239325847620491
426,13059001200,0.7477576877441656
427,13059001700,0.809872784840701
428,13059001800,0.9152397541532445
429,13059001900,0.7635507930020513
430,13059002000,0.7841043324485586
431,13059002100,0.725240675969246
432,13059002200,0.6787253563488304
433,13059030101,0.7337383935233408
434,13059030102,0.6888712394553763
435,13059030200,0.6924426567208707
436,13059130300,0.7046081635304468
437,13059130400,0.7141523972742694
438,13059130500,0.6401788351998907
439,13059130601,0.7118145232853192
440,13059130602,0.655121633544193
441,13059130701,0.7028870077013079
442,13059130702,0.659625325713565
443,13059140300,0.6855539496654968
444,13059140400,0.6523581684724858
445,13059140500,0.6154901393943218
446,13059140600,0.6556956327124802
447,13059150300,0.73225769850129
448,13059150400,0.6388659305746518
449,13059150500,0.6115668349511304
450,13059150600,0.6089384243272463
451,13059150701,0.5699952669586414
452,13059150702,0.5233612327230299
453,13059150800,0.5527039615507396
454,13059150900,0.5475924111808882
455,13061960300,0.5918926612895763
456,13063040202,0.7198024422593367
457,13063040203,0.6821632580733007
458,13063040204,0.658457301213497
459,13063040302,0.728589177091289
460,13063040306,0.6814998949310003
461,13063040307,0.6674618420670577
462,13063040308,0.6948300907338916
463,13063040309,0.6774420959572631
464,13063040310,0.6737663868066879
465,13063040407,0.635178412303094
466,13063040409,0.5867488662464474
467,13063040410,0.617632729789344
468,13063040414,0.6200191307380575
469,13063040416,0.6363931144420766
470,13063040417,0.6116263432508003
471,13063040418,0.6335829509663478
472,13063040419,0.6200778641564665
473,13063040420,0.5579744788626041
474,13063040421,0.5834677962421205
475,13063040422,0.6597240189454832
476,13063040423,0.6026605988337145
477,13063040424,0.605548106085381
478,13063040425,0.6066035357251548
479,13063040426,0.5489542015438755
480,13063040427,0.5392581325686411
481,13063040509,0.6064079286202956
482,13063040510,0.5790412478129126
483,13063040512,0.5852117508179803
484,13063040513,0.5610618044555232
485,13063040518,0.5150004191769549
486,13063040519,0.6337161842874631
487,13063040521,0.5948833213927194
488,13063040522,0.6150077674440237
489,13063040523,0.5427261427353731
490,13063040525,0.47065845883504737
491,13063040527,0.5365675987203695
492,13063040528,0.5131359991398612
493,13063040529,0.4649454821502062
494,13063040530,0.4912994748275437
495,13063040531,0.6521538375617912
496,13063040532,0.6505461209492138
497,13063040533,0.5399450310394553
498,13063040534,0.5623675003663519
499,13063040535,0.48883951049888863
500,13063040536,0.5305076270057251
501,13063040537,0.5038710193318243
502,13063040538,0.4967420587736654
503,13063040606,0.5414504971904026
504,13063040609,0.602594732036774
505,13063040614,0.5655838581989042
506,13063040615,0.5715475660855949
507,13063040617,0.5201112720962399
508,13063040623,0.4780937188905722
509,13063040624,0.47068233934624093
510,13063040625,0.5153362013985402
511,13063040626,0.48043475489878984
512,13063040627,0.6128301817290635
513,13063040628,0.5590081840019568
514,13063040629,0.5575231453242749
515,13063040630,0.6068769117932591
516,13063040631,0.5476443266081167
517,13063040632,0.5380359194725843
518,13063040633,0.5607546769721232
519,13063040634,0.5982346794976483
520,13063040635,0.5188685051273122
521,13063040636,0.5476550076332185
522,13063040637,0.5131705539206047
523,13063040638,0.5214881373897622
524,13063040639,0.514899942561114
525,13063980000,0.7390149559679212
526,13065970100,0.5835670836524901
527,13065970200,0.587000884443379
528,13067030104,0.5742093140056581
529,13067030107,0.553196567639456
530,13067030108,0.5590230099452393
531,13067030109,0.5693525585450058
532,13067030110,0.5778977452019453
533,13067030111,0.559360599429156
534,13067030112,0.5446002988041704
535,13067030113,0.5426874321400672
536,13067030220,0.6720352600877691
537,13067030233,0.5784994023100214
538,13067030235,0.5572471028300341
539,13067030236,0.5272218801594971
540,13067030240,0.5734214101849816
541,13067030241,0.5582609215781856
542,13067030242,0.5771502542717083
543,13067030243,0.6082177241954861
544,13067030244,0.546649714113624
545,13067030245,0.5635673057058671
546,13067030246,0.6440662527677242
547,13067030247,0.6563023938931505
548,13067030248,0.688294012042903
549,13067030249,0.6186165423102722
550,13067030250,0.5969844219337841
551,13067030251,0.5955455513589646
552,13067030252,0.5553517943393711
553,13067030253,0.5499467688812013
554,13067030254,0.5335567798020121
555,13067030255,0.5963944109144388
556,13067030256,0.662970307082789
557,13067030257,0.6720303067023089
558,13067030258,0.723066293141803
559,13067030259,0.6266045408873172
560,13067030260,0.5561799694491594
561,13067030261,0.5760814388625055
562,13067030262,0.5864926680321433
563,13067030263,0.5725366535479737
564,13067030264,0.5613179780522425
565,13067030265,0.5743886959289162
566,13067030266,0.5236185950736234
567,13067030267,0.5359602973515211
568,13067030268,0.5440827306032373
569,13067030269,0.5381117590635016
570,13067030270,0.5551266855636683
571,13067030271,0.5512839126597563
572,13067030272,0.5730765035112881
573,13067030273,0.6092620805002157
574,13067030274,0.5882931592744159
575,13067030275,0.6500373309085256
576,13067030276,0.5304812022939005
577,13067030277,0.5152392025638223
578,13067030278,0.6558126806315331
579,13067030319,0.6464386716829408
580,13067030322,0.568918239494028
581,13067030324,0.5735160135815704
582,13067030326,0.5779997295788332
583,13067030327,0.5801880387012249
584,13067030329,0.59634807064054
585,13067030331,0.6053477015032694
586,13067030332,0.6089209424100063
587,13067030334,0.6405484277818154
588,13067030335,0.6124620553679245
589,13067030337,0.6370852802606911
590,13067030340,0.5624612735096117
591,13067030341,0.5781995660425617
592,13067030342,0.5814962880501768
593,13067030343,0.607678357427935
594,13067030344,0.7454194667267146
595,13067030345,0.7459965682091338
596,13067030346,0.5851761543259759
597,13067030347,0.5861683159333957
598,13067030348,0.6359083174514342
599,13067030349,0.6690154397313396
600,13067030350,0.5787969350667909
601,13067030351,0.6588142541489836
602,13067030352,0.6823445132081284
603,13067030353,0.74195792981084
604,13067030354,0.709679795048556
605,13067030355,0.7852390909857894
606,13067030356,0.8061245995958154
607,13067030357,0.5829231869962586
608,13067030358,0.6107105397012971
609,13067030359,0.5828194838952424
610,13067030360,0.5809380327120609
611,13067030361,0.6088421824245821
612,13067030362,0.5933657264589688
613,13067030363,0.5689408302098372
614,13067030364,0.5753718664391788
615,13067030365,0.6390444317743188
616,13067030366,0.6243916861917365
617,13067030367,0.5687822195684166
618,13067030368,0.5789486519452549
619,13067030369,0.6107902235991204
620,13067030370,0.6128120897402175
621,13067030405,0.7144970889632801
622,13067030407,0.6679607287256012
623,13067030408,0.6829984174480878
624,13067030409,0.6313582206804423
625,13067030410,0.6513114460414074
626,13067030411,0.6694052884668664
627,13067030412,0.7475388283530068
628,13067030413,0.7568700342899567
629,13067030414,0.7046315139478826
630,13067030505,0.6725381364393114
631,13067030506,0.6754519331019962
632,13067030507,0.6481585415353643
633,13067030508,0.6552598241157428
634,13067030509,0.6153873832462996
635,13067030510,0.641667585887859
636,13067030511,0.7125036627198335
637,13067030602,0.6475868293489576
638,13067030603,0.68474574696823
639,13067030604,0.7090922979665238
640,13067030700,0.6911069359659429
641,13067030800,0.6811553619213719
642,13067030906,0.6058271263522531
643,13067030907,0.6275267403713037
644,13067030908,0.569822249573349
645,13067030909,0.5713357161301177
646,13067030910,0.6260219386323627
647,13067030911,0.5822615452455074
648,13067030912,0.6711155539215651
649,13067031001,0.6758555559231326
650,13067031004,0.5983187331615101
651,13067031005,0.5807608785032883
652,13067031006,0.5951053495994905
653,13067031007,0.5824447497540114
654,13067031101,0.6351029334907679
655,13067031110,0.627559910145886
656,13067031111,0.6770114380076238
657,13067031112,0.6681004475175937
658,13067031113,0.7135264068141307
659,13067031114,0.7348845556580542
660,13067031115,0.5950927029469881
661,13067031116,0.5901325374278453
662,13067031117,0.6074107152794433
663,13067031118,0.6386612548377939
664,13067031119,0.5908725673856136
665,13067031120,0.5985359196805107
666,13067031121,0.6845715616783208
667,13067031122,0.6537202048064784
668,13067031207,0.7644849972011221
669,13067031209,0.7008846023373866
670,13067031212,0.7323602208148162
671,13067031213,0.6904600544829715
672,13067031214,0.6758712165319709
673,13067031215,0.6953194491485672
674,13067031216,0.7060685501975725
675,13067031217,0.7738393630992985
676,13067031218,0.6675406148171061
677,13067031219,0.7586247149523032
678,13067031220,0.7005262964452809
679,13067031221,0.6417808211622252
680,13067031306,0.5876170315671435
681,13067031308,0.6101220100023907
682,13067031314,0.6699697879387977
683,13067031315,0.6541635907231472
684,13067031316,0.6527333825993133
685,13067031317,0.6312468493400264
686,13067031318,0.6385362451489927
687,13067031319,0.4911783107838728
688,13067031320,0.6532680905419017
689,13067031321,0.6450703137120146
690,13067031322,0.6203044335176922
691,13067031323,0.6044333169355862
692,13067031324,0.6108730225748812
693,13067031325,0.5931256494914436
694,13067031409,0.579578813535609
695,13067031410,0.5828072688612023
696,13067031411,0.5918950973986111
697,13067031412,0.5642859679889216
698,13067031413,0.6123437912570519
699,13067031414,0.5962977088427119
700,13067031415,0.5788661536533227
701,13067031416,0.5721840840565445
702,13067031417,0.5911212611902031
703,13067031506,0.5448279464291221
704,13067031507,0.5581051729240815
705,13067031510,0.5434936453688459
706,13067031511,0.547698140769395
707,13067031512,0.558470562961195
708,13067031513,0.5520444705701311
709,13067031514,0.5339832040054053
710,13067031515,0.47717288403445474
711,13067031516,0.5204604501035597
712,13067031517,0.5521440155051347
713,13067031518,0.5474005261835525
714,13069010100,0.6477186831033606
715,13069010200,0.6338197843171745
716,13069010301,0.5861300619861624
717,13069010302,0.5599827466112923
718,13069010401,0.6716008282416337
719,13069010402,0.6819582758271626
720,13069010500,0.7137831614462775
721,13069010600,0.7104198719377798
722,13069010701,0.6048895654272818
723,13069010702,0.7167250322813641
724,13069010801,0.6111692158658161
725,13069010802,0.5815089219272818
726,13071970101,0.605986568327016
727,13071970102,0.5995976387921922
728,13071970200,0.5375577477932874
729,13071970301,0.5982482360198755
730,13071970302,0.5867622328221744
731,13071970400,0.5953478589948162
732,13071970500,0.6335676905160238
733,13071970601,0.6163085610594984
734,13071970602,0.6836352203337518
735,13071970702,0.5388395806481026
736,13071970703,0.5434151677140782
737,13071970704,0.6650700749385732
738,13071970800,0.5761426679999094
739,13071970901,0.5533087959341463
740,13071970902,0.5465221689829474
741,13073030103,0.5818189227060513
742,13073030105,0.6156847349457412
743,13073030106,0.6117518064016162
744,13073030107,0.576933494042632
745,13073030108,0.6405716431760009
746,13073030201,0.5944630007702307
747,13073030202,0.6938690091147378
748,13073030203,0.6302741971391479
749,13073030304,0.5487288075800558
750,13073030306,0.5549504116815007
751,13073030307,0.5735857835022703
752,13073030308,0.5793094431055569
753,13073030310,0.5718986047280876
754,13073030311,0.5437428080162302
755,13073030312,0.5659110262618406
756,13073030313,0.5981704674988624
757,13073030401,0.5419950894534017
758,13073030403,0.5292225139746465
759,13073030404,0.5351040566830656
760,13073030503,0.5381008671991498
761,13073030504,0.5206124522583261
762,13073030505,0.5087781198065159
763,13073030507,0.5488320220019666
764,13073030508,0.5718527894946354
765,13073030603,0.6326323740962672
766,13075960100,0.6757919419042947
767,13075960200,0.5655850179969634
768,13075960301,0.5727398316716773
769,13075960302,0.5774905350523672
770,13075960400,0.5760928439356446
771,13077170101,0.5715487735148485
772,13077170102,0.5779837034696667
773,13077170200,0.5826913194784421
774,13077170303,0.5875456670733384
775,13077170304,0.652805142900195
776,13077170307,0.564516924723713
777,13077170308,0.5800544371448444
778,13077170309,0.6307968685244204
779,13077170310,0.6030900316630858
780,13077170403,0.5856071113608171
781,13077170404,0.5752529970706838
782,13077170405,0.5932539291890296
783,13077170406,0.5721728238279512
784,13077170407,0.5758700238557837
785,13077170408,0.5856736520677955
786,13077170501,0.5847409954541474
787,13077170502,0.5730413992935894
788,13077170503,0.5714108649318096
789,13077170603,0.5592800634889723
790,13077170604,0.6212716550996348
791,13077170605,0.5700434403310702
792,13077170606,0.5792492569279544
793,13077170607,0.5716095805692859
794,13077170701,0.579241609856377
795,13077170702,0.5689505196804362
796,13077170801,0.5759389245461957
797,13077170802,0.5762879564546058
798,13079070100,0.576026934673343
799,13079070201,0.58744904028803
800,13079070202,0.5875961657034948
801,13081010100,0.6590200356247644
802,13081010201,0.6030518383167857
803,13081010202,0.5689526586177246
804,13081010300,0.5533897531485368
805,13081010400,0.6355920454647913
806,13081010500,0.6477593827784816
807,13083040102,0.5671146161766184
808,13083040103,0.5829298220814573
809,13083040104,0.6325307815825367
810,13083040200,0.6261987900297022
811,13083040300,0.5746840918820507
812,13085970101,0.5809596531775474
813,13085970102,0.578409361972236
814,13085970103,0.5902069678443999
815,13085970203,0.592833318684558
816,13085970204,0.5460391557220406
817,13085970205,0.5781516444884285
818,13085970206,0.5802229968638901
819,13087970100,0.5593683447050991
820,13087970200,0.6226321282846126
821,13087970301,0.5765406702342983
822,13087970302,0.5206975508878848
823,13087970400,0.5604143964044597
824,13087970600,0.5570996740736274
825,13087970700,0.5560537405224653
826,13087970800,0.5526787535519758
827,13089020100,0.7368029263926894
828,13089020200,0.694622851695396
829,13089020300,0.6691187355011637
830,13089020400,0.6755491729705254
831,13089020500,0.6518265681978809
832,13089020600,0.6415978014449577
833,13089020700,0.6258959002009407
834,13089020801,0.633881474698644
835,13089020802,0.6221200250882808
836,13089020901,0.6524776098344994
837,13089020902,0.6350439439894114
838,13089021101,0.7457740767813982
839,13089021103,0.70431542426489
840,13089021104,0.7132070063807341
841,13089021204,0.6816262611437656
842,13089021208,0.7073377333796887
843,13089021210,0.6887483487738579
844,13089021211,0.6598847167970006
845,13089021213,0.6958838383479016
846,13089021217,0.6729667352062215
847,13089021219,0.7683292430001416
848,13089021220,0.7404164175661394
849,13089021221,0.7415345585623767
850,13089021222,0.7162598168381742
851,13089021223,0.761611738559346
852,13089021224,0.6808527506051936
853,13089021225,0.7070986496307121
854,13089021226,0.7599526027934269
855,13089021227,0.791716069341685
856,13089021228,0.6673530747643819
857,13089021229,0.6715212646743273
858,13089021230,0.7805756939250464
859,13089021301,0.7011664235252937
860,13089021305,0.6770930080047466
861,13089021306,0.6924851093272513
862,13089021307,0.7023659064575819
863,13089021308,0.7033282945733885
864,13089021309,0.6968078635626279
865,13089021310,0.6958498606616541
866,13089021405,0.6733152237577412
867,13089021409,0.665422764718322
868,13089021410,0.6437197793228335
869,13089021411,0.6747289703196735
870,13089021412,0.693050944356521
871,13089021415,0.7148845860103455
872,13089021416,0.6982273981164023
873,13089021417,0.7111302375018078
874,13089021418,0.6540448999106968
875,13089021419,0.663441039434371
876,13089021420,0.6456185898245238
877,13089021421,0.6319508270067296
878,13089021502,0.7163274420653796
879,13089021503,0.7185391919040072
880,13089021505,0.7775470505698377
881,13089021506,0.734293106943264
882,13089021602,0.68442820413212
883,13089021604,0.6664298445768142
884,13089021606,0.6905414721119131
885,13089021607,0.6890264844125958
886,13089021608,0.6559526068634415
887,13089021609,0.6637548657283739
888,13089021703,0.6597648222261399
889,13089021707,0.6529723972774858
890,13089021708,0.6333889031395089
891,13089021709,0.6637917576238118
892,13089021710,0.6771444146123982
893,13089021711,0.6896870478280879
894,13089021712,0.6669751477318085
895,13089021808,0.6660692703158129
896,13089021812,0.6885303349456899
897,13089021813,0.6591819833133513
898,13089021815,0.669580671480829
899,13089021816,0.5952270732152753
900,13089021817,0.5936445249126743
901,13089021818,0.6429976743214164
902,13089021819,0.6458683308014467
903,13089021820,0.6687753189472814
904,13089021821,0.6495833363097977
905,13089021822,0.6295967358830543
906,13089021823,0.6112165586448184
907,13089021824,0.6333345494595357
908,13089021906,0.5495878813438276
909,13089021908,0.5620736846730553
910,13089021910,0.5882607589077817
911,13089021911,0.589144343923922
912,13089021912,0.5990277603441254
913,13089021913,0.5731169732788435
914,13089021914,0.5420494910620827
915,13089021915,0.556469770714969
916,13089021916,0.5606517976232347
917,13089021917,0.5248517723521143
918,13089022001,0.6031574306458476
919,13089022005,0.5640023635954803
920,13089022007,0.5822109322847516
921,13089022010,0.544138557175997
922,13089022011,0.5597891473002357
923,13089022012,0.565370585680731
924,13089022013,0.5840502615105281
925,13089022014,0.5660757247423733
926,13089022015,0.538911913695555
927,13089022016,0.5624371952876479
928,13089022100,0.6268064497866449
929,13089022203,0.6301536024625468
930,13089022205,0.632904100801833
931,13089022206,0.6617555392111742
932,13089022302,0.6530419435013556
933,13089022303,0.6783576970340326
934,13089022304,0.7187215486542163
935,13089022401,0.7686481466988466
936,13089022403,0.7318162305602515
937,13089022404,0.6739863442954788
938,13089022405,0.8353171198871796
939,13089022501,0.6394375514608562
940,13089022502,0.7347087321057721
941,13089022601,0.6792921396308317
942,13089022602,0.7063618057777098
943,13089022700,0.672360694954014
944,13089022800,0.6432062774217644
945,13089022900,0.6210369201788357
946,13089023000,0.6253363144371508
947,13089023101,0.5761388894468393
948,13089023102,0.594624267104834
949,13089023107,0.5779215190466357
950,13089023108,0.5540494302436163
951,13089023111,0.549596222731881
952,13089023112,0.5767112424342504
953,13089023113,0.6133505782664648
954,13089023114,0.5668374400459051
955,13089023115,0.5660804098809327
956,13089023209,0.5082106113999717
957,13089023211,0.5256422370392052
958,13089023212,0.524483093519848
959,13089023213,0.5557249998877022
960,13089023214,0.5239638046451695
961,13089023215,0.5383421045474039
962,13089023216,0.5309181682463544
963,13089023217,0.5112312220649403
964,13089023218,0.5091771142598139
965,13089023219,0.5419359294707639
966,13089023220,0.5202355898306741
967,13089023221,0.4697730136048321
968,13089023222,0.4956395713307878
969,13089023311,0.5219940031139372
970,13089023313,0.5109530995100325
971,13089023315,0.5393650586246111
972,13089023317,0.5461987735322279
973,13089023318,0.5620527657018846
974,13089023319,0.5101440628602942
975,13089023320,0.5044469618247112
976,13089023321,0.5204066677617482
977,13089023322,0.5085604587073673
978,13089023323,0.5151630938156833
979,13089023324,0.4992353416412218
980,13089023325,0.5011748412133418
981,13089023326,0.497418070118737
982,13089023327,0.5261516998300644
983,13089023328,0.5202392342505592
984,13089023329,0.5057671807136662
985,13089023330,0.5268938611887034
986,13089023331,0.5034401498456618
987,13089023332,0.49839438788285334
988,13089023410,0.5676779105536641
989,13089023411,0.5985076528868545
990,13089023413,0.546484778982815
991,13089023422,0.5695012330869778
992,13089023424,0.6212759017186049
993,13089023425,0.5323475963040594
994,13089023426,0.5322758051458537
995,13089023427,0.5154320183413292
996,13089023429,0.5176320104821583
997,13089023430,0.5241012311994536
998,13089023431,0.5110470639084005
999,13089023432,0.5361578691852337
1000,13089023433,0.540424488037383
1001,13089023434,0.5511637176159558
1002,13089023435,0.6165323948051046
1003,13089023436,0.536877321647102
1004,13089023437,0.545567208820688
1005,13089023438,0.5750322737206701
1006,13089023439,0.5485413191206379
1007,13089023440,0.5053588261573381
1008,13089023441,0.5266326888210764
1009,13089023442,0.5472157348340692
1010,13089023443,0.6706861472533654
1011,13089023444,0.6175498778402646
1012,13089023445,0.550061226844026
1013,13089023446,0.5608744570764459
1014,13089023447,0.5318179282513641
1015,13089023448,0.547735965636038
1016,13089023501,0.5533664839968606
1017,13089023504,0.5555580912236548
1018,13089023505,0.5522813860719819
1019,13089023506,0.5564978863549613
1020,13089023507,0.545942200330352
1021,13089023601,0.5957713824372987
1022,13089023602,0.5858557256708232
1023,13089023603,0.5745348999517458
1024,13089023701,0.6243347002901056
1025,13089023702,0.6075416927041623
1026,13089023801,0.6725909231927527
1027,13089023802,0.6521964798600122
1028,13089023803,0.6323562248235857
1029,13089980000,0.5435957849325346
1030,13091960100,0.5681498346890491
1031,13091960200,0.5648176557413538
1032,13091960301,0.5627450290122641
1033,13091960302,0.5678894823803136
1034,13091960400,0.5542092233327414
1035,13091960500,0.5510335763972143
1036,13091960600,0.5517753357651461
1037,13093970100,0.5558722628758052
1038,13093970200,0.5810753176548649
1039,13093970300,0.5981592162152044
1040,13095000101,0.6753395943955567
1041,13095000102,0.6840533999897327
1042,13095000200,0.6860729120739376
1043,13095000400,0.6465533955075322
1044,13095000501,0.6766430867473854
1045,13095000502,0.6564580843595507
1046,13095000600,0.715976312080751
1047,13095000700,0.694111132067978
1048,13095000800,0.7363007441685551
1049,13095000900,0.7013980253438409
1050,13095001000,0.6639286789037151
1051,13095001100,0.663733525988547
1052,13095001403,0.6389194989114811
1053,13095001500,0.7083625587816332
1054,13095010302,0.7823944596701037
1055,13095010401,0.6092212731768141
1056,13095010402,0.6253873886710003
1057,13095010403,0.6144925608769617
1058,13095010500,0.6247847092837441
1059,13095010601,0.6547091372854398
1060,13095010602,0.6354448153959578
1061,13095010701,0.8054833606938158
1062,13095010702,0.5486766282638154
1063,13095010900,0.6353365922586095
1064,13095011000,0.6387797650406537
1065,13095011200,0.6412603272118683
1066,13095011300,0.594468181506007
1067,13095011400,0.6421132977514911
1068,13095011600,0.6268887622782935
1069,13097080104,0.6260563234343469
1070,13097080105,0.6446753980372846
1071,13097080106,0.6085873450364805
1072,13097080107,0.6054614454422084
1073,13097080201,0.5729918992669285
1074,13097080203,0.5953794003195544
1075,13097080204,0.5912764927543004
1076,13097080303,0.5749694292844577
1077,13097080304,0.5612475550049933
1078,13097080305,0.5664948589120307
1079,13097080306,0.5418662588654144
1080,13097080307,0.5326628655394695
1081,13097080403,0.5610066716625328
1082,13097080405,0.5673567009644759
1083,13097080406,0.5710948278354401
1084,13097080407,0.5695464303859625
1085,13097080408,0.5464128468511729
1086,13097080505,0.5832175304885269
1087,13097080506,0.5712912515246408
1088,13097080507,0.5711245079318241
1089,13097080508,0.595904678552012
1090,13097080509,0.5863100440258683
1091,13097080512,0.5680458389062618
1092,13097080513,0.5544103822041101
1093,13097080514,0.5649666828476878
1094,13097080515,0.5630452199171679
1095,13097080602,0.6205193647692616
1096,13097080605,0.5816645338326657
1097,13097080606,0.5739600832333721
1098,13097080607,0.5802465018499742
1099,13097080608,0.5725158346111952
1100,13099090100,0.5414023675160153
1101,13099090200,0.6082005251877545
1102,13099090300,0.5408243890826361
1103,13099090400,0.5415438456220121
1104,13099090500,0.5414543589566281
1105,13101880100,0.5976737300951217
1106,13101880200,0.6073155708857233
1107,13103030100,0.5661235897676827
1108,13103030204,0.5441181845400975
1109,13103030205,0.5719728054759795
1110,13103030206,0.5779466916778873
1111,13103030207,0.5245108117016558
1112,13103030208,0.5383556869435574
1113,13103030209,0.520636487974085
1114,13103030301,0.5563024229280639
1115,13103030303,0.5216792053325651
1116,13103030306,0.5282302564116812
1117,13103030307,0.5591888687532895
1118,13103030308,0.5253245012117868
1119,13103030309,0.5612777777191023
1120,13103030401,0.5520094389552199
1121,13103030403,0.5711907551582028
1122,13103030404,0.5345428698969238
1123,13105000100,0.5552311247936758
1124,13105000200,0.5768727585459726
1125,13105000300,0.5575118854546713
1126,13105000400,0.5682569486548421
1127,13105000501,0.5612024787482323
1128,13105000502,0.5764275746792171
1129,13107970101,0.5754447954166648
1130,13107970102,0.6273548472229066
1131,13107970200,0.5912189851520376
1132,13107970300,0.5215522787202204
1133,13107970401,0.4964552778935229
1134,13107970402,0.507367528202845
1135,13107970500,0.49920091513706577
1136,13107970601,0.5245348529168324
1137,13107970602,0.5114484882053977
1138,13109970100,0.569819897316654
1139,13109970200,0.5705014383324841
1140,13109970300,0.5892914458564713
1141,13111050100,0.6045990726007664
1142,13111050200,0.5780578724877805
1143,13111050300,0.5598397239992031
1144,13111050400,0.5818395920885194
1145,13111050500,0.6024560773457995
1146,13113140102,0.564484853818742
1147,13113140103,0.6012178961488293
1148,13113140104,0.5820689600618425
1149,13113140203,0.5918134688324355
1150,13113140204,0.5908442226402422
1151,13113140206,0.5888176724798864
1152,13113140207,0.6182917705164805
1153,13113140209,0.5936720608485111
1154,13113140210,0.5822739737272006
1155,13113140303,0.5746105050697843
1156,13113140304,0.6067679296000583
1157,13113140305,0.5937713698405219
1158,13113140307,0.5992263552995467
1159,13113140308,0.5562249470037749
1160,13113140309,0.6395783929492789
1161,13113140403,0.6059305522601052
1162,13113140404,0.5655764871973414
1163,13113140405,0.5786920821400002
1164,13113140406,0.5412853490988307
1165,13113140408,0.541127648347976
1166,13113140409,0.5525837575666064
1167,13113140410,0.5583306513873804
1168,13113140501,0.5666695793426865
1169,13113140502,0.5680387862245188
1170,13115000100,0.573044376093195
1171,13115000202,0.5879800056088808
1172,13115000203,0.6056750213958403
1173,13115000204,0.617856785832337
1174,13115000300,0.578983420769441
1175,13115000401,0.5233643832561283
1176,13115000402,0.5777104220034829
1177,13115000403,0.5969852305305456
1178,13115000500,0.6487180875036365
1179,13115000600,0.6694220651731423
1180,13115000700,0.589514546261683
1181,13115000800,0.6751812243296433
1182,13115000900,0.6139505661796743
1183,13115001100,0.6020053115641463
1184,13115001200,0.7026013789592959
1185,13115001301,0.5875197666281632
1186,13115001302,0.5811851935262349
1187,13115001400,0.5939529722561346
1188,13115001600,0.7138266098666187
1189,13115001703,0.5871141601716552
1190,13115001704,0.5586545967526644
1191,13115001705,0.6019393500615758
1192,13115001706,0.5501404357909927
1193,13115001800,0.6421863679588622
1194,13115002000,0.5892786383395441
1195,13115002100,0.6158567965241213
1196,13117130101,0.5558227767275302
1197,13117130102,0.5540340456204514
1198,13117130103,0.5718213985741958
1199,13117130104,0.565335899757426
1200,13117130105,0.551238332210777
1201,13117130201,0.5704015335297858
1202,13117130202,0.5543915125902514
1203,13117130203,0.5652370093070089
1204,13117130204,0.5625132118441517
1205,13117130205,0.56428412169897
1206,13117130301,0.5679753832922246
1207,13117130302,0.5919773709167664
1208,13117130303,0.5626813831104305
1209,13117130304,0.6265272736280788
1210,13117130305,0.5733912369288472
1211,13117130306,0.6163815267316093
1212,13117130307,0.5902392690349295
1213,13117130406,0.6532023490547576
1214,13117130409,0.5897652551274205
1215,13117130410,0.5979240859624112
1216,13117130411,0.6009535034820359
1217,13117130412,0.5687577259936251
1218,13117130413,0.6278977981954167
1219,13117130414,0.6002745836045305
1220,13117130415,0.6172493332916249
1221,13117130503,0.5739786819616494
1222,13117130504,0.5831802368855771
1223,13117130505,0.5698226665146109
1224,13117130506,0.5776651469112186
1225,13117130507,0.5829340012868105
1226,13117130508,0.5671177674759192
1227,13117130509,0.5983386250434641
1228,13117130511,0.5691958369679266
1229,13117130512,0.5997658005922241
1230,13117130601,0.6438343909408294
1231,13117130602,0.6947084604673353
1232,13117130603,0.6519980914033385
1233,13117130604,0.6560676273595961
1234,13117130605,0.6072864967361199
1235,13117130606,0.6295395784439848
1236,13117130607,0.5794552618945852
1237,13117130608,0.6226410696935128
1238,13117130609,0.5670295755107675
1239,13117130610,0.6191529085859354
1240,13117130611,0.5626524151547299
1241,13117130613,0.6445024400435369
1242,13117130614,0.616894202038247
1243,13117130615,0.6168704233198126
1244,13119890101,0.5166648236435188
1245,13119890103,0.4776425668985609
1246,13119890104,0.5111372242856197
1247,13119890201,0.5431338988488492
1248,13119890202,0.5336101401065693
1249,13119890300,0.5624906606034309
1250,13119890401,0.5663936212639397
1251,13119890402,0.535317420593838
1252,13121000100,0.730394608104146
1253,13121000201,0.7498961366005307
1254,13121000202,0.7578420137235528
1255,13121000400,0.776541460622847
1256,13121000501,0.7861339787425458
1257,13121000502,0.7951840190676065
1258,13121000601,0.7985641741860438
1259,13121000602,0.8220898894254762
1260,13121000700,0.7554553715491786
1261,13121001001,0.8150264952746271
1262,13121001002,0.8353427000740485
1263,13121001101,0.8243460862830713
1264,13121001102,0.8077003617971612
1265,13121001203,0.8407736111960606
1266,13121001204,0.7922290178502727
1267,13121001205,0.8174146956898407
1268,13121001206,0.8251549069978442
1269,13121001301,0.8138246912119244
1270,13121001302,0.7184292474996419
1271,13121001400,0.74861551620811
1272,13121001501,0.686724480323909
1273,13121001502,0.7031540158688053
1274,13121001600,0.6927741403764163
1275,13121001701,0.7638682891046323
1276,13121001702,0.7489365490928157
1277,13121001801,0.8358434265000322
1278,13121001802,0.8864127068466385
1279,13121001901,1.0
1280,13121001902,0.8263461941376422
1281,13121002100,0.9259845333737501
1282,13121002300,0.7652662850145613
1283,13121002400,0.720796452708106
1284,13121002500,0.7952469393056257
1285,13121002600,0.8588891330238689
1286,13121002801,0.9171764138080729
1287,13121002802,0.9073373908851307
1288,13121002900,0.7814597468791805
1289,13121003000,0.7027535441906176
1290,13121003100,0.6813532649948497
1291,13121003200,0.7330704153986741
1292,13121003500,0.9239061788461161
1293,13121003600,0.8622617748036719
1294,13121003700,0.769821334422007
1295,13121003800,0.7807991872583933
1296,13121003900,0.7237373518651409
1297,13121004000,0.68115663890438
1298,13121004100,0.676874208930577
1299,13121004200,0.7102845592547475
1300,13121004300,0.7620044974933841
1301,13121004400,0.79087398700123
1302,13121004800,0.8479134046311673
1303,13121004900,0.7863707988111992
1304,13121005000,0.7105805712004043
1305,13121005200,0.6900231584061713
1306,13121005300,0.7153829781062637
1307,13121005501,0.720377748651102
1308,13121005503,0.6376454253551056
1309,13121005504,0.676776674522846
1310,13121005700,0.710007286021945
1311,13121005800,0.6951339786470432
1312,13121006000,0.6526136361775269
1313,13121006100,0.6471638916803166
1314,13121006200,0.6709568670191264
1315,13121006300,0.6873897306049895
1316,13121006400,0.7049455596587813
1317,13121006500,0.6674071809097012
1318,13121006601,0.6455273942604269
1319,13121006602,0.6449754695814408
1320,13121006701,0.6424571011813062
1321,13121006702,0.6407396650525798
1322,13121006801,0.7002495542570729
1323,13121006802,0.6827114341923464
1324,13121006900,0.6567636100128545
1325,13121007001,0.6725686797133539
1326,13121007002,0.6632364468607692
1327,13121007100,0.6673651821301263
1328,13121007200,0.6708738029393745
1329,13121007301,0.7033656080372382
1330,13121007302,0.681315063865496
1331,13121007400,0.7040582533332829
1332,13121007500,0.6756055745034899
1333,13121007602,0.6124750502473868
1334,13121007603,0.620635286032784
1335,13121007604,0.6127968000681856
1336,13121007703,0.6099769177076474
1337,13121007705,0.6202236931498378
1338,13121007707,0.5984635102784376
1339,13121007708,0.614586026979451
1340,13121007709,0.6250940460950591
1341,13121007710,0.628074178687154
1342,13121007711,0.6194409486120256
1343,13121007805,0.6436097860478333
1344,13121007806,0.6695316528910703
1345,13121007807,0.6337879687517926
1346,13121007808,0.6288120989294108
1347,13121007809,0.6296064774719803
1348,13121007810,0.6151380408059223
1349,13121007900,0.63525778076554
1350,13121008000,0.6384410653550444
1351,13121008103,0.6318403199532455
1352,13121008104,0.6517519143642163
1353,13121008202,0.6574554658046393
1354,13121008203,0.6408376506700292
1355,13121008204,0.6357777966622615
1356,13121008301,0.6630693039612322
1357,13121008302,0.6583716774286958
1358,13121008400,0.7065465741105692
1359,13121008500,0.6939570075698684
1360,13121008601,0.6746898015775324
1361,13121008602,0.6583917069416241
1362,13121008701,0.683254405422604
1363,13121008702,0.7142022985624525
1364,13121008801,0.6760768185922416
1365,13121008802,0.6866909739180229
1366,13121008903,0.691948209325842
1367,13121008905,0.7295303608481273
1368,13121008906,0.6739083190789595
1369,13121008907,0.7067871150593584
1370,13121008908,0.7480961032262524
1371,13121008909,0.730467728435383
1372,13121009001,0.7436526828402761
1373,13121009002,0.7155393797354024
1374,13121009103,0.7753052226798919
1375,13121009104,0.7241602250351098
1376,13121009105,0.7638886783456786
1377,13121009106,0.7447776642404772
1378,13121009201,0.7098961463293811
1379,13121009202,0.7381958158807298
1380,13121009203,0.71420761068223
1381,13121009301,0.7354669250200485
1382,13121009302,0.7286939116760554
1383,13121009405,0.7094947317689394
1384,13121009406,0.711542447690797
1385,13121009407,0.7100191990202108
1386,13121009408,0.7367206493601941
1387,13121009409,0.8160751636684546
1388,13121009410,0.7922102514290231
1389,13121009411,0.7600750747059467
1390,13121009501,0.7368884805647669
1391,13121009503,0.7467544597901191
1392,13121009504,0.7829211968846974
1393,13121009601,0.8269332605036082
1394,13121009604,0.7763347311170598
1395,13121009605,0.8222602569668717
1396,13121009606,0.747235581647968
1397,13121009607,0.7944707220008703
1398,13121009700,0.7149020349332308
1399,13121009802,0.7316195123857036
1400,13121009803,0.7168662568606534
1401,13121009804,0.7204205347180853
1402,13121009900,0.7677996149963243
1403,13121010003,0.8058886091307684
1404,13121010004,0.7591113744136729
1405,13121010005,0.7475798288567284
1406,13121010006,0.8222746760040138
1407,13121010007,0.7911420557482224
1408,13121010106,0.6538921607393552
1409,13121010107,0.6409913542453788
1410,13121010108,0.6409981913631048
1411,13121010115,0.719891386478847
1412,13121010117,0.6547215839837248
1413,13121010120,0.6403357468487969
1414,13121010121,0.7994263643001556
1415,13121010124,0.6844537384354827
1416,13121010125,0.6061582224045846
1417,13121010126,0.758774277974813
1418,13121010127,0.825096568258443
1419,13121010128,0.7716557724808072
1420,13121010129,0.8117778174504817
1421,13121010130,0.7734921391290831
1422,13121010131,0.6626600831182866
1423,13121010132,0.811776262059072
1424,13121010133,0.7803407765324444
1425,13121010134,0.6385991209678269
1426,13121010135,0.6373440979939468
1427,13121010136,0.7485531087808716
1428,13121010137,0.770556290914051
1429,13121010204,0.7024551521365914
1430,13121010211,0.7312391720134719
1431,13121010212,0.7334112944048392
1432,13121010213,0.6071728803887563
1433,13121010214,0.6679708808460045
1434,13121010215,0.6375658067361623
1435,13121010216,0.7193920555338628
1436,13121010217,0.6575127050378077
1437,13121010218,0.6248138183773495
1438,13121010219,0.636795555349606
1439,13121010220,0.7367271737619016
1440,13121010221,0.7483183511197465
1441,13121010222,0.7254167296675397
1442,13121010223,0.7263494158608189
1443,13121010305,0.6274125086670096
1444,13121010306,0.6168082483646639
1445,13121010307,0.6221356388378151
1446,13121010308,0.6008726015944914
1447,13121010309,0.5825843201161635
1448,13121010310,0.5750460982295417
1449,13121010311,0.5888132821202287
1450,13121010312,0.6653500450459574
1451,13121010313,0.6270224580861665
1452,13121010314,0.5811209421213918
1453,13121010315,0.5814711575871815
1454,13121010401,0.588281147455451
1455,13121010402,0.5874319805343141
1456,13121010508,0.6149328270618235
1457,13121010517,0.5778929925488543
1458,13121010518,0.5613803455965759
1459,13121010519,0.5860021736009113
1460,13121010520,0.5912858934862975
1461,13121010521,0.6538205905651115
1462,13121010522,0.6574714375686498
1463,13121010523,0.6235963743838093
1464,13121010524,0.6053992709572508
1465,13121010525,0.632418397155081
1466,13121010526,0.6014399998020078
1467,13121010527,0.6088812175262905
1468,13121010528,0.5932396005894517
1469,13121010529,0.6173866220197365
1470,13121010530,0.6603101703680436
1471,13121010531,0.600518174363944
1472,13121010532,0.6172987833903115
1473,13121010533,0.5602476167837387
1474,13121010534,0.5996156160854675
1475,13121010535,0.5827922564970195
1476,13121010536,0.5841311250305801
1477,13121010537,0.5700525551774631
1478,13121010538,0.5836581434059324
1479,13121010539,0.6081783118192083
1480,13121010540,0.5983991396160866
1481,13121010601,0.7057071573361314
1482,13121010603,0.706131632965491
1483,13121010604,0.6875971105025075
1484,13121010801,0.7925319445679968
1485,13121010802,0.7628284128996718
1486,13121011000,0.7302512581903501
1487,13121011100,0.6832460249279367
1488,13121011202,0.6808094010131833
1489,13121011203,0.642684469296524
1490,13121011204,0.5993168238593931
1491,13121011301,0.633374623872785
1492,13121011306,0.6306512846791276
1493,13121011307,0.6640834237971217
1494,13121011308,0.6783737112264269
1495,13121011309,0.6327013464664465
1496,13121011310,0.6554769492529146
1497,13121011416,0.6937089655399711
1498,13121011417,0.653794948992323
1499,13121011419,0.6468206743952473
1500,13121011421,0.6752724307012103
1501,13121011422,0.6339818728131151
1502,13121011423,0.6294849558546971
1503,13121011424,0.6181862526225934
1504,13121011426,0.6235815926387053
1505,13121011428,0.6608029949555281
1506,13121011429,0.661922017889866
1507,13121011430,0.6625332786943218
1508,13121011431,0.6921286266538582
1509,13121011432,0.6177876723996948
1510,13121011433,0.6129539257013673
1511,13121011434,0.6879395739043794
1512,13121011435,0.6430324064359948
1513,13121011436,0.6307888486314482
1514,13121011437,0.6488378888088168
1515,13121011438,0.6503326682304942
1516,13121011439,0.6297003084809331
1517,13121011440,0.6220884389477468
1518,13121011441,0.6439692339695573
1519,13121011442,0.6465173333868868
1520,13121011443,0.6234913514350451
1521,13121011444,0.6259661945808818
1522,13121011445,0.6425901909104909
1523,13121011446,0.6048696837130417
1524,13121011505,0.6389566851402138
1525,13121011507,0.6058081963809149
1526,13121011508,0.6241693555936771
1527,13121011509,0.6077864915077099
1528,13121011510,0.6252815291893555
1529,13121011511,0.6455934690201761
1530,13121011512,0.5992079416779114
1531,13121011513,0.6056123424311524
1532,13121011514,0.6083838304706226
1533,13121011515,0.629458493130519
1534,13121011612,0.6475994974945906
1535,13121011618,0.6981777313550723
1536,13121011624,0.6196719322770442
1537,13121011627,0.6436366966109536
1538,13121011628,0.6378857944527022
1539,13121011629,0.6203838512318488
1540,13121011630,0.6131022513996501
1541,13121011631,0.6234765263913367
1542,13121011632,0.637337748384891
1543,13121011633,0.5998176631730106
1544,13121011634,0.625195273433195
1545,13121011635,0.6289576735262337
1546,13121011636,0.7291606385216174
1547,13121011637,0.6980602731250043
1548,13121011638,0.6468384851881382
1549,13121011639,0.7223760528870236
1550,13121011640,0.7359226170963336
1551,13121011641,0.659721398404866
1552,13121011642,0.7085895230562432
1553,13121011643,0.725333088498046
1554,13121011644,0.7221464409915989
1555,13121011645,0.6722024338576175
1556,13121011646,0.7240969444987995
1557,13121011647,0.694489698785634
1558,13121011648,0.68111971974955
1559,13121011649,0.6148214910634644
1560,13121011650,0.6897561300049322
1561,13121011651,0.693723883341474
1562,13121011652,0.659177566886627
1563,13121011653,0.6985522780897967
1564,13121011654,0.72209557457902
1565,13121011655,0.6810366845512195
1566,13121011656,0.6764047585631524
1567,13121011657,0.6244778994830203
1568,13121011658,0.6030427044938202
1569,13121011659,0.6097865934893143
1570,13121011660,0.6771386153085038
1571,13121011661,0.6456916285705816
1572,13121011801,0.7862093789731138
1573,13121011802,0.8371641286505922
1574,13121011901,0.9087860278431733
1575,13121011902,0.8017284091303131
1576,13121012000,0.7637378596460912
1577,13121012300,0.7905036875778865
1578,13121980000,0.8096003029597572
1579,13123080100,0.5996697618876916
1580,13123080200,0.5719620549199886
1581,13123080301,0.5984455712389019
1582,13123080302,0.5815003197209512
1583,13123080401,0.591491730693332
1584,13123080402,0.583536776962686
1585,13123080403,0.5745210742390313
1586,13123080500,0.5938519171123533
1587,13125010100,0.5541105838413244
1588,13127000101,0.6295557732877775
1589,13127000103,0.6922650282425007
1590,13127000104,0.6497894773191317
1591,13127000201,0.6486943591582766
1592,13127000202,0.6137286973601359
1593,13127000301,0.6085199218839843
1594,13127000302,0.6047450942560342
1595,13127000303,0.6364640564695098
1596,13127000403,0.6345003591089281
1597,13127000405,0.5549868329737753
1598,13127000406,0.6049292908362355
1599,13127000407,0.6055380952613056
1600,13127000408,0.6197246174964488
1601,13127000409,0.5622204929729945
1602,13127000501,0.6448431008739232
1603,13127000503,0.7005655892511
1604,13127000504,0.7032742980682071
1605,13127000601,0.6531741599255496
1606,13127000602,0.641533302949793
1607,13127000701,0.6140914205704352
1608,13127000702,0.7046733669680914
1609,13127000800,0.6740574995530043
1610,13127000900,0.6817404871726723
1611,13127001001,0.708338264964906
1612,13127001002,0.5782450020387667
1613,13127990000,0.6432060724789912
1614,13129970101,0.6045179938796131
1615,13129970102,0.5581339247216287
1616,13129970201,0.5915162154783705
1617,13129970202,0.6129461784576326
1618,13129970301,0.63168039081988
1619,13129970302,0.6250892410670242
1620,13129970400,0.6004289761919663
1621,13129970500,0.7508606018622124
1622,13129970601,0.6843144858670631
1623,13129970602,0.5366196985760197
1624,13129970700,0.6725197066799705
1625,13129970801,0.6536655459726224
1626,13129970802,0.6282226531509997
1627,13129970901,0.6218549930688793
1628,13129970902,0.5594174744210662
1629,13131950100,0.5220270872950784
1630,13131950200,0.5147821095814509
1631,13131950300,0.6185071438713897
1632,13131950401,0.602552331013383
1633,13131950402,0.6215749620962774
1634,13131950501,0.6374034088980897
1635,13131950502,0.6318763077281488
1636,13131950600,0.6306167482592882
1637,13133950100,0.5887146043683702
1638,13133950200,0.5855759007831797
1639,13133950301,0.5922159633762151
1640,13133950302,0.5916438209540521
1641,13133950304,0.5912902550888638
1642,13133950305,0.5926240773080524
1643,13133950400,0.5601590830820714
1644,13133950500,0.5581008204330717
1645,13135050105,0.5720021542547383
1646,13135050110,0.5810195599106168
1647,13135050111,0.608936451830248
1648,13135050112,0.5572327620172758
1649,13135050113,0.590220258823814
1650,13135050114,0.5896819192368732
1651,13135050115,0.6102373593543748
1652,13135050116,0.5698718568341465
1653,13135050117,0.5417067435294685
1654,13135050118,0.5295821723760118
1655,13135050119,0.5488572933290122
1656,13135050120,0.5521483050564152
1657,13135050121,0.5501628269072523
1658,13135050205,0.6370580068206264
1659,13135050215,0.6497518902418489
1660,13135050218,0.6518714943355897
1661,13135050219,0.6382503651231226
1662,13135050221,0.6437265291344978
1663,13135050222,0.6790943606819182
1664,13135050223,0.6606835405646646
1665,13135050224,0.6347682008605782
1666,13135050225,0.5653237792854934
1667,13135050226,0.5953798264782382
1668,13135050227,0.6517454858919653
1669,13135050228,0.6516875376500211
1670,13135050229,0.651126897633671
1671,13135050230,0.6937283111820586
1672,13135050231,0.6653180377560985
1673,13135050232,0.6953531546582042
1674,13135050233,0.6439678615803545
1675,13135050234,0.6532620010801482
1676,13135050235,0.6295974983007544
1677,13135050236,0.6964980004361305
1678,13135050237,0.6690148901598092
1679,13135050238,0.6695570706271136
1680,13135050239,0.616558134171147
1681,13135050240,0.6117168358794011
1682,13135050241,0.6099885072549077
1683,13135050242,0.5935711347716135
1684,13135050243,0.6106733465739292
1685,13135050244,0.6242819010357983
1686,13135050306,0.676387904030833
1687,13135050308,0.65669360419662
1688,13135050311,0.7221880257743045
1689,13135050315,0.6664960963184704
1690,13135050317,0.7004524153755002
1691,13135050318,0.6779130578379976
1692,13135050321,0.6736026749890651
1693,13135050322,0.6704334931438946
1694,13135050323,0.6916591073469215
1695,13135050324,0.6566706695079019
1696,13135050325,0.6683308019587132
1697,13135050326,0.6546873648380327
1698,13135050327,0.6924457577439084
1699,13135050328,0.6779908374821904
1700,13135050329,0.7143062997947496
1701,13135050330,0.7099047860851312
1702,13135050331,0.7071558931712575
1703,13135050332,0.6773362683733823
1704,13135050333,0.6691272755941016
1705,13135050334,0.6583408077561945
1706,13135050335,0.6613931165498927
1707,13135050336,0.6603972148827766
1708,13135050415,0.5516239932671241
1709,13135050416,0.5170446141785255
1710,13135050425,0.5777450410123277
1711,13135050427,0.5672683027382358
1712,13135050430,0.5558936517002122
1713,13135050433,0.611627912752257
1714,13135050435,0.5914774291388138
1715,13135050437,0.6608278931608054
1716,13135050438,0.6547026734085507
1717,13135050439,0.638523204432769
1718,13135050440,0.6130827213968498
1719,13135050441,0.5817815671907944
1720,13135050442,0.5701498916432207
1721,13135050443,0.59068509177996
1722,13135050444,0.6000635461885115
1723,13135050445,0.617734148598555
1724,13135050446,0.6038164690493842
1725,13135050447,0.589216507503401
1726,13135050448,0.5977159199578487
1727,13135050449,0.6180379501662512
1728,13135050450,0.6260705720182883
1729,13135050451,0.638453894500261
1730,13135050452,0.6500426417698447
1731,13135050453,0.636801920050962
1732,13135050454,0.617858369495789
1733,13135050455,0.6215831685891173
1734,13135050456,0.6526300052209079
1735,13135050457,0.5449208042977223
1736,13135050458,0.5590670895632756
1737,13135050459,0.5851015912969205
1738,13135050460,0.5974241239773839
1739,13135050461,0.5703184680281691
1740,13135050462,0.554332642867712
1741,13135050463,0.6143343212481718
1742,13135050464,0.5962893290725085
1743,13135050465,0.5841877141760146
1744,13135050466,0.567856790954707
1745,13135050520,0.6843224575913917
1746,13135050521,0.6017959748967041
1747,13135050522,0.6223706357631993
1748,13135050526,0.6460681995022991
1749,13135050528,0.5931175011577466
1750,13135050529,0.6357664182307289
1751,13135050530,0.6590879772507051
1752,13135050536,0.6179151149857998
1753,13135050537,0.6540543120762642
1754,13135050539,0.6098529029515065
1755,13135050541,0.673405193873435
1756,13135050542,0.6497546148677891
1757,13135050549,0.5921646163817761
1758,13135050550,0.5511960706960735
1759,13135050551,0.5472937968373469
1760,13135050552,0.6370909043157098
1761,13135050553,0.6097305337835573
1762,13135050554,0.5744909061402674
1763,13135050555,0.5709321768157485
1764,13135050556,0.6301244777731354
1765,13135050557,0.573678364935049
1766,13135050558,0.6236987192374099
1767,13135050559,0.6047001576857363
1768,13135050560,0.6517231219214913
1769,13135050561,0.6585771103311037
1770,13135050562,0.6352477196852204
1771,13135050563,0.6114689769309176
1772,13135050564,0.6327027544585648
1773,13135050565,0.6153370082267784
1774,13135050566,0.5642598348212278
1775,13135050567,0.5490068402593054
1776,13135050568,0.5591168649712972
1777,13135050569,0.5921716244969357
1778,13135050570,0.5367395652497582
1779,13135050571,0.5450958014003965
1780,13135050572,0.5583306381762356
1781,13135050573,0.5604801650614517
1782,13135050574,0.6494167736795872
1783,13135050575,0.5978216844279302
1784,13135050576,0.5737355930616614
1785,13135050577,0.6179785120951676
1786,13135050578,0.5798928446650318
1787,13135050579,0.5597479358687053
1788,13135050580,0.5758140473289933
1789,13135050581,0.6038281991015149
1790,13135050582,0.6162934561353104
1791,13135050583,0.5919153766363431
1792,13135050584,0.548601249941238
1793,13135050585,0.5908043954200786
1794,13135050586,0.5222598746373205
1795,13135050587,0.4931382764778997
1796,13135050588,0.4889282876246172
1797,13135050589,0.5917148447961219
1798,13135050590,0.5882181727327843
1799,13135050591,0.5933985963609827
1800,13135050611,0.5946142411685409
1801,13135050612,0.5384236848944585
1802,13135050613,0.5111109347483835
1803,13135050614,0.49197222150152653
1804,13135050615,0.5283686908239971
1805,13135050616,0.5314021501748868
1806,13135050617,0.5432911878570263
1807,13135050618,0.5192267638883228
1808,13135050619,0.5315450711884541
1809,13135050620,0.5092725910841226
1810,13135050621,0.5109667613557288
1811,13135050622,0.5479840002456431
1812,13135050623,0.5430049499197112
1813,13135050624,0.5265682347579921
1814,13135050625,0.5150317133285233
1815,13135050626,0.5360983331914649
1816,13135050627,0.5283116955875276
1817,13135050628,0.5513150330620062
1818,13135050629,0.5075888185721814
1819,13135050630,0.5671837651907968
1820,13135050631,0.5898115927284412
1821,13135050632,0.5892008860996824
1822,13135050633,0.5479614366389469
1823,13135050634,0.5872042335761632
1824,13135050635,0.5399560039457207
1825,13135050636,0.5271055166314088
1826,13135050715,0.5566287275833789
1827,13135050719,0.5455165947849555
1828,13135050722,0.5176499654092017
1829,13135050725,0.5279430956281247
1830,13135050729,0.5282694536483928
1831,13135050732,0.5292143996489606
1832,13135050733,0.5202694092623819
1833,13135050734,0.5138537116424559
1834,13135050735,0.5165098894493741
1835,13135050736,0.5213992172865853
1836,13135050737,0.5236704301191307
1837,13135050738,0.5243299474772865
1838,13135050739,0.5219369395071398
1839,13135050740,0.5587394005195966
1840,13135050741,0.5417639648921071
1841,13135050742,0.5239619216034532
1842,13135050743,0.5108450370370311
1843,13135050744,0.5324708806254026
1844,13135050745,0.5520042696772883
1845,13135050746,0.5466778246969956
1846,13135050747,0.5332831820342896
1847,13135050748,0.5079287026625228
1848,13135050749,0.5241341507061972
1849,13135050750,0.5312606788219473
1850,13135050751,0.5077794481906337
1851,13135050752,0.5150726865015595
1852,13135050753,0.5257977460321923
1853,13135050754,0.5284136507637064
1854,13135050755,0.5535400582178326
1855,13135050756,0.5672996598574166
1856,13135050757,0.5270389673009178
1857,13135050758,0.5652038506636335
1858,13135050759,0.5674443046180491
1859,13135050760,0.5500863912565224
1860,13135050761,0.5417665530202137
1861,13135050762,0.5477440040824028
1862,13135050763,0.5550846215194302
1863,13135050764,0.5396433165733049
1864,13135050765,0.5432805139895622
1865,13137000100,0.5582318836550373
1866,13137000201,0.570842993675966
1867,13137000203,0.5327618789406724
1868,13137000204,0.4860804008264058
1869,13137000300,0.5676850052187785
1870,13137000400,0.6428666894827327
1871,13137000501,0.6372506090549731
1872,13137000502,0.6076401199055431
1873,13137000601,0.6041843752136221
1874,13137000603,0.5943399974464378
1875,13137000604,0.5908415664254651
1876,13139000101,0.6015049185163516
1877,13139000102,0.6344171626816955
1878,13139000203,0.5711877462013254
1879,13139000204,0.5865244066540428
1880,13139000205,0.6221641793559405
1881,13139000206,0.5629689776025674
1882,13139000303,0.5489567517422799
1883,13139000304,0.5678347076519435
1884,13139000305,0.5362524400760235
1885,13139000306,0.6208809068524693
1886,13139000307,0.5738140102587931
1887,13139000401,0.6530399704243742
1888,13139000402,0.5943437697812272
1889,13139000501,0.6617746648462108
1890,13139000502,0.6052144844587195
1891,13139000601,0.7167094534652237
1892,13139000602,0.6717475812964427
1893,13139000702,0.6134469496243267
1894,13139000703,0.7634211196549455
1895,13139000704,0.6573807473882216
1896,13139000800,0.699760971616012
1897,13139000901,0.7325205230757593
1898,13139000902,0.7404572251575925
1899,13139001004,0.6842395502426296
1900,13139001005,0.6702355081357416
1901,13139001006,0.633325269642562
1902,13139001007,0.7171840791727343
1903,13139001008,0.7733723622635484
1904,13139001101,0.7163495910065846
1905,13139001102,0.695826237021313
1906,13139001202,0.6625441985067875
1907,13139001203,0.8170993729058211
1908,13139001204,0.6413406617710417
1909,13139001302,0.6177063803123318
1910,13139001303,0.6586680495096869
1911,13139001304,0.6933768911858377
1912,13139001402,0.6473050127285813
1913,13139001404,0.6490229927617172
1914,13139001405,0.6278862657270775
1915,13139001406,0.7250630814678253
1916,13139001501,0.6209497795114332
1917,13139001502,0.6132394080941312
1918,13139001603,0.5662181716893054
1919,13139001605,0.5341354595540331
1920,13139001606,0.5658548603051802
1921,13139001607,0.5469749409422309
1922,13139001609,0.5448308348070902
1923,13139001610,0.5595350893657927
1924,13139001611,0.568118612002142
1925,13139001612,0.4960482109319853
1926,13141480300,0.5653702714546334
1927,13141480400,0.5464996948144751
1928,13143010100,0.577625555614637
1929,13143010201,0.5853729709547901
1930,13143010202,0.5851137941866009
1931,13143010301,0.5704357787963722
1932,13143010303,0.5720147295413142
1933,13143010304,0.5884927524400861
1934,13143010401,0.5807016460776874
1935,13143010402,0.5752723828113414
1936,13145120198,0.5746215816579278
1937,13145120200,0.5586706017913567
1938,13145120301,0.5677007293001193
1939,13145120302,0.5954306893156248
1940,13145120401,0.5904920774010506
1941,13145120403,0.5964504777032833
1942,13145120404,0.5667397486038585
1943,13147960101,0.5101554519392582
1944,13147960102,0.5165246275285592
1945,13147960103,0.5820740716026542
1946,13147960200,0.5133093376646845
1947,13147960300,0.5586954769794832
1948,13147960401,0.5808602647323526
1949,13147960402,0.5717977736808116
1950,13147960501,0.5800989428193616
1951,13147960502,0.5800833818239491
1952,13147960503,0.582983968350609
1953,13149970100,0.5816977746170902
1954,13149970200,0.5887554489063079
1955,13149970300,0.5913004376495162
1956,13151070109,0.5552959450040428
1957,13151070113,0.5748470072201016
1958,13151070114,0.5474555198426462
1959,13151070115,0.5446332852936374
1960,13151070116,0.5570458584696687
1961,13151070117,0.5526971883311781
1962,13151070118,0.5469321076394213
1963,13151070119,0.5673322638948444
1964,13151070120,0.602099658516285
1965,13151070121,0.5467204140605052
1966,13151070122,0.5487480131551188
1967,13151070123,0.5634498252724761
1968,13151070124,0.5662629983269969
1969,13151070125,0.5612689152090864
1970,13151070126,0.547285388857935
1971,13151070127,0.5725903773973801
1972,13151070128,0.5383710208656787
1973,13151070204,0.5563611599600841
1974,13151070206,0.5439280721331986
1975,13151070207,0.5334687563355051
1976,13151070208,0.5452991845633811
1977,13151070209,0.5525327236106364
1978,13151070210,0.5614900107093315
1979,13151070211,0.5646399452758699
1980,13151070212,0.5661368843458505
1981,13151070213,0.5152752663354145
1982,13151070214,0.5221356990704525
1983,13151070215,0.5098088290121268
1984,13151070216,0.5436082534178008
1985,13151070307,0.5930180918881816
1986,13151070310,0.571621998320684
1987,13151070312,0.5947967645973358
1988,13151070313,0.5592894822090821
1989,13151070314,0.5812598441880237
1990,13151070315,0.5970117604404455
1991,13151070316,0.5766526265895036
1992,13151070317,0.5568464044731802
1993,13151070318,0.6261995790850838
1994,13151070319,0.6025752542963467
1995,13151070320,0.5932892225786527
1996,13151070321,0.5997022059531373
1997,13151070322,0.5752600910164977
1998,13151070323,0.6142242476307687
1999,13151070324,0.5679060656663701
2000,13151070325,0.5636294140438799
2001,13151070405,0.5551973027871935
2002,13151070406,0.5417982587303933
2003,13151070407,0.5742393116362882
2004,13151070408,0.5363387446607988
2005,13151070409,0.5347860971355529
2006,13151070410,0.5453627485915946
2007,13151070411,0.5612788115412879
2008,13151070412,0.5699719343210465
2009,13151070503,0.5497554771357201
2010,13151070504,0.543544389927454
2011,13151070505,0.5720971260118992
2012,13151070506,0.568692898520467
2013,13151070507,0.5595164809000032
2014,13151070508,0.5853942120166685
2015,13153020106,0.5487444753482008
2016,13153020108,0.560189208905995
2017,13153020110,0.5219061130654236
2018,13153020111,0.5369393040196386
2019,13153020112,0.516193679198536
2020,13153020113,0.5702608318006688
2021,13153020200,0.5829570728352247
2022,13153020301,0.5097770764704532
2023,13153020302,0.5611773645840309
2024,13153020400,0.5760418142157271
2025,13153020600,0.5853156232446239
2026,13153020700,0.6327178006978781
2027,13153020800,0.6426262600761744
2028,13153020900,0.5563930975319894
2029,13153021001,0.6240435698601287
2030,13153021002,0.6233212012017618
2031,13153021108,0.5245488774274855
2032,13153021114,0.55627320118149
2033,13153021115,0.5117717353395739
2034,13153021116,0.6123138326187154
2035,13153021117,0.5314248163206737
2036,13153021118,0.5856598516743257
2037,13153021119,0.5541001234161986
2038,13153021120,0.5483936674603209
2039,13153021121,0.5057686811375411
2040,13153021122,0.6223517414880345
2041,13153021123,0.5344068231513107
2042,13153021124,0.524720834198719
2043,13153021125,0.5211018747296572
2044,13153021203,0.5676027088599536
2045,13153021204,0.4735587161141401
2046,13153021205,0.5815506512249056
2047,13153021206,0.5565121166589078
2048,13153021300,0.5745634801177006
2049,13153021401,0.5934226619394913
2050,13153021402,0.5295898220051042
2051,13153021501,0.5512085407207151
2052,13153021502,0.5785044598938877
2053,13155950100,0.5808481362541449
2054,13155950201,0.6484370118448112
2055,13155950202,0.6213751258877853
2056,13157010104,0.5722417004608786
2057,13157010105,0.553077081082825
2058,13157010106,0.5746536316400666
2059,13157010107,0.5850294140047549
2060,13157010108,0.6611676701058603
2061,13157010109,0.61295957254299
2062,13157010200,0.5963170997991745
2063,13157010300,0.5864052011024493
2064,13157010400,0.581137214554825
2065,13157010500,0.550010425628058
2066,13157010601,0.5223342697735416
2067,13157010602,0.5434137314562224
2068,13157010701,0.5926995350674698
2069,13157010703,0.5488074464938948
2070,13157010704,0.5807351030738381
2071,13157010705,0.5748803913423746
2072,13157010706,0.5012959849918217
2073,13159010100,0.5808718972045024
2074,13159010200,0.5736301572619946
2075,13159010501,0.5741416008762248
2076,13159010502,0.5688789388496223
2077,13159010503,0.5854555089601076
2078,13161960101,0.5865418841626968
2079,13161960102,0.5677584283771919
2080,13161960201,0.5830038973294287
2081,13161960202,0.5698133505206947
2082,13161960300,0.5799824715741905
2083,13163960100,0.5631167709712808
2084,13163960200,0.571194149533585
2085,13163960300,0.5785922816145287
2086,13163960400,0.5259532456073895
2087,13165960100,0.6076230738863689
2088,13165960200,0.5652191151473537
2089,13167960100,0.5343002241989148
2090,13167960201,0.5124986668718073
2091,13167960202,0.4806891418208988
2092,13167960300,0.5452812147518086
2093,13169030101,0.639991616581194
2094,13169030103,0.6030459567630357
2095,13169030105,0.6240295097543259
2096,13169030106,0.60852593582008
2097,13169030200,0.6109101406959724
2098,13169030303,0.5956853032010939
2099,13169030304,0.5907158895940807
2100,13169030305,0.604563286622234
2101,13169030306,0.5657990469262439
2102,13171970100,0.5848822354591015
2103,13171970201,0.5876094033671737
2104,13171970202,0.5655983264689187
2105,13171970300,0.5799456373638829
2106,13173950100,0.5575189796488557
2107,13173950201,0.537843415890978
2108,13173950202,0.5651643821644308
2109,13175950100,0.5938131313926153
2110,13175950201,0.7381721363400536
2111,13175950202,0.6339216755162301
2112,13175950300,0.6581903761595775
2113,13175950400,0.5621057947340823
2114,13175950500,0.6543679614172061
2115,13175950600,0.6026593602408763
2116,13175950700,0.6276439443973847
2117,13175950800,0.6377560265819412
2118,13175950900,0.7008759977739273
2119,13175951001,0.6066128704616787
2120,13175951002,0.6537504931337503
2121,13175951100,0.6429033545140423
2122,13175951400,0.5565849356527768
2123,13177020101,0.6582749994833743
2124,13177020102,0.6060975803657245
2125,13177020200,0.595826034232145
2126,13177020301,0.6154443366724707
2127,13177020302,0.6159558696559868
2128,13177020403,0.6336469163262924
2129,13177020404,0.6628243805150105
2130,13177020405,0.6913049906098059
2131,13179010101,0.5817424468457892
2132,13179010102,0.5075360693449364
2133,13179010103,0.6310373021679733
2134,13179010202,0.5684339399147246
2135,13179010204,0.46072887619835046
2136,13179010205,0.5057729675750255
2137,13179010206,0.5110024310257897
2138,13179010207,0.4430040997635866
2139,13179010208,0.39474506504012485
2140,13179010301,0.5963770958134088
2141,13179010302,0.6738010516473673
2142,13179010401,0.5813706611906452
2143,13179010402,0.506659617877443
2144,13179010501,0.5711516628083841
2145,13179010503,0.5153105886067751
2146,13179010504,0.5200970214316828
2147,13179010600,0.5192565721068609
2148,13179990000,0.5654959939834314
2149,13181970100,0.5612798622633492
2150,13181970200,0.5600579725687002
2151,13183970101,0.44958442171467994
2152,13183970102,0.48104894660298925
2153,13183970201,0.4055945446183339
2154,13183970202,0.5146053303828266
2155,13183980000,0.5097131626400171
2156,13185010101,0.5672899240964027
2157,13185010102,0.5783491245222867
2158,13185010103,0.6146620759354049
2159,13185010201,0.5968831440071974
2160,13185010203,0.5875942447077941
2161,13185010204,0.61912496650919
2162,13185010301,0.6468903761597493
2163,13185010302,0.6924937693192889
2164,13185010401,0.6594029462375479
2165,13185010403,0.6216428570930836
2166,13185010404,0.6513982863950999
2167,13185010500,0.6662937165366386
2168,13185010601,0.6092442647765276
2169,13185010604,0.6259041879425211
2170,13185010700,0.6125238198322936
2171,13185010801,0.680761729151124
2172,13185010802,0.7273241331714733
2173,13185010900,0.7668835452448485
2174,13185011000,0.676851332567665
2175,13185011100,0.7250859850624741
2176,13185011200,0.7866919784911524
2177,13185011301,0.6766284342174888
2178,13185011302,0.7047218603643721
2179,13185011401,0.6758327071206042
2180,13185011402,0.6853259382287038
2181,13185011404,0.6611814537982981
2182,13185011405,0.6366506220520881
2183,13185011500,0.6655601585949892
2184,13185011600,0.5899324347629384
2185,13187960103,0.5499953302081722
2186,13187960104,0.5668225541633792
2187,13187960105,0.5773832829924306
2188,13187960106,0.5913295088555705
2189,13187960203,0.5960907384075389
2190,13187960204,0.582917198070974
2191,13187960205,0.5891405925566132
2192,13187960206,0.5885434923780869
2193,13189950100,0.553251824394017
2194,13189950200,0.5544202300196001
2195,13189950300,0.6046820593375702
2196,13189950401,0.522904706825587
2197,13189950402,0.5888432435602847
2198,13189950500,0.5401667557391289
2199,13191110101,0.5288222634585917
2200,13191110102,0.496815926296655
2201,13191110103,0.528940308209305
2202,13191110201,0.5533847828846756
2203,13191110202,0.5352220621451388
2204,13191110300,0.5650940093826703
2205,13191980000,0.4953100716992456
2206,13191990000,0.5627903639236375
2207,13193000100,0.5678072562291955
2208,13193000200,0.5640337115830809
2209,13193000300,0.5706103990436794
2210,13193000400,0.5686909275732422
2211,13195020100,0.5905097565996171
2212,13195020200,0.5425339655370824
2213,13195020300,0.5581313035903979
2214,13195020400,0.5713175472513818
2215,13195020501,0.6134163777172305
2216,13195020502,0.5857828668161715
2217,13195020600,0.5598811333524594
2218,13197920100,0.5890623833794224
2219,13197920200,0.5827673628999002
2220,13199970501,0.5811840902323747
2221,13199970502,0.5804085335732728
2222,13199970600,0.5876435828071603
2223,13199970701,0.5810666372518175
2224,13199970702,0.5777462713337679
2225,13199970801,0.58092806005426
2226,13199970802,0.5848778265703232
2227,13201950100,0.5443917446867469
2228,13201950200,0.5433962305745841
2229,13201950300,0.5430146382936591
2230,13205090100,0.6093361683951526
2231,13205090200,0.5153524720609338
2232,13205090300,0.6139384016810928
2233,13205090401,0.5310591738494537
2234,13205090402,0.5324904940849063
2235,13205090501,0.5819826102371978
2236,13205090502,0.5288417872111193
2237,13207050101,0.6306227495511072
2238,13207050102,0.5987254642067621
2239,13207050200,0.5493059017785339
2240,13207050301,0.6000053253239177
2241,13207050302,0.6173527582713692
2242,13209950100,0.6220163592643438
2243,13209950200,0.6223645859828119
2244,13209950300,0.6037789124122663
2245,13211010100,0.5844803459110856
2246,13211010200,0.5859082089097006
2247,13211010301,0.59264191323656
2248,13211010302,0.5880302737384603
2249,13211010400,0.5989195606370729
2250,13211010500,0.5875842783713989
2251,13213010100,0.5462870908300389
2252,13213010201,0.5497135307876921
2253,13213010203,0.5483899984187207
2254,13213010204,0.5411542514744653
2255,13213010300,0.5847970107073263
2256,13213010401,0.6497277817298018
2257,13213010402,0.5497417288667458
2258,13213010500,0.6424237339421951
2259,13213010600,0.5961269501499046
2260,13213010700,0.6540830292357077
2261,13215000200,0.6720690018974087
2262,13215000300,0.6556490287781396
2263,13215000400,0.6781478631126505
2264,13215000800,0.6896356475960451
2265,13215000900,0.6564388723221193
2266,13215001000,0.6339362045652777
2267,13215001100,0.6437762993056049
2268,13215001200,0.6796647866808325
2269,13215001400,0.7230906534575567
2270,13215001600,0.7148809108119656
2271,13215001800,0.7608397085020631
2272,13215002000,0.610843404478212
2273,13215002100,0.5953645575230668
2274,13215002200,0.6782169798953618
2275,13215002300,0.6623321437808639
2276,13215002400,0.8140074847191107
2277,13215002500,0.7281762794608647
2278,13215002700,0.682469709488018
2279,13215002800,0.6279738336282157
2280,13215002901,0.582485944789722
2281,13215002902,0.5685106448528309
2282,13215003000,0.6155576957280718
2283,13215003200,0.5651729736247905
2284,13215003301,0.5506605251322417
2285,13215003302,0.56790569691337
2286,13215003400,0.5462133232544777
2287,13215010106,0.5775347412859528
2288,13215010108,0.6036336540123161
2289,13215010109,0.5768183906612739
2290,13215010110,0.5816052586495071
2291,13215010111,0.5689498017042702
2292,13215010204,0.6152986138449064
2293,13215010205,0.6283420927503816
2294,13215010206,0.6024134545428063
2295,13215010207,0.6119097874308859
2296,13215010208,0.6139363512681878
2297,13215010209,0.597058993745293
2298,13215010301,0.6073751167670312
2299,13215010303,0.6778034369182359
2300,13215010304,0.6568083637101917
2301,13215010401,0.7154367375187176
2302,13215010402,0.6059487632801211
2303,13215010501,0.6365106534473886
2304,13215010502,0.5865993404868375
2305,13215010602,0.5714612878345837
2306,13215010605,0.5622207314877885
2307,13215010606,0.6163935713637156
2308,13215010607,0.529702950552301
2309,13215010608,0.5005865388612247
2310,13215010701,0.5203572973157873
2311,13215010702,0.5285429062362663
2312,13215010704,0.5005881637728234
2313,13215010705,0.5378075960074785
2314,13215010801,0.5612629466170972
2315,13215010802,0.5908320553024181
2316,13215011100,0.6551548103610101
2317,13215011200,0.6958195721783637
2318,13215011400,0.688018077771318
2319,13215011500,0.5974438350320204
2320,13217100101,0.5846727932794724
2321,13217100102,0.5840648649607432
2322,13217100202,0.5872910168593201
2323,13217100203,0.5732948412496789
2324,13217100204,0.5911967738325524
2325,13217100301,0.5786349577539416
2326,13217100302,0.5495634478349446
2327,13217100400,0.5833235813532051
2328,13217100503,0.5009031657254498
2329,13217100504,0.516054647046878
2330,13217100505,0.5236114199006165
2331,13217100506,0.5519611790231338
2332,13217100507,0.5242562070513973
2333,13217100600,0.5458022801195167
2334,13217100701,0.6206844637138969
2335,13217100702,0.6173235426310294
2336,13217100801,0.5538855025085577
2337,13217100802,0.5522070481231195
2338,13217100902,0.5092200937545861
2339,13217100903,0.4940727098111388
2340,13217100904,0.5272580848049773
2341,13217100905,0.5204449215651703
2342,13219030101,0.6038012899033494
2343,13219030102,0.6135068700931555
2344,13219030103,0.6316690800007584
2345,13219030104,0.6403258594471846
2346,13219030201,0.6645145810912003
2347,13219030202,0.6594601904857362
2348,13219030300,0.6368232361329902
2349,13219030401,0.6339672117567707
2350,13219030402,0.6271607554498638
2351,13219030500,0.597016416459243
2352,13219030600,0.6125044002743298
2353,13221960100,0.5704763742190462
2354,13221960203,0.5707750854682876
2355,13221960204,0.5838487325742189
2356,13221960205,0.5572965953121283
2357,13221960206,0.5546008176900835
2358,13221960300,0.5803037101535279
2359,13223120104,0.5625218173091949
2360,13223120105,0.5529267415490856
2361,13223120106,0.5082516371885013
2362,13223120107,0.5432656624402679
2363,13223120108,0.5350190121426732
2364,13223120109,0.5230590952620767
2365,13223120110,0.5385289777164555
2366,13223120111,0.54368108068425
2367,13223120203,0.5322613074886344
2368,13223120205,0.5572025391351939
2369,13223120206,0.5458428603885453
2370,13223120207,0.5265238796013791
2371,13223120208,0.5437512619545642
2372,13223120301,0.5686039409089835
2373,13223120303,0.5430293047290368
2374,13223120304,0.5610029664282539
2375,13223120305,0.516695121665798
2376,13223120306,0.551607809150473
2377,13223120307,0.6071089291566637
2378,13223120401,0.5625726642172842
2379,13223120402,0.5504880939293729
2380,13223120403,0.5537025136805859
2381,13223120503,0.5389407900330337
2382,13223120504,0.5286569673279498
2383,13223120505,0.5353333557557889
2384,13223120506,0.5539747626201835
2385,13223120507,0.5432023251268321
2386,13223120601,0.5511500986584743
2387,13223120603,0.551354910574749
2388,13223120604,0.5306548997638472
2389,13223120605,0.536574790609749
2390,13223120606,0.5226073175775602
2391,13223120607,0.5366613267574752
2392,13225040101,0.5475637797378683
2393,13225040103,0.5495846234586363
2394,13225040104,0.5113723692010689
2395,13225040105,0.556896528961957
2396,13225040200,0.5383404625540538
2397,13225040301,0.5946085155005904
2398,13225040302,0.5712736339846268
2399,13225040400,0.610588411442233
2400,13227050101,0.5805718278107698
2401,13227050102,0.5934819933932206
2402,13227050201,0.5895500742570996
2403,13227050202,0.6029270077319232
2404,13227050300,0.5977989065947031
2405,13227050400,0.5947312320166975
2406,13227050500,0.592664456650234
2407,13227050601,0.5905563563663154
2408,13227050602,0.5811736636395701
2409,13229960100,0.5692728018345886
2410,13229960200,0.5711278877710677
2411,13229960301,0.6025036724422796
2412,13229960302,0.5624225194313403
2413,13229960401,0.5716557232017314
2414,13229960402,0.5281430734115308
2415,13231010101,0.5766912150756406
2416,13231010102,0.5808204181170414
2417,13231010200,0.5763071737631436
2418,13231010300,0.5796780747963566
2419,13231010400,0.5804995297899055
2420,13233010100,0.5902486554266004
2421,13233010201,0.5051373975165873
2422,13233010202,0.5307648768357941
2423,13233010300,0.5119082169956256
2424,13233010400,0.5463616498611054
2425,13233010500,0.5002061882800514
2426,13233010600,0.5618079140207597
2427,13233010700,0.5166201779488085
2428,13235950100,0.5690454998039821
2429,13235950201,0.5716362112884021
2430,13235950202,0.5729916951187908
2431,13235950300,0.566764848610859
2432,13237960101,0.5748432631692064
2433,13237960103,0.5903265604239168
2434,13237960104,0.5680292719688886
2435,13237960201,0.586858721919353
2436,13237960203,0.5879697905786269
2437,13237960204,0.579494843126174
2438,13237960301,0.6016845980199513
2439,13237960302,0.5470737595209154
2440,13239960300,0.5919145550149352
2441,13241970101,0.5120070232830027
2442,13241970102,0.518741123179293
2443,13241970103,0.5155250568105009
2444,13241970201,0.5020210156667154
2445,13241970202,0.5219258324556797
2446,13241970302,0.5039967556938876
2447,13241970303,0.4814261407495584
2448,13241970304,0.45853814097637463
2449,13243790100,0.5905723208606067
2450,13243790200,0.5918093176088884
2451,13245000100,0.6739784898121525
2452,13245000200,0.7639387824865211
2453,13245000300,0.8136836664625804
2454,13245000600,0.8214398995535083
2455,13245000700,0.9523249988240577
2456,13245001000,0.683896305707208
2457,13245001100,0.6501978295831458
2458,13245001200,0.6583914418045068
2459,13245001300,0.8002364447734197
2460,13245001400,0.8211102054754568
2461,13245001602,0.6236030369902525
2462,13245001603,0.6615833488208234
2463,13245001604,0.6224272875863394
2464,13245010101,0.6236246778742858
2465,13245010104,0.5910074989056203
2466,13245010105,0.6386718697738822
2467,13245010107,0.6208781772914965
2468,13245010108,0.6643058610299929
2469,13245010109,0.6485902641276737
2470,13245010201,0.6410934323416124
2471,13245010203,0.6623290656990266
2472,13245010205,0.636747730827241
2473,13245010206,0.6593518728178526
2474,13245010207,0.5747410820000072
2475,13245010208,0.6418989848723929
2476,13245010300,0.6397494427545317
2477,13245010400,0.6702154310256838
2478,13245010506,0.5637114162931581
2479,13245010507,0.592842054231143
2480,13245010508,0.5786034203517378
2481,13245010509,0.5297969418391847
2482,13245010510,0.5870484071244143
2483,13245010511,0.6084357664775281
2484,13245010512,0.5395644801604355
2485,13245010513,0.5325373477236266
2486,13245010514,0.5719866417621357
2487,13245010515,0.5967593539036566
2488,13245010601,0.7130768385157696
2489,13245010602,0.6396195218098298
2490,13245010706,0.5853940307839232
2491,13245010707,0.5040230974894532
2492,13245010708,0.48640722961268235
2493,13245010709,0.5220601911595198
2494,13245010710,0.4980491662719734
2495,13245010711,0.46838304457268687
2496,13245010713,0.457198170788667
2497,13245010714,0.44503524136279005
2498,13245010801,0.5164486020072148
2499,13245010802,0.5310367604404616
2500,13245010903,0.5460853070510767
2501,13245010904,0.5039719224054594
2502,13245010905,0.6069946506169334
2503,13245010907,0.5454437279638135
2504,13245010908,0.5983458434304575
2505,13245011000,0.7153960812801569
2506,13245011100,0.7854666103510858
2507,13247060101,0.5673141552158808
2508,13247060103,0.5569086874901221
2509,13247060104,0.5914219753656303
2510,13247060201,0.57871487926578
2511,13247060203,0.5807277035489417
2512,13247060204,0.5802289079153738
2513,13247060305,0.5894008219683796
2514,13247060306,0.6092912664059225
2515,13247060310,0.5903274179605267
2516,13247060311,0.5972529039025684
2517,13247060312,0.5638178152718161
2518,13247060313,0.523165901770751
2519,13247060314,0.5668744360914638
2520,13247060315,0.6338590541701306
2521,13247060316,0.6384826937086094
2522,13247060317,0.628810573568734
2523,13247060318,0.6307922233693245
2524,13247060403,0.5541642140144757
2525,13247060406,0.5081857543824252
2526,13247060407,0.49135239576273226
2527,13247060408,0.5387847042892575
2528,13247060409,0.5327542769563943
2529,13247060410,0.5569045569990312
2530,13247060411,0.5444462971975491
2531,13249960100,0.5346434959480955
2532,13249960200,0.5682455773516616
2533,13251970200,0.618357704490724
2534,13251970300,0.5741899700455867
2535,13251970401,0.5734132885322688
2536,13251970402,0.5908408211961544
2537,13251970500,0.5718254747562306
2538,13251970600,0.5692369809015432
2539,13253200100,0.5356007362227784
2540,13253200200,0.540243166563506
2541,13253200300,0.5394374833961201
2542,13255160101,0.5735367041308519
2543,13255160102,0.5546445916162902
2544,13255160201,0.5779637277226458
2545,13255160202,0.567501332597736
2546,13255160300,0.5588262300730819
2547,13255160401,0.5373327632556371
2548,13255160402,0.5926844171900969
2549,13255160500,0.5529174625552136
2550,13255160600,0.5757432174329274
2551,13255160701,0.6139039261680559
2552,13255160702,0.5949651790104943
2553,13255160800,0.581939560036788
2554,13255160900,0.5895344758565586
2555,13255161000,0.5858743702833856
2556,13255161100,0.6192440755041045
2557,13255161201,0.5970929353525002
2558,13255161202,0.6059995811346457
2559,13257970101,0.5307232447827896
2560,13257970102,0.6178279774236417
2561,13257970201,0.4741225657657187
2562,13257970202,0.5642251426390484
2563,13257970301,0.6478802446570747
2564,13257970302,0.5211785089245574
2565,13257970401,0.6076950986258439
2566,13257970402,0.4958938563547554
2567,13259950100,0.5868980348752746
2568,13259950400,0.5873532613061432
2569,13261950100,0.6185894287421617
2570,13261950200,0.6033903261941037
2571,13261950300,0.5954825704679746
2572,13261950400,0.5758078805094562
2573,13261950500,0.6027525169785164
2574,13261950600,0.5998482390668847
2575,13261950700,0.6043398395428575
2576,13261950800,0.6090752741402017
2577,13263960100,0.5664278631459327
2578,13263960200,0.5604640675984883
2579,13263960300,0.5724581970643619
2580,13265010200,0.5568114922647746
2581,13267950100,0.616887066153907
2582,13267950202,0.583010894418855
2583,13267950203,0.5921876701108592
2584,13267950204,0.6048177355501994
2585,13267950300,0.4941060874848897
2586,13267950401,0.49210125614628286
2587,13267950402,0.41716935763270546
2588,13269950100,0.5908215771045897
2589,13269950200,0.5829606365631619
2590,13269950301,0.5579076352730504
2591,13269950302,0.5620174757278803
2592,13271950101,0.5987669319923471
2593,13271950102,0.5437388254690565
2594,13271950103,0.5520531061641348
2595,13271950200,0.5552803625313667
2596,13271950500,0.5908816506297335
2597,13273120200,0.5448494464007171
2598,13273120300,0.5613594881986549
2599,13273120400,0.5876056385825937
2600,13273120500,0.6111727449541356
2601,13275960100,0.5734769474610744
2602,13275960200,0.6271225385499481
2603,13275960300,0.6095603481492237
2604,13275960400,0.6322128285832975
2605,13275960501,0.684442850197133
2606,13275960502,0.6125201628184028
2607,13275960601,0.709850156103357
2608,13275960602,0.7302130407726297
2609,13275960701,0.6751196077394143
2610,13275960702,0.6697818496124031
2611,13275960800,0.6769466372717075
2612,13275960900,0.6365710003400299
2613,13275961000,0.6830996071763669
2614,13275961100,0.6452217425474647
2615,13277960100,0.651263203455332
2616,13277960200,0.6876843783284222
2617,13277960301,0.7210159056541938
2618,13277960302,0.690792197107044
2619,13277960401,0.6964888036553328
2620,13277960402,0.6711715904047016
2621,13277960500,0.661717601228241
2622,13277960601,0.694874948583491
2623,13277960602,0.6908048592691471
2624,13277960700,0.6628548645100272
2625,13277960800,0.6943479892770341
2626,13277960900,0.6462404091807512
2627,13279970101,0.672694751703452
2628,13279970102,0.6440562892947123
2629,13279970201,0.6776234069141751
2630,13279970202,0.7250374181988098
2631,13279970301,0.6954752147663515
2632,13279970302,0.7312364820418096
2633,13279970400,0.6351109915480103
2634,13279970500,0.7187641479313245
2635,13279970600,0.618504011926689
2636,13281960100,0.5176031052357022
2637,13281960200,0.5032909886443563
2638,13281960301,0.5105483888720685
2639,13281960302,0.5061005223841275
2640,13283960100,0.5285189987929568
2641,13283960200,0.5373885644507139
2642,13285960101,0.5518376415885851
2643,13285960102,0.5538120304381823
2644,13285960201,0.5647261109678942
2645,13285960202,0.5991829248702104
2646,13285960300,0.611224232937946
2647,13285960401,0.5507884061744618
2648,13285960402,0.6120104840693116
2649,13285960501,0.594251525119308
2650,13285960503,0.6013830092192946
2651,13285960504,0.636245751689846
2652,13285960600,0.5903565242020993
2653,13285960700,0.6625925085711524
2654,13285960800,0.6141374921391838
2655,13285960901,0.64940611895115
2656,13285960903,0.6829271340947537
2657,13285960904,0.6173656805170209
2658,13285961000,0.6430317118221979
2659,13285961100,0.6555776568799361
2660,13287970201,0.5742953395850438
2661,13287970202,0.6207021522054466
2662,13287970300,0.6239647461483415
2663,13289060101,0.6604549802616756
2664,13289060102,0.6585946300948676
2665,13289060200,0.6600498585630775
2666,13291000101,0.604432187588049
2667,13291000103,0.6046336687020569
2668,13291000104,0.5223066424305478
2669,13291000201,0.6021129157298467
2670,13291000203,0.5138847473697488
2671,13291000204,0.6036270098535259
2672,13291000206,0.5181086314735006
2673,13291000207,0.5211407464184336
2674,13293010100,0.5649304183457053
2675,13293010201,0.561967192323349
2676,13293010202,0.519660017995549
2677,13293010300,0.5320555009455774
2678,13293010401,0.6229261861805263
2679,13293010402,0.5261763223536368
2680,13293010500,0.5819545305993021
2681,13293010600,0.564818127573471
2682,13295020101,0.5871985888654213
2683,13295020102,0.585718933470726
2684,13295020200,0.5885364366363929
2685,13295020301,0.6250639955777287
2686,13295020302,0.5881824439432585
2687,13295020400,0.5817889235550469
2688,13295020503,0.5229741467788153
2689,13295020504,0.5660113166098771
2690,13295020505,0.5616221595052822
2691,13295020506,0.5525819517612489
2692,13295020601,0.567587838317043
2693,13295020602,0.582828008020987
2694,13295020701,0.6398657337066618
2695,13295020702,0.5329447510077137
2696,13295020800,0.5903941623534655
2697,13295020902,0.5837012064824869
2698,13295020903,0.610234090966962
2699,13295020904,0.6193776181863322
2700,13297110101,0.5465541163092896
2701,13297110102,0.5650782925876573
2702,13297110200,0.5760945755547635
2703,13297110301,0.5559851186763911
2704,13297110302,0.58334561772092
2705,13297110400,0.5674166682979224
2706,13297110503,0.5459224381383279
2707,13297110504,0.5278852559228027
2708,13297110505,0.5407207278568116
2709,13297110506,0.540287684436529
2710,13297110508,0.5409270234536793
2711,13297110509,0.5389665503015004
2712,13297110510,0.5440405381738219
2713,13297110601,0.55571333289911
2714,13297110602,0.5703340874386467
2715,13297110603,0.5577997727092947
2716,13297110701,0.5564321403443009
2717,13297110702,0.5723936895547835
2718,13297110801,0.5753548121688827
2719,13297110802,0.5723333446021232
2720,13299950100,0.6205380328995221
2721,13299950200,0.5933869539548792
2722,13299950300,0.6618392071361494
2723,13299950400,0.6333399860977125
2724,13299950500,0.6065023497824251
2725,13299950600,0.6234028965394575
2726,13299950700,0.6325057427450149
2727,13299950801,0.6224766408570147
2728,13299950802,0.6133370054101241
2729,13299950900,0.5705492025955093
2730,13301970400,0.5648900126243003
2731,13301970500,0.5524483720529293
2732,13303950100,0.5449783670628329
2733,13303950300,0.5490780992596632
2734,13303950400,0.5534187970410476
2735,13303950500,0.5331639927751223
2736,13303950700,0.5423328708507712
2737,13305970100,0.5734915850208673
2738,13305970201,0.5766513167194587
2739,13305970202,0.5109249677892141
2740,13305970300,0.44297323970245206
2741,13305970400,0.6069341698819971
2742,13305970500,0.6583159570855682
2743,13305970600,0.550604588560373
2744,13307960100,0.5859606773312926
2745,13307960200,0.5874600375873007
2746,13309780100,0.5735959126711967
2747,13309780200,0.5434991260297152
2748,13311950101,0.4906505897926902
2749,13311950102,0.48644718502512946
2750,13311950202,0.49206931906645274
2751,13311950204,0.5128631314919058
2752,13311950205,0.58188451161465
2753,13311950206,0.5760721374112534
2754,13311950207,0.5571740465176284
2755,13311950301,0.5622057333661851
2756,13311950302,0.4988241551537352
2757,13313000101,0.5369645913541764
2758,13313000103,0.5300393755638231
2759,13313000104,0.5188052640327147
2760,13313000200,0.5917122686488488
2761,13313000301,0.5746660527791172
2762,13313000303,0.67029453967774
2763,13313000304,0.5790533784450008
2764,13313000401,0.7068694186420981
2765,13313000402,0.6501357371597447
2766,13313000501,0.6243493575220093
2767,13313000502,0.6060510969428281
2768,13313000600,0.6260020918848302
2769,13313000700,0.6411649857591475
2770,13313000801,0.6980449608071105
2771,13313000802,0.6798707189199514
2772,13313000900,0.7591145052191212
2773,13313001000,0.690241414628646
2774,13313001100,0.6781614267343451
2775,13313001200,0.6439932522032118
2776,13313001300,0.7131847208923096
2777,13313001400,0.7060874851911894
2778,13313001500,0.6907056997020448
2779,13315960100,0.5323956011750395
2780,13315960200,0.6430246608966909
2781,13315960300,0.6833854858107
2782,13315960400,0.5137282489944701
2783,13317010101,0.5667142759752276
2784,13317010102,0.5752194233032983
2785,13317010301,0.5646107615807563
2786,13317010302,0.5669079117195307
2787,13319960200,0.5513251505724631
2788,13319960300,0.5412833426204368
2789,13319960400,0.5595518867896276
2790,13321950100,0.5967066867796756
2791,13321950201,0.6105795553108673
2792,13321950202,0.5702952296588697
2793,13321950400,0.585215407368075
2794,13321950500,0.5929878915773984
2795,13321950600,0.5972453434738306
