,2020 Census Tract,Median Income
0,13001950100,59118
1,13001950201,40417
2,13001950202,25508
3,13001950301,46493
4,13001950302,32690
5,13001950400,47188
6,13001950500,35921
7,13003960100,30268
8,13003960200,41488
9,13003960300,34335
10,13005970100,46202
11,13005970201,46731
12,13005970202,29424
13,13007960100,41307
14,13007960200,30583
15,13009970101,89318
16,13009970102,59502
17,13009970201,31716
18,13009970202,70722
19,13009970301,74286
20,13009970302,64457
21,13009970400,48856
22,13009970501,14632
23,13009970502,78040
24,13009970600,31667
25,13009970701,21875
26,13009970702,41034
27,13009970801,68487
28,13009970802,44866
29,13011970100,52006
30,13011970200,64044
31,13011970300,59442
32,13011970400,60694
33,13013180103,100046
34,13013180104,68911
35,13013180105,78712
36,13013180106,53072
37,13013180107,64917
38,13013180108,78636
39,13013180203,44081
40,13013180204,63825
41,13013180205,55660
42,13013180206,60739
43,13013180301,65625
44,13013180302,61477
45,13013180303,86326
46,13013180401,80808
47,13013180402,60466
48,13013180501,77372
49,13013180502,61515
50,13013180503,58934
51,13015960101,72500
52,13015960103,91766
53,13015960104,54474
54,13015960105,93750
55,13015960201,83462
56,13015960202,68601
57,13015960203,65123
58,13015960301,76667
59,13015960302,50234
60,13015960403,42426
61,13015960404,63913
62,13015960405,69102
63,13015960406,43793
64,13015960407,103750
65,13015960501,60861
66,13015960502,56526
67,13015960601,62397
68,13015960602,59229
69,13015960701,48252
70,13015960702,44658
71,13015960801,50423
72,13015960802,44544
73,13015960804,92446
74,13015960805,46793
75,13015960901,86786
76,13015960902,73429
77,13015961001,95739
78,13015961002,58079
79,13017960100,46825
80,13017960200,66949
81,13017960300,39205
82,13017960400,28217
83,13017960501,27055
84,13017960502,34489
85,13019970100,47813
86,13019970200,40881
87,13019970300,43910
88,13019970400,42200
89,13019970500,48081
90,13019970600,57713
91,13021010100,12311
92,13021010200,26729
93,13021010400,20455
94,13021010500,13728
95,13021010800,24042
96,13021011001,25304
97,13021011002,-
98,13021011100,16140
99,13021011500,12083
100,13021011701,33953
101,13021011702,38194
102,13021011800,58229
103,13021011900,57692
104,13021012000,71813
105,13021012101,73158
106,13021012102,63340
107,13021012200,30253
108,13021012400,25068
109,13021012500,-
110,13021012600,32151
111,13021012700,18319
112,13021012800,19873
113,13021012900,23060
114,13021013101,32635
115,13021013102,35938
116,13021013201,29976
117,13021013202,20773
118,13021013302,41944
119,13021013407,52555
120,13021013408,100658
121,13021013409,57458
122,13021013411,72750
123,13021013412,98558
124,13021013413,61960
125,13021013502,50080
126,13021013503,65500
127,13021013505,48708
128,13021013506,91979
129,13021013603,70000
130,13021013604,64375
131,13021013605,79042
132,13021013607,75921
133,13021013608,100400
134,13021013701,33725
135,13021013702,-
136,13021013800,13546
137,13021013900,35234
138,13021014000,26964
139,13023790100,55833
140,13023790200,48092
141,13023790301,29506
142,13023790302,46667
143,13025960101,43114
144,13025960102,32450
145,13025960201,21502
146,13025960202,48316
147,13025960300,43759
148,13027960200,31528
149,13027960301,61250
150,13027960302,45000
151,13027960400,32009
152,13027960500,32094
153,13027960600,44725
154,13029920101,52480
155,13029920103,56130
156,13029920104,80286
157,13029920301,71146
158,13029920303,68710
159,13029920305,122028
160,13029920307,138438
161,13029920308,91168
162,13029980000,-
163,13031110100,53542
164,13031110201,51404
165,13031110202,58407
166,13031110301,66181
167,13031110302,72478
168,13031110401,30558
169,13031110405,33804
170,13031110406,37670
171,13031110407,26250
172,13031110408,32642
173,13031110500,48825
174,13031110602,38825
175,13031110603,64211
176,13031110604,33125
177,13031110701,57272
178,13031110702,75483
179,13031110703,78333
180,13031110800,53864
181,13031110901,72667
182,13031110902,56471
183,13033950101,56291
184,13033950102,73558
185,13033950200,52986
186,13033950400,34688
187,13033950500,49950
188,13033950700,46974
189,13033950900,42378
190,13035150101,83163
191,13035150102,62939
192,13035150201,41708
193,13035150202,43548
194,13035150300,58351
195,13037950100,51875
196,13037950200,42843
197,13039010100,54569
198,13039010201,42045
199,13039010202,81473
200,13039010302,43829
201,13039010303,54758
202,13039010304,60520
203,13039010305,68764
204,13039010403,93672
205,13039010404,55145
206,13039010405,63451
207,13039010406,87829
208,13039010407,80185
209,13039010500,50875
210,13039010602,86500
211,13039010603,52798
212,13039010604,32095
213,13039990000,-
214,13043950100,29693
215,13043950200,51765
216,13043950300,55069
217,13045910101,62766
218,13045910103,80245
219,13045910105,67378
220,13045910106,48483
221,13045910201,81947
222,13045910202,76891
223,13045910203,67901
224,13045910301,58221
225,13045910302,46552
226,13045910400,57416
227,13045910502,23112
228,13045910503,44182
229,13045910504,-
230,13045910600,54911
231,13045910704,102273
232,13045910705,42643
233,13045910706,95201
234,13045910707,77098
235,13045910708,50607
236,13045910709,55989
237,13045910800,52941
238,13045910900,69798
239,13045911001,75508
240,13045911002,65915
241,13045911101,46503
242,13045911102,88679
243,13045911201,46023
244,13045911202,47206
245,13047030100,61793
246,13047030201,69100
247,13047030202,70833
248,13047030303,93658
249,13047030304,74571
250,13047030305,77857
251,13047030306,69022
252,13047030402,68807
253,13047030403,89464
254,13047030404,64192
255,13047030501,42218
256,13047030502,46366
257,13047030600,61322
258,13047030701,47998
259,13047030702,40490
260,13049010101,50503
261,13049010102,32092
262,13049010200,52935
263,13051000601,25382
264,13051001100,41294
265,13051001200,18438
266,13051002000,31354
267,13051002100,52647
268,13051002200,50000
269,13051002300,32697
270,13051002600,49802
271,13051002700,40658
272,13051002800,34519
273,13051002900,104507
274,13051003000,91369
275,13051003301,31831
276,13051003302,52188
277,13051003400,54924
278,13051003501,27813
279,13051003502,38197
280,13051003601,40705
281,13051003602,40968
282,13051003700,46136
283,13051003800,58125
284,13051003900,55313
285,13051004001,57319
286,13051004002,49517
287,13051004100,74167
288,13051004207,46711
289,13051004208,51161
290,13051004209,52912
291,13051004210,48488
292,13051004211,70174
293,13051004212,55115
294,13051004300,48547
295,13051004400,34556
296,13051004500,40057
297,13051010102,52989
298,13051010200,73657
299,13051010502,36529
300,13051010503,41593
301,13051010504,42723
302,13051010601,36324
303,13051010603,60966
304,13051010701,52632
305,13051010702,93365
306,13051010703,85981
307,13051010704,82231
308,13051010705,94083
309,13051010706,51672
310,13051010707,126997
311,13051010801,56786
312,13051010806,64906
313,13051010807,87250
314,13051010810,81798
315,13051010811,57964
316,13051010812,129902
317,13051010813,47379
318,13051010814,67073
319,13051010815,61550
320,13051010816,40321
321,13051010817,83222
322,13051010818,60191
323,13051010819,81179
324,13051010820,62155
325,13051010821,107612
326,13051010901,32028
327,13051011004,97083
328,13051011005,99476
329,13051011006,109497
330,13051011007,108245
331,13051011008,73321
332,13051011104,64431
333,13051011107,100353
334,13051011108,93889
335,13051011110,100000
336,13051011111,102015
337,13051011112,81685
338,13051011113,105740
339,13051011114,80299
340,13051011115,98015
341,13051011200,67399
342,13051011300,38333
343,13051011400,37750
344,13051011500,100710
345,13051011600,40625
346,13051011700,52727
347,13051011800,76250
348,13051011900,53646
349,13051980000,-
350,13051990000,-
351,13053020100,32061
352,13053020201,90313
353,13053020203,51477
354,13053020205,52821
355,13053020206,-
356,13055010100,48295
357,13055010201,46641
358,13055010202,36932
359,13055010300,31311
360,13055010401,38668
361,13055010402,21054
362,13055010501,47143
363,13055010502,31277
364,13055010600,46711
365,13057090101,82292
366,13057090102,75840
367,13057090103,84961
368,13057090201,80083
369,13057090202,92262
370,13057090301,126250
371,13057090302,92326
372,13057090303,84236
373,13057090401,42898
374,13057090402,75507
375,13057090503,134446
376,13057090504,121997
377,13057090505,118008
378,13057090506,92393
379,13057090507,142222
380,13057090603,86563
381,13057090604,60659
382,13057090605,63164
383,13057090606,71801
384,13057090703,43647
385,13057090704,69250
386,13057090705,116424
387,13057090706,136871
388,13057090707,85684
389,13057090708,127365
390,13057090709,-
391,13057090710,100893
392,13057090805,73932
393,13057090806,102905
394,13057090807,118631
395,13057090808,124563
396,13057090809,91722
397,13057090810,139048
398,13057090905,75660
399,13057090906,110388
400,13057090907,86706
401,13057090908,99680
402,13057090909,92591
403,13057090910,116458
404,13057090911,109583
405,13057090912,87463
406,13057091001,65135
407,13057091006,123615
408,13057091007,116523
409,13057091009,96119
410,13057091010,127174
411,13057091011,78436
412,13057091012,70221
413,13057091013,81159
414,13057091014,74068
415,13057091101,94299
416,13057091104,101361
417,13057091105,64471
418,13057091106,99091
419,13057091107,60514
420,13057091108,94966
421,13059000100,10313
422,13059000401,35313
423,13059000402,9177
424,13059000600,28917
425,13059000900,17450
426,13059001200,81250
427,13059001700,51310
428,13059001800,53583
429,13059001900,49973
430,13059002000,65759
431,13059002100,32368
432,13059002200,54601
433,13059030101,15879
434,13059030102,34063
435,13059030200,27011
436,13059130300,46953
437,13059130400,59211
438,13059130500,63726
439,13059130601,46264
440,13059130602,32269
441,13059130701,56229
442,13059130702,72174
443,13059140300,34666
444,13059140400,39812
445,13059140500,19688
446,13059140600,65113
447,13059150300,45313
448,13059150400,28612
449,13059150500,33865
450,13059150600,41649
451,13059150701,42332
452,13059150702,73125
453,13059150800,86622
454,13059150900,76528
455,13061960300,35893
456,13063040202,36408
457,13063040203,44422
458,13063040204,44865
459,13063040302,38385
460,13063040306,36941
461,13063040307,53076
462,13063040308,26386
463,13063040309,40208
464,13063040310,45365
465,13063040407,54821
466,13063040409,53811
467,13063040410,48828
468,13063040414,46414
469,13063040416,58656
470,13063040417,45919
471,13063040418,103145
472,13063040419,45453
473,13063040420,61931
474,13063040421,66158
475,13063040422,33720
476,13063040423,47947
477,13063040424,70875
478,13063040425,42061
479,13063040426,64837
480,13063040427,57527
481,13063040509,55857
482,13063040510,68390
483,13063040512,48409
484,13063040513,46655
485,13063040518,42708
486,13063040519,30739
487,13063040521,55556
488,13063040522,43770
489,13063040523,43214
490,13063040525,45795
491,13063040527,53750
492,13063040528,45422
493,13063040529,56141
494,13063040530,56050
495,13063040531,39485
496,13063040532,57451
497,13063040533,51025
498,13063040534,50188
499,13063040535,62286
500,13063040536,54115
501,13063040537,63324
502,13063040538,52719
503,13063040606,48042
504,13063040609,75233
505,13063040614,104010
506,13063040615,57109
507,13063040617,35726
508,13063040623,50693
509,13063040624,61316
510,13063040625,70377
511,13063040626,68132
512,13063040627,72648
513,13063040628,102292
514,13063040629,42031
515,13063040630,45049
516,13063040631,79958
517,13063040632,45812
518,13063040633,43530
519,13063040634,24792
520,13063040635,43006
521,13063040636,103732
522,13063040637,55274
523,13063040638,72487
524,13063040639,93563
525,13063980000,-
526,13065970100,45952
527,13065970200,51950
528,13067030104,53675
529,13067030107,117973
530,13067030108,79401
531,13067030109,78618
532,13067030110,83147
533,13067030111,76047
534,13067030112,67997
535,13067030113,75398
536,13067030220,79817
537,13067030233,106694
538,13067030235,113563
539,13067030236,161477
540,13067030240,93323
541,13067030241,120870
542,13067030242,100417
543,13067030243,80822
544,13067030244,128333
545,13067030245,108750
546,13067030246,57827
547,13067030247,53038
548,13067030248,70232
549,13067030249,57309
550,13067030250,121189
551,13067030251,113333
552,13067030252,145574
553,13067030253,105921
554,13067030254,70402
555,13067030255,67596
556,13067030256,163995
557,13067030257,66964
558,13067030258,74524
559,13067030259,82740
560,13067030260,78833
561,13067030261,129701
562,13067030262,135000
563,13067030263,94117
564,13067030264,152750
565,13067030265,161503
566,13067030266,106575
567,13067030267,150962
568,13067030268,128672
569,13067030269,96211
570,13067030270,90745
571,13067030271,119111
572,13067030272,95556
573,13067030273,118269
574,13067030274,86848
575,13067030275,70264
576,13067030276,135526
577,13067030277,127868
578,13067030278,77607
579,13067030319,107652
580,13067030322,120125
581,13067030324,117708
582,13067030326,157321
583,13067030327,120417
584,13067030329,121953
585,13067030331,152813
586,13067030332,116750
587,13067030334,106389
588,13067030335,159286
589,13067030337,168868
590,13067030340,150855
591,13067030341,133013
592,13067030342,148029
593,13067030343,160769
594,13067030344,50927
595,13067030345,78458
596,13067030346,75156
597,13067030347,101389
598,13067030348,111932
599,13067030349,66269
600,13067030350,108363
601,13067030351,210126
602,13067030352,124688
603,13067030353,84792
604,13067030354,110833
605,13067030355,84013
606,13067030356,89747
607,13067030357,148750
608,13067030358,115625
609,13067030359,151557
610,13067030360,170536
611,13067030361,95682
612,13067030362,99869
613,13067030363,78864
614,13067030364,95000
615,13067030365,152738
616,13067030366,201553
617,13067030367,195417
618,13067030368,141167
619,13067030369,184598
620,13067030370,209044
621,13067030405,61295
622,13067030407,89167
623,13067030408,97448
624,13067030409,119110
625,13067030410,64613
626,13067030411,42866
627,13067030412,46813
628,13067030413,52022
629,13067030414,40527
630,13067030505,55431
631,13067030506,65188
632,13067030507,118836
633,13067030508,78773
634,13067030509,126972
635,13067030510,115693
636,13067030511,95434
637,13067030602,100455
638,13067030603,85882
639,13067030604,52050
640,13067030700,45583
641,13067030800,63638
642,13067030906,84547
643,13067030907,105614
644,13067030908,68898
645,13067030909,72224
646,13067030910,52112
647,13067030911,51482
648,13067030912,54364
649,13067031001,51458
650,13067031004,46116
651,13067031005,77784
652,13067031006,49800
653,13067031007,43923
654,13067031101,60797
655,13067031110,80670
656,13067031111,92000
657,13067031112,110203
658,13067031113,53063
659,13067031114,59953
660,13067031115,79681
661,13067031116,55938
662,13067031117,117079
663,13067031118,96392
664,13067031119,56607
665,13067031120,87083
666,13067031121,61697
667,13067031122,99063
668,13067031207,87971
669,13067031209,171111
670,13067031212,208828
671,13067031213,78953
672,13067031214,93750
673,13067031215,136164
674,13067031216,84234
675,13067031217,66269
676,13067031218,94086
677,13067031219,74688
678,13067031220,65806
679,13067031221,82258
680,13067031306,69942
681,13067031308,58171
682,13067031314,118482
683,13067031315,146845
684,13067031316,114423
685,13067031317,52708
686,13067031318,32827
687,13067031319,42698
688,13067031320,45268
689,13067031321,47414
690,13067031322,64288
691,13067031323,56972
692,13067031324,64294
693,13067031325,119500
694,13067031409,64077
695,13067031410,115073
696,13067031411,61846
697,13067031412,58359
698,13067031413,47389
699,13067031414,94487
700,13067031415,56522
701,13067031416,73341
702,13067031417,53586
703,13067031506,69167
704,13067031507,80565
705,13067031510,72521
706,13067031511,92410
707,13067031512,68211
708,13067031513,86793
709,13067031514,100142
710,13067031515,119327
711,13067031516,78370
712,13067031517,113148
713,13067031518,52386
714,13069010100,39778
715,13069010200,48679
716,13069010301,45612
717,13069010302,42772
718,13069010401,57750
719,13069010402,47917
720,13069010500,40556
721,13069010600,59634
722,13069010701,28580
723,13069010702,32106
724,13069010801,43581
725,13069010802,36701
726,13071970101,51484
727,13071970102,51333
728,13071970200,52500
729,13071970301,14572
730,13071970302,53051
731,13071970400,37575
732,13071970500,48538
733,13071970601,46477
734,13071970602,65515
735,13071970702,19907
736,13071970703,54750
737,13071970704,34318
738,13071970800,42679
739,13071970901,32963
740,13071970902,38515
741,13073030103,125016
742,13073030105,91000
743,13073030106,72633
744,13073030107,141025
745,13073030108,126727
746,13073030201,67207
747,13073030202,67337
748,13073030203,80057
749,13073030304,108315
750,13073030306,86993
751,13073030307,96103
752,13073030308,130658
753,13073030310,119659
754,13073030311,114000
755,13073030312,93199
756,13073030313,50891
757,13073030401,69712
758,13073030403,79619
759,13073030404,-
760,13073030503,68763
761,13073030504,80104
762,13073030505,67948
763,13073030507,69071
764,13073030508,65640
765,13073030603,61775
766,13075960100,40391
767,13075960200,38544
768,13075960301,49228
769,13075960302,51154
770,13075960400,46481
771,13077170101,79306
772,13077170102,73206
773,13077170200,65966
774,13077170303,126841
775,13077170304,82406
776,13077170307,44421
777,13077170308,48821
778,13077170309,82398
779,13077170310,81133
780,13077170403,104310
781,13077170404,101023
782,13077170405,92719
783,13077170406,115907
784,13077170407,-
785,13077170408,121198
786,13077170501,77813
787,13077170502,84452
788,13077170503,98504
789,13077170603,106373
790,13077170604,50152
791,13077170605,32859
792,13077170606,111603
793,13077170607,108026
794,13077170701,67328
795,13077170702,68466
796,13077170801,74667
797,13077170802,78485
798,13079070100,39484
799,13079070201,57241
800,13079070202,57500
801,13081010100,29375
802,13081010201,39091
803,13081010202,41708
804,13081010300,59934
805,13081010400,41177
806,13081010500,46500
807,13083040102,40179
808,13083040103,42742
809,13083040104,39417
810,13083040200,62083
811,13083040300,72585
812,13085970101,74333
813,13085970102,70066
814,13085970103,68681
815,13085970203,129934
816,13085970204,66136
817,13085970205,76344
818,13085970206,75694
819,13087970100,45938
820,13087970200,62384
821,13087970301,36006
822,13087970302,40313
823,13087970400,42679
824,13087970600,54133
825,13087970700,36979
826,13087970800,46019
827,13089020100,176685
828,13089020200,90096
829,13089020300,159931
830,13089020400,168828
831,13089020500,85688
832,13089020600,81455
833,13089020700,76023
834,13089020801,146250
835,13089020802,95550
836,13089020901,109190
837,13089020902,56533
838,13089021101,234926
839,13089021103,125417
840,13089021104,103826
841,13089021204,31607
842,13089021208,75587
843,13089021210,189856
844,13089021211,119286
845,13089021213,189091
846,13089021217,108750
847,13089021219,148493
848,13089021220,105469
849,13089021221,105600
850,13089021222,80871
851,13089021223,96510
852,13089021224,54457
853,13089021225,63712
854,13089021226,78193
855,13089021227,93955
856,13089021228,231429
857,13089021229,144863
858,13089021230,102105
859,13089021301,57539
860,13089021305,53065
861,13089021306,56819
862,13089021307,67692
863,13089021308,67292
864,13089021309,32569
865,13089021310,33678
866,13089021405,137768
867,13089021409,79198
868,13089021410,78100
869,13089021411,120694
870,13089021412,141641
871,13089021415,110720
872,13089021416,110066
873,13089021417,66193
874,13089021418,46094
875,13089021419,66694
876,13089021420,49914
877,13089021421,64722
878,13089021502,85337
879,13089021503,60175
880,13089021505,86250
881,13089021506,91940
882,13089021602,100625
883,13089021604,181705
884,13089021606,77782
885,13089021607,78828
886,13089021608,60448
887,13089021609,133833
888,13089021703,159750
889,13089021707,127542
890,13089021708,77708
891,13089021709,65805
892,13089021710,150069
893,13089021711,65147
894,13089021712,41504
895,13089021808,109560
896,13089021812,64012
897,13089021813,45353
898,13089021815,40787
899,13089021816,99044
900,13089021817,100714
901,13089021818,76703
902,13089021819,116118
903,13089021820,59561
904,13089021821,138407
905,13089021822,86511
906,13089021823,89714
907,13089021824,40402
908,13089021906,45845
909,13089021908,48120
910,13089021910,41303
911,13089021911,32107
912,13089021912,151750
913,13089021913,33297
914,13089021914,40385
915,13089021915,102961
916,13089021916,50381
917,13089021917,39874
918,13089022001,79583
919,13089022005,46526
920,13089022007,45357
921,13089022010,69643
922,13089022011,38061
923,13089022012,30061
924,13089022013,55595
925,13089022014,37500
926,13089022015,68152
927,13089022016,61470
928,13089022100,52407
929,13089022203,81472
930,13089022205,68084
931,13089022206,81940
932,13089022302,100208
933,13089022303,91552
934,13089022304,62000
935,13089022401,112969
936,13089022403,227500
937,13089022404,37297
938,13089022405,63347
939,13089022501,99044
940,13089022502,232796
941,13089022601,85398
942,13089022602,181379
943,13089022700,149338
944,13089022800,146731
945,13089022900,89792
946,13089023000,96859
947,13089023101,63526
948,13089023102,44574
949,13089023107,55660
950,13089023108,36481
951,13089023111,48092
952,13089023112,33523
953,13089023113,34664
954,13089023114,44741
955,13089023115,-
956,13089023209,68460
957,13089023211,62266
958,13089023212,61162
959,13089023213,52898
960,13089023214,56622
961,13089023215,45207
962,13089023216,59697
963,13089023217,53112
964,13089023218,36159
965,13089023219,62338
966,13089023220,60508
967,13089023221,60164
968,13089023222,38504
969,13089023311,72519
970,13089023313,56518
971,13089023315,73406
972,13089023317,20443
973,13089023318,84234
974,13089023319,65254
975,13089023320,31492
976,13089023321,63050
977,13089023322,51974
978,13089023323,70160
979,13089023324,95680
980,13089023325,88603
981,13089023326,76184
982,13089023327,53519
983,13089023328,71161
984,13089023329,62901
985,13089023330,69023
986,13089023331,55526
987,13089023332,71593
988,13089023410,39150
989,13089023411,48625
990,13089023413,66118
991,13089023422,61739
992,13089023424,80884
993,13089023425,65836
994,13089023426,64303
995,13089023427,73285
996,13089023429,36397
997,13089023430,28011
998,13089023431,50337
999,13089023432,83427
1000,13089023433,54248
1001,13089023434,70150
1002,13089023435,68697
1003,13089023436,69562
1004,13089023437,80228
1005,13089023438,56814
1006,13089023439,33509
1007,13089023440,59858
1008,13089023441,70000
1009,13089023442,69963
1010,13089023443,95681
1011,13089023444,74179
1012,13089023445,56409
1013,13089023446,31786
1014,13089023447,55750
1015,13089023448,57685
1016,13089023501,36712
1017,13089023504,44539
1018,13089023505,39660
1019,13089023506,54203
1020,13089023507,44768
1021,13089023601,82094
1022,13089023602,49583
1023,13089023603,41536
1024,13089023701,45472
1025,13089023702,43691
1026,13089023801,83576
1027,13089023802,66980
1028,13089023803,56892
1029,13089980000,-
1030,13091960100,46065
1031,13091960200,34508
1032,13091960301,36721
1033,13091960302,50173
1034,13091960400,41139
1035,13091960500,59444
1036,13091960600,34313
1037,13093970100,58224
1038,13093970200,38990
1039,13093970300,37576
1040,13095000101,-
1041,13095000102,38450
1042,13095000200,12759
1043,13095000400,49035
1044,13095000501,57114
1045,13095000502,62423
1046,13095000600,41667
1047,13095000700,50625
1048,13095000800,17381
1049,13095000900,41447
1050,13095001000,29705
1051,13095001100,31149
1052,13095001403,-
1053,13095001500,18000
1054,13095010302,21754
1055,13095010401,73201
1056,13095010402,41447
1057,13095010403,86023
1058,13095010500,37917
1059,13095010601,22061
1060,13095010602,46996
1061,13095010701,31131
1062,13095010702,33026
1063,13095010900,43409
1064,13095011000,58739
1065,13095011200,46835
1066,13095011300,56500
1067,13095011400,19886
1068,13095011600,52228
1069,13097080104,42126
1070,13097080105,87923
1071,13097080106,46029
1072,13097080107,44770
1073,13097080201,71407
1074,13097080203,60645
1075,13097080204,50714
1076,13097080303,42878
1077,13097080304,44597
1078,13097080305,70680
1079,13097080306,52770
1080,13097080307,61326
1081,13097080403,85539
1082,13097080405,107917
1083,13097080406,95370
1084,13097080407,81565
1085,13097080408,56886
1086,13097080505,54640
1087,13097080506,71163
1088,13097080507,77986
1089,13097080508,63099
1090,13097080509,97067
1091,13097080512,74297
1092,13097080513,100381
1093,13097080514,116326
1094,13097080515,112014
1095,13097080602,79571
1096,13097080605,66838
1097,13097080606,87790
1098,13097080607,96845
1099,13097080608,69318
1100,13099090100,36771
1101,13099090200,47227
1102,13099090300,42292
1103,13099090400,36900
1104,13099090500,35417
1105,13101880100,44375
1106,13101880200,45809
1107,13103030100,40600
1108,13103030204,54878
1109,13103030205,68341
1110,13103030206,74464
1111,13103030207,63173
1112,13103030208,87880
1113,13103030209,57917
1114,13103030301,103691
1115,13103030303,84688
1116,13103030306,39647
1117,13103030307,68813
1118,13103030308,89681
1119,13103030309,60210
1120,13103030401,73876
1121,13103030403,62407
1122,13103030404,100284
1123,13105000100,51250
1124,13105000200,39388
1125,13105000300,45595
1126,13105000400,36090
1127,13105000501,59392
1128,13105000502,33161
1129,13107970101,36833
1130,13107970102,47734
1131,13107970200,37857
1132,13107970300,39500
1133,13107970401,31037
1134,13107970402,61905
1135,13107970500,50250
1136,13107970601,42524
1137,13107970602,53155
1138,13109970100,53028
1139,13109970200,57143
1140,13109970300,41667
1141,13111050100,50078
1142,13111050200,46117
1143,13111050300,48667
1144,13111050400,47321
1145,13111050500,60579
1146,13113140102,73693
1147,13113140103,76905
1148,13113140104,86118
1149,13113140203,89857
1150,13113140204,80893
1151,13113140206,140313
1152,13113140207,101159
1153,13113140209,93333
1154,13113140210,104527
1155,13113140303,110000
1156,13113140304,105188
1157,13113140305,120963
1158,13113140307,200938
1159,13113140308,136667
1160,13113140309,64907
1161,13113140403,103637
1162,13113140404,83422
1163,13113140405,117644
1164,13113140406,66414
1165,13113140408,111066
1166,13113140409,81915
1167,13113140410,57396
1168,13113140501,124441
1169,13113140502,110369
1170,13115000100,51848
1171,13115000202,77356
1172,13115000203,56298
1173,13115000204,69667
1174,13115000300,61313
1175,13115000401,52656
1176,13115000402,120512
1177,13115000403,62295
1178,13115000500,31278
1179,13115000600,29722
1180,13115000700,73780
1181,13115000800,78333
1182,13115000900,62143
1183,13115001100,24444
1184,13115001200,63804
1185,13115001301,40639
1186,13115001302,48170
1187,13115001400,64674
1188,13115001600,28049
1189,13115001703,61490
1190,13115001704,60913
1191,13115001705,55048
1192,13115001706,34054
1193,13115001800,39960
1194,13115002000,62076
1195,13115002100,35732
1196,13117130101,119767
1197,13117130102,86406
1198,13117130103,81700
1199,13117130104,94894
1200,13117130105,70172
1201,13117130201,126329
1202,13117130202,135268
1203,13117130203,90815
1204,13117130204,111294
1205,13117130205,113220
1206,13117130301,120217
1207,13117130302,141712
1208,13117130303,103667
1209,13117130304,161333
1210,13117130305,129167
1211,13117130306,134345
1212,13117130307,132731
1213,13117130406,83942
1214,13117130409,69405
1215,13117130410,94911
1216,13117130411,108523
1217,13117130412,111329
1218,13117130413,47383
1219,13117130414,132763
1220,13117130415,125551
1221,13117130503,120278
1222,13117130504,83960
1223,13117130505,100104
1224,13117130506,88952
1225,13117130507,89107
1226,13117130508,146534
1227,13117130509,113971
1228,13117130511,131921
1229,13117130512,149750
1230,13117130601,102526
1231,13117130602,109472
1232,13117130603,145250
1233,13117130604,167717
1234,13117130605,147240
1235,13117130606,141171
1236,13117130607,170378
1237,13117130608,136250
1238,13117130609,144750
1239,13117130610,170345
1240,13117130611,170417
1241,13117130613,124408
1242,13117130614,124402
1243,13117130615,192845
1244,13119890101,42411
1245,13119890103,56935
1246,13119890104,57311
1247,13119890201,50154
1248,13119890202,51917
1249,13119890300,53558
1250,13119890401,50625
1251,13119890402,28968
1252,13121000100,141406
1253,13121000201,110236
1254,13121000202,169844
1255,13121000400,147641
1256,13121000501,82917
1257,13121000502,106000
1258,13121000601,63556
1259,13121000602,50536
1260,13121000700,109917
1261,13121001001,85850
1262,13121001002,40048
1263,13121001101,112500
1264,13121001102,123355
1265,13121001203,68507
1266,13121001204,108200
1267,13121001205,79315
1268,13121001206,118724
1269,13121001301,63020
1270,13121001302,104423
1271,13121001400,83930
1272,13121001501,59317
1273,13121001502,72188
1274,13121001600,109505
1275,13121001701,58529
1276,13121001702,114576
1277,13121001801,-
1278,13121001802,81250
1279,13121001901,24128
1280,13121001902,65980
1281,13121002100,72866
1282,13121002300,27420
1283,13121002400,27647
1284,13121002500,34082
1285,13121002600,27188
1286,13121002801,67069
1287,13121002802,27851
1288,13121002900,86000
1289,13121003000,135506
1290,13121003100,93583
1291,13121003200,117386
1292,13121003500,50687
1293,13121003600,77601
1294,13121003700,-
1295,13121003800,27143
1296,13121003900,38510
1297,13121004000,45761
1298,13121004100,63896
1299,13121004200,23029
1300,13121004300,49444
1301,13121004400,25781
1302,13121004800,15726
1303,13121004900,83819
1304,13121005000,84010
1305,13121005200,127544
1306,13121005300,122500
1307,13121005501,37342
1308,13121005503,21590
1309,13121005504,38000
1310,13121005700,35607
1311,13121005800,60290
1312,13121006000,48484
1313,13121006100,28967
1314,13121006200,43147
1315,13121006300,37016
1316,13121006400,36181
1317,13121006500,61060
1318,13121006601,57031
1319,13121006602,22500
1320,13121006701,25963
1321,13121006702,50345
1322,13121006801,-
1323,13121006802,15112
1324,13121006900,84450
1325,13121007001,30324
1326,13121007002,48480
1327,13121007100,27993
1328,13121007200,-
1329,13121007301,39577
1330,13121007302,18247
1331,13121007400,26391
1332,13121007500,26023
1333,13121007602,42965
1334,13121007603,15499
1335,13121007604,26175
1336,13121007703,47981
1337,13121007705,34543
1338,13121007707,63333
1339,13121007708,62835
1340,13121007709,86637
1341,13121007710,47583
1342,13121007711,37059
1343,13121007805,51328
1344,13121007806,50010
1345,13121007807,43586
1346,13121007808,16535
1347,13121007809,57181
1348,13121007810,49136
1349,13121007900,79012
1350,13121008000,41281
1351,13121008103,26563
1352,13121008104,45413
1353,13121008202,25875
1354,13121008203,40257
1355,13121008204,41146
1356,13121008301,28144
1357,13121008302,28173
1358,13121008400,18594
1359,13121008500,35515
1360,13121008601,26563
1361,13121008602,32250
1362,13121008701,27883
1363,13121008702,64375
1364,13121008801,129375
1365,13121008802,189545
1366,13121008903,83699
1367,13121008905,104720
1368,13121008906,174958
1369,13121008907,74038
1370,13121008908,43949
1371,13121008909,118114
1372,13121009001,56845
1373,13121009002,250000
1374,13121009103,83151
1375,13121009104,81288
1376,13121009105,250000
1377,13121009106,59148
1378,13121009201,42679
1379,13121009202,85678
1380,13121009203,71146
1381,13121009301,120764
1382,13121009302,125000
1383,13121009405,75859
1384,13121009406,73375
1385,13121009407,82283
1386,13121009408,55481
1387,13121009409,67170
1388,13121009410,86273
1389,13121009411,103953
1390,13121009501,154337
1391,13121009503,52909
1392,13121009504,84073
1393,13121009601,130793
1394,13121009604,59891
1395,13121009605,93252
1396,13121009606,220026
1397,13121009607,101101
1398,13121009700,250000
1399,13121009802,171875
1400,13121009803,91103
1401,13121009804,250000
1402,13121009900,155272
1403,13121010003,128398
1404,13121010004,250000
1405,13121010005,250000
1406,13121010006,83803
1407,13121010007,223698
1408,13121010106,87500
1409,13121010107,250000
1410,13121010108,128056
1411,13121010115,151927
1412,13121010117,66344
1413,13121010120,82575
1414,13121010121,103050
1415,13121010124,77129
1416,13121010125,76483
1417,13121010126,75163
1418,13121010127,120947
1419,13121010128,56378
1420,13121010129,95431
1421,13121010130,91546
1422,13121010131,61016
1423,13121010132,64682
1424,13121010133,85284
1425,13121010134,67578
1426,13121010135,45417
1427,13121010136,86711
1428,13121010137,76791
1429,13121010204,156346
1430,13121010211,188393
1431,13121010212,75665
1432,13121010213,65023
1433,13121010214,52188
1434,13121010215,114110
1435,13121010216,97951
1436,13121010217,88297
1437,13121010218,62089
1438,13121010219,86500
1439,13121010220,108558
1440,13121010221,89663
1441,13121010222,215750
1442,13121010223,171950
1443,13121010305,83512
1444,13121010306,126190
1445,13121010307,90911
1446,13121010308,84478
1447,13121010309,93184
1448,13121010310,77118
1449,13121010311,103308
1450,13121010312,75042
1451,13121010313,71509
1452,13121010314,96931
1453,13121010315,86494
1454,13121010401,50368
1455,13121010402,68303
1456,13121010508,54928
1457,13121010517,65282
1458,13121010518,73646
1459,13121010519,61000
1460,13121010520,57951
1461,13121010521,45859
1462,13121010522,45016
1463,13121010523,49956
1464,13121010524,47278
1465,13121010525,32560
1466,13121010526,62750
1467,13121010527,36930
1468,13121010528,43212
1469,13121010529,56719
1470,13121010530,49841
1471,13121010531,-
1472,13121010532,57585
1473,13121010533,39940
1474,13121010534,46136
1475,13121010535,79904
1476,13121010536,89864
1477,13121010537,71883
1478,13121010538,55521
1479,13121010539,80393
1480,13121010540,89688
1481,13121010601,58407
1482,13121010603,42246
1483,13121010604,26737
1484,13121010801,67239
1485,13121010802,73083
1486,13121011000,37888
1487,13121011100,71504
1488,13121011202,47833
1489,13121011203,42938
1490,13121011204,65844
1491,13121011301,71161
1492,13121011306,44746
1493,13121011307,36495
1494,13121011308,42745
1495,13121011309,63724
1496,13121011310,45779
1497,13121011416,126352
1498,13121011417,98911
1499,13121011419,143932
1500,13121011421,67305
1501,13121011422,105342
1502,13121011423,142031
1503,13121011424,95397
1504,13121011426,120179
1505,13121011428,169628
1506,13121011429,123438
1507,13121011430,50922
1508,13121011431,100686
1509,13121011432,75492
1510,13121011433,150243
1511,13121011434,74697
1512,13121011435,78633
1513,13121011436,152540
1514,13121011437,91182
1515,13121011438,105182
1516,13121011439,118145
1517,13121011440,128938
1518,13121011441,96250
1519,13121011442,110711
1520,13121011443,154688
1521,13121011444,159329
1522,13121011445,120400
1523,13121011446,186225
1524,13121011505,174940
1525,13121011507,250000
1526,13121011508,250000
1527,13121011509,250000
1528,13121011510,198527
1529,13121011511,199018
1530,13121011512,180682
1531,13121011513,175536
1532,13121011514,223049
1533,13121011515,238350
1534,13121011612,167917
1535,13121011618,137500
1536,13121011624,214107
1537,13121011627,89405
1538,13121011628,111607
1539,13121011629,175766
1540,13121011630,132857
1541,13121011631,73667
1542,13121011632,131105
1543,13121011633,129115
1544,13121011634,70197
1545,13121011635,138944
1546,13121011636,98108
1547,13121011637,209828
1548,13121011638,108373
1549,13121011639,85329
1550,13121011640,121310
1551,13121011641,227182
1552,13121011642,-
1553,13121011643,65170
1554,13121011644,109758
1555,13121011645,123587
1556,13121011646,82273
1557,13121011647,85052
1558,13121011648,182606
1559,13121011649,158182
1560,13121011650,152171
1561,13121011651,145875
1562,13121011652,105133
1563,13121011653,213750
1564,13121011654,122750
1565,13121011655,157264
1566,13121011656,170809
1567,13121011657,167353
1568,13121011658,137448
1569,13121011659,157288
1570,13121011660,89783
1571,13121011661,189067
1572,13121011801,60250
1573,13121011802,21838
1574,13121011901,29414
1575,13121011902,33301
1576,13121012000,12288
1577,13121012300,46893
1578,13121980000,-
1579,13123080100,59596
1580,13123080200,55811
1581,13123080301,43654
1582,13123080302,44095
1583,13123080401,47450
1584,13123080402,71788
1585,13123080403,78906
1586,13123080500,57063
1587,13125010100,53125
1588,13127000101,64227
1589,13127000103,85405
1590,13127000104,82115
1591,13127000201,92083
1592,13127000202,115455
1593,13127000301,93750
1594,13127000302,112198
1595,13127000303,113229
1596,13127000403,71875
1597,13127000405,73161
1598,13127000406,69932
1599,13127000407,53873
1600,13127000408,108441
1601,13127000409,52375
1602,13127000501,30938
1603,13127000503,42177
1604,13127000504,53933
1605,13127000601,41595
1606,13127000602,55855
1607,13127000701,47650
1608,13127000702,23629
1609,13127000800,26955
1610,13127000900,28420
1611,13127001001,79659
1612,13127001002,84563
1613,13127990000,-
1614,13129970101,58016
1615,13129970102,43427
1616,13129970201,55261
1617,13129970202,73750
1618,13129970301,27600
1619,13129970302,50071
1620,13129970400,56977
1621,13129970500,55543
1622,13129970601,26928
1623,13129970602,34940
1624,13129970700,44063
1625,13129970801,60125
1626,13129970802,45745
1627,13129970901,83787
1628,13129970902,59607
1629,13131950100,52895
1630,13131950200,51467
1631,13131950300,48722
1632,13131950401,52575
1633,13131950402,31189
1634,13131950501,67606
1635,13131950502,44115
1636,13131950600,48980
1637,13133950100,54375
1638,13133950200,42143
1639,13133950301,163500
1640,13133950302,89472
1641,13133950304,66089
1642,13133950305,33598
1643,13133950400,28409
1644,13133950500,67083
1645,13135050105,58261
1646,13135050110,96708
1647,13135050111,46019
1648,13135050112,64414
1649,13135050113,64464
1650,13135050114,133533
1651,13135050115,-
1652,13135050116,143700
1653,13135050117,103421
1654,13135050118,59402
1655,13135050119,90268
1656,13135050120,111534
1657,13135050121,92044
1658,13135050205,76188
1659,13135050215,54734
1660,13135050218,67387
1661,13135050219,85300
1662,13135050221,67891
1663,13135050222,61467
1664,13135050223,66755
1665,13135050224,117125
1666,13135050225,66391
1667,13135050226,86684
1668,13135050227,112955
1669,13135050228,62537
1670,13135050229,39899
1671,13135050230,47764
1672,13135050231,74105
1673,13135050232,100125
1674,13135050233,91375
1675,13135050234,126637
1676,13135050235,103330
1677,13135050236,48668
1678,13135050237,93290
1679,13135050238,84722
1680,13135050239,148375
1681,13135050240,158104
1682,13135050241,111737
1683,13135050242,109909
1684,13135050243,179115
1685,13135050244,213730
1686,13135050306,54688
1687,13135050308,189306
1688,13135050311,110799
1689,13135050315,55638
1690,13135050317,44885
1691,13135050318,47917
1692,13135050321,156438
1693,13135050322,168676
1694,13135050323,141032
1695,13135050324,66148
1696,13135050325,78707
1697,13135050326,31560
1698,13135050327,63750
1699,13135050328,45783
1700,13135050329,40721
1701,13135050330,57232
1702,13135050331,51357
1703,13135050332,50598
1704,13135050333,45703
1705,13135050334,55250
1706,13135050335,77778
1707,13135050336,84654
1708,13135050415,76373
1709,13135050416,70568
1710,13135050425,94911
1711,13135050427,95175
1712,13135050430,69861
1713,13135050433,56528
1714,13135050435,53875
1715,13135050437,55985
1716,13135050438,55797
1717,13135050439,44545
1718,13135050440,37223
1719,13135050441,48462
1720,13135050442,67917
1721,13135050443,74088
1722,13135050444,67706
1723,13135050445,32806
1724,13135050446,46619
1725,13135050447,37044
1726,13135050448,51696
1727,13135050449,47648
1728,13135050450,67222
1729,13135050451,38842
1730,13135050452,37941
1731,13135050453,43571
1732,13135050454,63180
1733,13135050455,45571
1734,13135050456,35733
1735,13135050457,117877
1736,13135050458,89172
1737,13135050459,63539
1738,13135050460,49167
1739,13135050461,53942
1740,13135050462,123315
1741,13135050463,44722
1742,13135050464,59753
1743,13135050465,75019
1744,13135050466,100153
1745,13135050520,51863
1746,13135050521,68864
1747,13135050522,38313
1748,13135050526,46574
1749,13135050528,108536
1750,13135050529,75102
1751,13135050530,109963
1752,13135050536,59600
1753,13135050537,46875
1754,13135050539,53980
1755,13135050541,53476
1756,13135050542,41607
1757,13135050549,84835
1758,13135050550,67500
1759,13135050551,84901
1760,13135050552,105484
1761,13135050553,93381
1762,13135050554,52813
1763,13135050555,71761
1764,13135050556,95130
1765,13135050557,75015
1766,13135050558,87266
1767,13135050559,67500
1768,13135050560,113258
1769,13135050561,43681
1770,13135050562,52000
1771,13135050563,98864
1772,13135050564,33901
1773,13135050565,94491
1774,13135050566,77377
1775,13135050567,56083
1776,13135050568,76372
1777,13135050569,56801
1778,13135050570,92865
1779,13135050571,50094
1780,13135050572,82806
1781,13135050573,113906
1782,13135050574,53257
1783,13135050575,84934
1784,13135050576,67924
1785,13135050577,54387
1786,13135050578,85813
1787,13135050579,90000
1788,13135050580,88408
1789,13135050581,71597
1790,13135050582,94286
1791,13135050583,71061
1792,13135050584,120204
1793,13135050585,98721
1794,13135050586,78659
1795,13135050587,82654
1796,13135050588,96452
1797,13135050589,61813
1798,13135050590,121838
1799,13135050591,139665
1800,13135050611,93162
1801,13135050612,95066
1802,13135050613,108750
1803,13135050614,79871
1804,13135050615,100694
1805,13135050616,125990
1806,13135050617,132612
1807,13135050618,127813
1808,13135050619,135670
1809,13135050620,112500
1810,13135050621,118015
1811,13135050622,87627
1812,13135050623,108073
1813,13135050624,111639
1814,13135050625,91594
1815,13135050626,89790
1816,13135050627,93137
1817,13135050628,101830
1818,13135050629,131026
1819,13135050630,121424
1820,13135050631,100382
1821,13135050632,128078
1822,13135050633,53413
1823,13135050634,-
1824,13135050635,103405
1825,13135050636,97835
1826,13135050715,74631
1827,13135050719,57123
1828,13135050722,75048
1829,13135050725,75455
1830,13135050729,73017
1831,13135050732,58875
1832,13135050733,62188
1833,13135050734,80706
1834,13135050735,63929
1835,13135050736,77447
1836,13135050737,98922
1837,13135050738,103973
1838,13135050739,102930
1839,13135050740,82808
1840,13135050741,114441
1841,13135050742,105423
1842,13135050743,74195
1843,13135050744,85250
1844,13135050745,94246
1845,13135050746,103698
1846,13135050747,98350
1847,13135050748,-
1848,13135050749,84506
1849,13135050750,101815
1850,13135050751,47289
1851,13135050752,112256
1852,13135050753,64375
1853,13135050754,86613
1854,13135050755,90804
1855,13135050756,135274
1856,13135050757,120319
1857,13135050758,59357
1858,13135050759,108307
1859,13135050760,154174
1860,13135050761,113317
1861,13135050762,115318
1862,13135050763,89965
1863,13135050764,87417
1864,13135050765,116726
1865,13137000100,71563
1866,13137000201,45461
1867,13137000203,59365
1868,13137000204,77031
1869,13137000300,62500
1870,13137000400,72697
1871,13137000501,59618
1872,13137000502,52350
1873,13137000601,52367
1874,13137000603,50000
1875,13137000604,39722
1876,13139000101,55363
1877,13139000102,68580
1878,13139000203,71691
1879,13139000204,77452
1880,13139000205,77330
1881,13139000206,63148
1882,13139000303,90051
1883,13139000304,79968
1884,13139000305,65257
1885,13139000306,65268
1886,13139000307,86838
1887,13139000401,57083
1888,13139000402,96092
1889,13139000501,66211
1890,13139000502,71696
1891,13139000601,45809
1892,13139000602,72566
1893,13139000702,60179
1894,13139000703,36605
1895,13139000704,60536
1896,13139000800,24250
1897,13139000901,73077
1898,13139000902,62576
1899,13139001004,60739
1900,13139001005,61814
1901,13139001006,49433
1902,13139001007,40612
1903,13139001008,33829
1904,13139001101,55272
1905,13139001102,61667
1906,13139001202,54839
1907,13139001203,35987
1908,13139001204,56594
1909,13139001302,86550
1910,13139001303,65156
1911,13139001304,72544
1912,13139001402,82948
1913,13139001404,59129
1914,13139001405,57208
1915,13139001406,74583
1916,13139001501,78568
1917,13139001502,83707
1918,13139001603,75278
1919,13139001605,106563
1920,13139001606,65778
1921,13139001607,80082
1922,13139001609,124292
1923,13139001610,90875
1924,13139001611,128720
1925,13139001612,92363
1926,13141480300,47744
1927,13141480400,30370
1928,13143010100,73250
1929,13143010201,45139
1930,13143010202,48182
1931,13143010301,71618
1932,13143010303,29468
1933,13143010304,67146
1934,13143010401,52670
1935,13143010402,53107
1936,13145120198,67250
1937,13145120200,70682
1938,13145120301,92500
1939,13145120302,87399
1940,13145120401,88936
1941,13145120403,92286
1942,13145120404,75536
1943,13147960101,65955
1944,13147960102,64523
1945,13147960103,49097
1946,13147960200,65541
1947,13147960300,51450
1948,13147960401,40661
1949,13147960402,53214
1950,13147960501,43906
1951,13147960502,55192
1952,13147960503,42949
1953,13149970100,44079
1954,13149970200,65116
1955,13149970300,59375
1956,13151070109,66071
1957,13151070113,49048
1958,13151070114,50635
1959,13151070115,68940
1960,13151070116,87679
1961,13151070117,53434
1962,13151070118,81767
1963,13151070119,53121
1964,13151070120,72847
1965,13151070121,82885
1966,13151070122,72649
1967,13151070123,51593
1968,13151070124,89411
1969,13151070125,61477
1970,13151070126,59160
1971,13151070127,61742
1972,13151070128,63930
1973,13151070204,92767
1974,13151070206,68886
1975,13151070207,145635
1976,13151070208,109423
1977,13151070209,99094
1978,13151070210,133463
1979,13151070211,82224
1980,13151070212,53472
1981,13151070213,98885
1982,13151070214,104194
1983,13151070215,128922
1984,13151070216,133317
1985,13151070307,86506
1986,13151070310,89881
1987,13151070312,60789
1988,13151070313,107640
1989,13151070314,86359
1990,13151070315,111919
1991,13151070316,91574
1992,13151070317,68674
1993,13151070318,70513
1994,13151070319,77064
1995,13151070320,73857
1996,13151070321,75982
1997,13151070322,64639
1998,13151070323,34803
1999,13151070324,30819
2000,13151070325,62941
2001,13151070405,65172
2002,13151070406,54725
2003,13151070407,91312
2004,13151070408,58497
2005,13151070409,87192
2006,13151070410,78452
2007,13151070411,73170
2008,13151070412,73813
2009,13151070503,56515
2010,13151070504,63773
2011,13151070505,71601
2012,13151070506,80094
2013,13151070507,72933
2014,13151070508,101116
2015,13153020106,65938
2016,13153020108,52578
2017,13153020110,43125
2018,13153020111,57446
2019,13153020112,67064
2020,13153020113,77594
2021,13153020200,43537
2022,13153020301,32667
2023,13153020302,25409
2024,13153020400,16497
2025,13153020600,76717
2026,13153020700,32686
2027,13153020800,66217
2028,13153020900,66297
2029,13153021001,47885
2030,13153021002,68071
2031,13153021108,92025
2032,13153021114,130711
2033,13153021115,100905
2034,13153021116,47083
2035,13153021117,91493
2036,13153021118,58995
2037,13153021119,79453
2038,13153021120,88066
2039,13153021121,92115
2040,13153021122,96005
2041,13153021123,102138
2042,13153021124,126345
2043,13153021125,98611
2044,13153021203,83603
2045,13153021204,106076
2046,13153021205,73750
2047,13153021206,41250
2048,13153021300,42768
2049,13153021401,45615
2050,13153021402,76850
2051,13153021501,60119
2052,13153021502,91429
2053,13155950100,38276
2054,13155950201,46211
2055,13155950202,48617
2056,13157010104,67222
2057,13157010105,85179
2058,13157010106,73875
2059,13157010107,126875
2060,13157010108,57309
2061,13157010109,119279
2062,13157010200,57564
2063,13157010300,62928
2064,13157010400,57700
2065,13157010500,53981
2066,13157010601,71899
2067,13157010602,72925
2068,13157010701,54032
2069,13157010703,75903
2070,13157010704,95930
2071,13157010705,87049
2072,13157010706,79571
2073,13159010100,58000
2074,13159010200,68609
2075,13159010501,46667
2076,13159010502,38807
2077,13159010503,67647
2078,13161960101,31458
2079,13161960102,53173
2080,13161960201,35109
2081,13161960202,42410
2082,13161960300,38081
2083,13163960100,43859
2084,13163960200,56000
2085,13163960300,42083
2086,13163960400,34603
2087,13165960100,28945
2088,13165960200,29564
2089,13167960100,53158
2090,13167960201,47143
2091,13167960202,28917
2092,13167960300,52000
2093,13169030101,66369
2094,13169030103,99470
2095,13169030105,72841
2096,13169030106,43721
2097,13169030200,50875
2098,13169030303,58173
2099,13169030304,57885
2100,13169030305,57545
2101,13169030306,78580
2102,13171970100,67108
2103,13171970201,55813
2104,13171970202,65718
2105,13171970300,36293
2106,13173950100,27007
2107,13173950201,27230
2108,13173950202,39538
2109,13175950100,32213
2110,13175950201,56549
2111,13175950202,60687
2112,13175950300,50575
2113,13175950400,24329
2114,13175950500,31447
2115,13175950600,59688
2116,13175950700,48529
2117,13175950800,33794
2118,13175950900,16611
2119,13175951001,44468
2120,13175951002,35847
2121,13175951100,41741
2122,13175951400,46397
2123,13177020101,57039
2124,13177020102,61127
2125,13177020200,66417
2126,13177020301,73510
2127,13177020302,57000
2128,13177020403,94052
2129,13177020404,79167
2130,13177020405,76447
2131,13179010101,44455
2132,13179010102,58478
2133,13179010103,53250
2134,13179010202,44679
2135,13179010204,53369
2136,13179010205,63673
2137,13179010206,55293
2138,13179010207,49074
2139,13179010208,54145
2140,13179010301,41711
2141,13179010302,44594
2142,13179010401,47894
2143,13179010402,48534
2144,13179010501,60787
2145,13179010503,70769
2146,13179010504,64833
2147,13179010600,37826
2148,13179990000,-
2149,13181970100,36275
2150,13181970200,47945
2151,13183970101,64415
2152,13183970102,54986
2153,13183970201,32778
2154,13183970202,51341
2155,13183980000,-
2156,13185010101,57085
2157,13185010102,60483
2158,13185010103,78750
2159,13185010201,81250
2160,13185010203,59480
2161,13185010204,107435
2162,13185010301,51837
2163,13185010302,77467
2164,13185010401,52868
2165,13185010403,50898
2166,13185010404,36092
2167,13185010500,25925
2168,13185010601,32536
2169,13185010604,62163
2170,13185010700,56463
2171,13185010801,26189
2172,13185010802,18010
2173,13185010900,20804
2174,13185011000,24219
2175,13185011100,26890
2176,13185011200,53682
2177,13185011301,19252
2178,13185011302,24634
2179,13185011401,71792
2180,13185011402,24250
2181,13185011404,39489
2182,13185011405,52904
2183,13185011500,54536
2184,13185011600,60000
2185,13187960103,59878
2186,13187960104,77688
2187,13187960105,54224
2188,13187960106,79526
2189,13187960203,59459
2190,13187960204,31929
2191,13187960205,63420
2192,13187960206,80482
2193,13189950100,66308
2194,13189950200,38416
2195,13189950300,53577
2196,13189950401,59595
2197,13189950402,34558
2198,13189950500,52389
2199,13191110101,40139
2200,13191110102,44397
2201,13191110103,83821
2202,13191110201,41556
2203,13191110202,48379
2204,13191110300,50212
2205,13191980000,-
2206,13191990000,-
2207,13193000100,18750
2208,13193000200,27917
2209,13193000300,26283
2210,13193000400,47173
2211,13195020100,37619
2212,13195020200,53714
2213,13195020300,52721
2214,13195020400,70024
2215,13195020501,60714
2216,13195020502,56648
2217,13195020600,52475
2218,13197920100,59073
2219,13197920200,38527
2220,13199970501,26627
2221,13199970502,45465
2222,13199970600,39146
2223,13199970701,39744
2224,13199970702,62119
2225,13199970801,51319
2226,13199970802,40395
2227,13201950100,33917
2228,13201950200,44659
2229,13201950300,60242
2230,13205090100,58910
2231,13205090200,31723
2232,13205090300,37813
2233,13205090401,53558
2234,13205090402,34214
2235,13205090501,34646
2236,13205090502,64728
2237,13207050101,63785
2238,13207050102,36212
2239,13207050200,57876
2240,13207050301,88929
2241,13207050302,108203
2242,13209950100,67500
2243,13209950200,38441
2244,13209950300,55000
2245,13211010100,83828
2246,13211010200,66975
2247,13211010301,55792
2248,13211010302,87798
2249,13211010400,75434
2250,13211010500,72404
2251,13213010100,51182
2252,13213010201,48214
2253,13213010203,63676
2254,13213010204,61296
2255,13213010300,49022
2256,13213010401,46422
2257,13213010402,55122
2258,13213010500,57056
2259,13213010600,50448
2260,13213010700,43565
2261,13215000200,41607
2262,13215000300,17727
2263,13215000400,51507
2264,13215000800,43645
2265,13215000900,48429
2266,13215001000,63700
2267,13215001100,92375
2268,13215001200,38721
2269,13215001400,17500
2270,13215001600,15811
2271,13215001800,22955
2272,13215002000,27993
2273,13215002100,36379
2274,13215002200,27500
2275,13215002300,31181
2276,13215002400,19023
2277,13215002500,16823
2278,13215002700,33912
2279,13215002800,28429
2280,13215002901,34085
2281,13215002902,25288
2282,13215003000,20769
2283,13215003200,25357
2284,13215003301,23780
2285,13215003302,24350
2286,13215003400,21578
2287,13215010106,54261
2288,13215010108,63248
2289,13215010109,62273
2290,13215010110,108184
2291,13215010111,95417
2292,13215010204,61383
2293,13215010205,68505
2294,13215010206,75309
2295,13215010207,122593
2296,13215010208,84943
2297,13215010209,81483
2298,13215010301,117125
2299,13215010303,105625
2300,13215010304,67351
2301,13215010401,62260
2302,13215010402,51016
2303,13215010501,52905
2304,13215010502,41127
2305,13215010602,49261
2306,13215010605,45988
2307,13215010606,-
2308,13215010607,39491
2309,13215010608,38946
2310,13215010701,50347
2311,13215010702,47829
2312,13215010704,32676
2313,13215010705,61897
2314,13215010801,60458
2315,13215010802,64753
2316,13215011100,44792
2317,13215011200,39146
2318,13215011400,33707
2319,13215011500,28147
2320,13217100101,64205
2321,13217100102,92284
2322,13217100202,88981
2323,13217100203,74808
2324,13217100204,80313
2325,13217100301,65000
2326,13217100302,81481
2327,13217100400,43299
2328,13217100503,70847
2329,13217100504,43147
2330,13217100505,80562
2331,13217100506,56181
2332,13217100507,64783
2333,13217100600,50094
2334,13217100701,30521
2335,13217100702,53259
2336,13217100801,58260
2337,13217100802,64426
2338,13217100902,63363
2339,13217100903,58548
2340,13217100904,70658
2341,13217100905,70283
2342,13219030101,83421
2343,13219030102,126250
2344,13219030103,99167
2345,13219030104,125528
2346,13219030201,137206
2347,13219030202,71688
2348,13219030300,107734
2349,13219030401,105694
2350,13219030402,77596
2351,13219030500,106833
2352,13219030600,114963
2353,13221960100,48920
2354,13221960203,46736
2355,13221960204,66708
2356,13221960205,68750
2357,13221960206,58958
2358,13221960300,62500
2359,13223120104,76678
2360,13223120105,125651
2361,13223120106,83203
2362,13223120107,85508
2363,13223120108,107588
2364,13223120109,110050
2365,13223120110,126266
2366,13223120111,107500
2367,13223120203,86625
2368,13223120205,112545
2369,13223120206,56642
2370,13223120207,91892
2371,13223120208,67083
2372,13223120301,59630
2373,13223120303,59556
2374,13223120304,54242
2375,13223120305,50725
2376,13223120306,66004
2377,13223120307,51378
2378,13223120401,53571
2379,13223120402,74405
2380,13223120403,56667
2381,13223120503,92755
2382,13223120504,64297
2383,13223120505,76517
2384,13223120506,79451
2385,13223120507,70523
2386,13223120601,69615
2387,13223120603,81066
2388,13223120604,84130
2389,13223120605,85221
2390,13223120606,104970
2391,13223120607,84727
2392,13225040101,99545
2393,13225040103,57271
2394,13225040104,38639
2395,13225040105,54801
2396,13225040200,44629
2397,13225040301,70543
2398,13225040302,25491
2399,13225040400,34674
2400,13227050101,119320
2401,13227050102,81085
2402,13227050201,67898
2403,13227050202,57750
2404,13227050300,62557
2405,13227050400,64874
2406,13227050500,70313
2407,13227050601,91731
2408,13227050602,43929
2409,13229960100,52917
2410,13229960200,62900
2411,13229960301,39681
2412,13229960302,52065
2413,13229960401,41944
2414,13229960402,45700
2415,13231010101,80302
2416,13231010102,71250
2417,13231010200,70341
2418,13231010300,72548
2419,13231010400,88750
2420,13233010100,55833
2421,13233010201,60065
2422,13233010202,66544
2423,13233010300,44398
2424,13233010400,43690
2425,13233010500,43156
2426,13233010600,48974
2427,13233010700,45746
2428,13235950100,42917
2429,13235950201,32181
2430,13235950202,84375
2431,13235950300,54167
2432,13237960101,52573
2433,13237960103,76787
2434,13237960104,70302
2435,13237960201,53920
2436,13237960203,42356
2437,13237960204,38003
2438,13237960301,58404
2439,13237960302,69042
2440,13239960300,31594
2441,13241970101,54550
2442,13241970102,53542
2443,13241970103,34135
2444,13241970201,48295
2445,13241970202,48828
2446,13241970302,55673
2447,13241970303,47635
2448,13241970304,64643
2449,13243790100,33235
2450,13243790200,28203
2451,13245000100,63309
2452,13245000200,19500
2453,13245000300,23897
2454,13245000600,-
2455,13245000700,26650
2456,13245001000,42750
2457,13245001100,95808
2458,13245001200,31250
2459,13245001300,45988
2460,13245001400,23258
2461,13245001602,77222
2462,13245001603,35755
2463,13245001604,-
2464,13245010101,64115
2465,13245010104,64667
2466,13245010105,56417
2467,13245010107,47269
2468,13245010108,44341
2469,13245010109,56879
2470,13245010201,113828
2471,13245010203,42161
2472,13245010205,57478
2473,13245010206,65217
2474,13245010207,85374
2475,13245010208,80088
2476,13245010300,25411
2477,13245010400,15889
2478,13245010506,25922
2479,13245010507,31989
2480,13245010508,28611
2481,13245010509,47820
2482,13245010510,35100
2483,13245010511,25095
2484,13245010512,37000
2485,13245010513,46288
2486,13245010514,33284
2487,13245010515,32227
2488,13245010601,29912
2489,13245010602,18969
2490,13245010706,52685
2491,13245010707,56799
2492,13245010708,45000
2493,13245010709,68114
2494,13245010710,45576
2495,13245010711,55431
2496,13245010713,62449
2497,13245010714,65303
2498,13245010801,57976
2499,13245010802,45765
2500,13245010903,65950
2501,13245010904,47108
2502,13245010905,43250
2503,13245010907,73517
2504,13245010908,55961
2505,13245011000,16811
2506,13245011100,21667
2507,13247060101,66635
2508,13247060103,85533
2509,13247060104,61888
2510,13247060201,43510
2511,13247060203,70708
2512,13247060204,77000
2513,13247060305,53810
2514,13247060306,81250
2515,13247060310,36273
2516,13247060311,66777
2517,13247060312,100291
2518,13247060313,78192
2519,13247060314,56875
2520,13247060315,49774
2521,13247060316,42264
2522,13247060317,60946
2523,13247060318,45911
2524,13247060403,65375
2525,13247060406,83672
2526,13247060407,67258
2527,13247060408,100926
2528,13247060409,88289
2529,13247060410,71738
2530,13247060411,103750
2531,13249960100,48611
2532,13249960200,52750
2533,13251970200,48580
2534,13251970300,39375
2535,13251970401,33276
2536,13251970402,36742
2537,13251970500,59375
2538,13251970600,57656
2539,13253200100,41652
2540,13253200200,33445
2541,13253200300,57625
2542,13255160101,50225
2543,13255160102,58021
2544,13255160201,70066
2545,13255160202,79049
2546,13255160300,27188
2547,13255160401,41750
2548,13255160402,22768
2549,13255160500,56819
2550,13255160600,55162
2551,13255160701,45842
2552,13255160702,75489
2553,13255160800,26262
2554,13255160900,33421
2555,13255161000,61555
2556,13255161100,75603
2557,13255161201,51812
2558,13255161202,64574
2559,13257970101,32117
2560,13257970102,65151
2561,13257970201,58472
2562,13257970202,42470
2563,13257970301,41111
2564,13257970302,52888
2565,13257970401,77984
2566,13257970402,49397
2567,13259950100,45809
2568,13259950400,32000
2569,13261950100,85094
2570,13261950200,37822
2571,13261950300,32109
2572,13261950400,33265
2573,13261950500,61111
2574,13261950600,32396
2575,13261950700,31368
2576,13261950800,37466
2577,13263960100,39063
2578,13263960200,43836
2579,13263960300,38589
2580,13265010200,39670
2581,13267950100,47096
2582,13267950202,43090
2583,13267950203,36311
2584,13267950204,56081
2585,13267950300,61487
2586,13267950401,53287
2587,13267950402,52705
2588,13269950100,41250
2589,13269950200,38509
2590,13269950301,23147
2591,13269950302,44097
2592,13271950101,45253
2593,13271950102,62991
2594,13271950103,80476
2595,13271950200,45417
2596,13271950500,33922
2597,13273120200,40625
2598,13273120300,28810
2599,13273120400,47083
2600,13273120500,61094
2601,13275960100,34844
2602,13275960200,68726
2603,13275960300,63977
2604,13275960400,61786
2605,13275960501,39344
2606,13275960502,62887
2607,13275960601,61563
2608,13275960602,41196
2609,13275960701,35208
2610,13275960702,41406
2611,13275960800,50787
2612,13275960900,65729
2613,13275961000,64701
2614,13275961100,44420
2615,13277960100,64563
2616,13277960200,54821
2617,13277960301,58583
2618,13277960302,39676
2619,13277960401,58238
2620,13277960402,34483
2621,13277960500,48882
2622,13277960601,40909
2623,13277960602,25488
2624,13277960700,37500
2625,13277960800,48393
2626,13277960900,43687
2627,13279970101,28607
2628,13279970102,26503
2629,13279970201,57167
2630,13279970202,42742
2631,13279970301,68469
2632,13279970302,63004
2633,13279970400,40160
2634,13279970500,42600
2635,13279970600,50227
2636,13281960100,49946
2637,13281960200,55694
2638,13281960301,48750
2639,13281960302,57629
2640,13283960100,48083
2641,13283960200,32928
2642,13285960101,44375
2643,13285960102,49936
2644,13285960201,62645
2645,13285960202,70404
2646,13285960300,67372
2647,13285960401,42792
2648,13285960402,34365
2649,13285960501,46910
2650,13285960503,43011
2651,13285960504,53824
2652,13285960600,37022
2653,13285960700,48732
2654,13285960800,28867
2655,13285960901,32260
2656,13285960903,77485
2657,13285960904,66658
2658,13285961000,48052
2659,13285961100,57105
2660,13287970201,28879
2661,13287970202,52700
2662,13287970300,49688
2663,13289060101,44926
2664,13289060102,41016
2665,13289060200,47165
2666,13291000101,54481
2667,13291000103,66466
2668,13291000104,47056
2669,13291000201,53008
2670,13291000203,54281
2671,13291000204,53986
2672,13291000206,51125
2673,13291000207,31563
2674,13293010100,49783
2675,13293010201,44222
2676,13293010202,59407
2677,13293010300,54593
2678,13293010401,56979
2679,13293010402,36458
2680,13293010500,27401
2681,13293010600,48250
2682,13295020101,40985
2683,13295020102,38750
2684,13295020200,36558
2685,13295020301,40968
2686,13295020302,43333
2687,13295020400,85515
2688,13295020503,61458
2689,13295020504,46747
2690,13295020505,60521
2691,13295020506,59818
2692,13295020601,73008
2693,13295020602,49022
2694,13295020701,29654
2695,13295020702,31809
2696,13295020800,55707
2697,13295020902,37455
2698,13295020903,47155
2699,13295020904,63809
2700,13297110101,86250
2701,13297110102,82957
2702,13297110200,61181
2703,13297110301,42237
2704,13297110302,36351
2705,13297110400,40691
2706,13297110503,87500
2707,13297110504,72365
2708,13297110505,85238
2709,13297110506,95319
2710,13297110508,79095
2711,13297110509,87841
2712,13297110510,91944
2713,13297110601,85368
2714,13297110602,75806
2715,13297110603,61926
2716,13297110701,65139
2717,13297110702,53805
2718,13297110801,80037
2719,13297110802,78380
2720,13299950100,56500
2721,13299950200,50795
2722,13299950300,31121
2723,13299950400,21643
2724,13299950500,38387
2725,13299950600,64362
2726,13299950700,29280
2727,13299950801,48175
2728,13299950802,21568
2729,13299950900,37925
2730,13301970400,32639
2731,13301970500,38776
2732,13303950100,60481
2733,13303950300,35600
2734,13303950400,40068
2735,13303950500,41464
2736,13303950700,37500
2737,13305970100,48866
2738,13305970201,-
2739,13305970202,30769
2740,13305970300,48138
2741,13305970400,42188
2742,13305970500,60766
2743,13305970600,57845
2744,13307960100,26875
2745,13307960200,41563
2746,13309780100,32109
2747,13309780200,25412
2748,13311950101,78929
2749,13311950102,39674
2750,13311950202,52639
2751,13311950204,57113
2752,13311950205,76264
2753,13311950206,59278
2754,13311950207,45724
2755,13311950301,82568
2756,13311950302,77279
2757,13313000101,65208
2758,13313000103,72784
2759,13313000104,59418
2760,13313000200,52563
2761,13313000301,38903
2762,13313000303,54107
2763,13313000304,59964
2764,13313000401,47512
2765,13313000402,44517
2766,13313000501,63080
2767,13313000502,38916
2768,13313000600,68448
2769,13313000700,59420
2770,13313000801,50540
2771,13313000802,64760
2772,13313000900,89306
2773,13313001000,48798
2774,13313001100,40417
2775,13313001200,35034
2776,13313001300,39718
2777,13313001400,85228
2778,13313001500,37452
2779,13315960100,34375
2780,13315960200,44063
2781,13315960300,55053
2782,13315960400,38000
2783,13317010101,48707
2784,13317010102,43508
2785,13317010301,60613
2786,13317010302,29750
2787,13319960200,31154
2788,13319960300,35150
2789,13319960400,41912
2790,13321950100,52500
2791,13321950201,61138
2792,13321950202,68125
2793,13321950400,45174
2794,13321950500,53357
2795,13321950600,77802
