,2020 Census Tract,Transit Access Index
0,13001950100,0.4774995909016527
1,13001950201,0.4824496809032891
2,13001950202,0.6015382097856324
3,13001950301,0.4871134020618556
4,13001950302,0.5631238749795451
5,13001950400,0.369497627229586
6,13001950500,0.5034773359515627
7,13003960100,0.5407871052200949
8,13003960200,0.49185894288987075
9,13003960300,0.453403698249059
10,13005970100,0.40729831451480936
11,13005970201,0.5191458026509572
12,13005970202,0.5236458844706267
13,13007960100,0.4708312878415971
14,13007960200,0.49185894288987075
15,13009970101,0.5130911471117656
16,13009970102,0.4658402880052364
17,13009970201,0.5778514154802814
18,13009970202,0.47504500081819667
19,13009970301,0.46326296841760756
20,13009970302,0.5815333006054655
21,13009970400,0.6266159384716086
22,13009970501,0.6740304369170349
23,13009970502,0.5079365079365079
24,13009970600,0.6057928325969563
25,13009970701,0.6409752904598265
26,13009970702,0.41552119129438714
27,13009970801,0.5081410571101292
28,13009970802,0.5209867452135494
29,13011970100,0.46878579610538373
30,13011970200,0.46449026345933564
31,13011970300,0.5222549500900016
32,13011970400,0.5091638029782359
33,13013180103,0.5453690067092128
34,13013180104,0.5348551791850761
35,13013180105,0.54217803960072
36,13013180106,0.5187367043037147
37,13013180107,0.47987236131566025
38,13013180108,0.48739977090492553
39,13013180203,0.6230976926853216
40,13013180204,0.5788741613483881
41,13013180205,0.5842333496972671
42,13013180206,0.5335460644738995
43,13013180301,0.5604238258877434
44,13013180302,0.5795287187039764
45,13013180303,0.5121093110783832
46,13013180401,0.4949271804941908
47,13013180402,0.5630011454753723
48,13013180501,0.5121093110783832
49,13013180502,0.5166093928980526
50,13013180503,0.5518327605956472
51,13015960101,0.48997709049255445
52,13015960103,0.5275732286041563
53,13015960104,0.5898379970544918
54,13015960105,0.5458190148911799
55,13015960201,0.5724513172966781
56,13015960202,0.6278432335133366
57,13015960203,0.588774341351661
58,13015960301,0.4820405825560465
59,13015960302,0.5595647193585338
60,13015960403,0.6724758631975127
61,13015960404,0.5739240713467517
62,13015960405,0.5440598919980363
63,13015960406,0.6585665193912615
64,13015960407,0.5967108492881689
65,13015960501,0.6084928816887579
66,13015960502,0.5642693503518246
67,13015960601,0.654025527736868
68,13015960602,0.6696939944362624
69,13015960701,0.7164948453608246
70,13015960702,0.6102110947471773
71,13015960801,0.5651284568810342
72,13015960802,0.639829815087547
73,13015960804,0.5664375715922108
74,13015960805,0.6428571428571428
75,13015960901,0.5904925544100802
76,13015960902,0.5509736540664376
77,13015961001,0.555923744068074
78,13015961002,0.4858861070201276
79,13017960100,0.4427671412207494
80,13017960200,0.49537718867615776
81,13017960300,0.5546146293568974
82,13017960400,0.6116838487972508
83,13017960501,0.47471772214040253
84,13017960502,0.5951562755686466
85,13019970100,0.5049500900016364
86,13019970200,0.473572246768123
87,13019970300,0.5240140729831451
88,13019970400,0.5659057437407953
89,13019970500,0.5639829815087547
90,13019970600,0.5107183766977581
91,13021010100,0.7212403861888397
92,13021010200,0.736090656193749
93,13021010400,0.6315251186385207
94,13021010500,0.7498363606611029
95,13021010800,0.6913762068401244
96,13021011001,0.6566437571592211
97,13021011002,0.6233431516936672
98,13021011100,0.6351660939289805
99,13021011500,0.6660530191458027
100,13021011701,0.6163066601210931
101,13021011702,0.5892652593683521
102,13021011800,0.6515300278186876
103,13021011900,0.572901325478645
104,13021012000,0.5862788414334805
105,13021012101,0.6137293405334642
106,13021012102,0.6377843233513336
107,13021012200,0.6167157584683358
108,13021012400,0.6381934216985763
109,13021012500,0.6504254622811323
110,13021012600,0.6515300278186876
111,13021012700,0.6920716740304369
112,13021012800,0.6710440189821634
113,13021012900,0.6186385207003764
114,13021013101,0.560669284896089
115,13021013102,0.6053837342497136
116,13021013201,0.5653739158893798
117,13021013202,0.6547209949271804
118,13021013302,0.5802650957290132
119,13021013407,0.6302569137620684
120,13021013408,0.5985108820160365
121,13021013409,0.5435280641466208
122,13021013411,0.644411716576665
123,13021013412,0.5875470463099329
124,13021013413,0.5776468663066601
125,13021013502,0.5400916380297823
126,13021013503,0.6232204221894944
127,13021013505,0.56480117820324
128,13021013506,0.5717149402716413
129,13021013603,0.5620193094419899
130,13021013604,0.48580428735067904
131,13021013605,0.5667239404352806
132,13021013607,0.5126411389297987
133,13021013608,0.5802650957290132
134,13021013701,0.7826460481099655
135,13021013702,0.722344951726395
136,13021013800,0.6800441826215022
137,13021013900,0.635861561119293
138,13021014000,0.642284405171003
139,13023790100,0.5330551464572083
140,13023790200,0.584519718540337
141,13023790301,0.6225249549991818
142,13023790302,0.46236295205367367
143,13025960101,0.5052773686794305
144,13025960102,0.46768123056782845
145,13025960201,0.5181639666175748
146,13025960202,0.42664866633938797
147,13025960300,0.5656193748977254
148,13027960200,0.46412207494681723
149,13027960301,0.4574537718867615
150,13027960302,0.5789968908525609
151,13027960400,0.5542873506791033
152,13027960500,0.6365161184748813
153,13027960600,0.47807232858779247
154,13029920101,0.47025855015545737
155,13029920103,0.5282277859597447
156,13029920104,0.5114956635575192
157,13029920301,0.5604647357224677
158,13029920303,0.5666421207658321
159,13029920305,0.5615283914252986
160,13029920307,0.4844542628047782
161,13029920308,0.5393961708394698
162,13029980000,-
163,13031110100,0.4917771232204221
164,13031110201,0.520332187857961
165,13031110202,0.5929062346588119
166,13031110301,0.5332187857961054
167,13031110302,0.6199885452462772
168,13031110401,0.6577074128620519
169,13031110405,0.6628620520373097
170,13031110406,0.7373588610702013
171,13031110407,0.7527818687612502
172,13031110408,0.7433726067746687
173,13031110500,0.6446162657502864
174,13031110602,0.6087792505318278
175,13031110603,0.6098429062346589
176,13031110604,0.6091883488790705
177,13031110701,0.5227049582719685
178,13031110702,0.5735967926689576
179,13031110703,0.501227295041728
180,13031110800,0.5570692194403534
181,13031110901,0.418548519063983
182,13031110902,0.5078955981017836
183,13033950101,0.5128047782686957
184,13033950102,0.5160366552119129
185,13033950200,0.43998527245949925
186,13033950400,0.6190885288823433
187,13033950500,0.61675666830306
188,13033950700,0.584969726722304
189,13033950900,0.5153820978563246
190,13035150101,0.47794959908361967
191,13035150102,0.5441008018327607
192,13035150201,0.6763622974963182
193,13035150202,0.6098019963999346
194,13035150300,0.5144411716576666
195,13037950100,0.5272459499263623
196,13037950200,0.517591228931435
197,13039010100,0.4872361315660284
198,13039010201,0.5778514154802814
199,13039010202,0.5001227295041728
200,13039010302,0.5705285550646375
201,13039010303,0.5767468499427262
202,13039010304,0.6343069873997709
203,13039010305,0.5615283914252986
204,13039010403,0.5297414498445426
205,13039010404,0.6504254622811323
206,13039010405,0.6291523482245132
207,13039010406,0.631116020291278
208,13039010407,0.5731058746522664
209,13039010500,0.722794959908362
210,13039010602,0.6087792505318278
211,13039010603,0.6987399770904925
212,13039010604,0.6297659957453772
213,13039990000,-
214,13043950100,0.5337097038127965
215,13043950200,0.510554737358861
216,13043950300,0.4261577483226967
217,13045910101,0.5893879888725249
218,13045910103,0.5408689248895435
219,13045910105,0.5063001145475372
220,13045910106,0.5975290459826542
221,13045910201,0.5119047619047619
222,13045910202,0.5292914416625757
223,13045910203,0.4246849942726232
224,13045910301,0.587260677466863
225,13045910302,0.593069873997709
226,13045910400,0.5483963344788088
227,13045910502,0.738831615120275
228,13045910503,0.6811078383243332
229,13045910504,0.71759941089838
230,13045910600,0.6982899689085256
231,13045910704,0.6284977908689249
232,13045910705,0.5902470954017345
233,13045910706,0.4996318114874816
234,13045910707,0.5750286368843069
235,13045910708,0.6690394370806743
236,13045910709,0.5389461626575028
237,13045910800,0.5614874815905744
238,13045910900,0.5829651448208149
239,13045911001,0.6214203894616266
240,13045911002,0.6903125511372934
241,13045911101,0.6593847160857469
242,13045911102,0.6411798396334478
243,13045911201,0.5778105056455571
244,13045911202,0.5836197021764032
245,13047030100,0.5879561446571755
246,13047030201,0.6038291605301914
247,13047030202,0.5819423989527082
248,13047030303,0.5439371624938636
249,13047030304,0.48424971363115693
250,13047030305,0.5748649975454099
251,13047030306,0.5862379315987564
252,13047030402,0.5954835542464408
253,13047030403,0.5607101947308133
254,13047030404,0.6345524464081165
255,13047030501,0.5514236622484046
256,13047030502,0.666093928980527
257,13047030600,0.6759941089837997
258,13047030701,0.6179839633447881
259,13047030702,0.667771232204222
260,13049010101,0.4506218294878088
261,13049010102,0.5933562428407789
262,13049010200,0.43020782196039925
263,13051000601,0.6918262150220913
264,13051001100,0.6930944198985436
265,13051001200,0.7332269677630503
266,13051002000,0.7328178694158075
267,13051002100,0.6899034527900507
268,13051002200,0.6600392734413353
269,13051002300,0.6834396989036164
270,13051002600,0.7306905580101456
271,13051002700,0.7004172803141875
272,13051002800,0.6928898707249223
273,13051002900,0.724922271314024
274,13051003000,0.6993536246113565
275,13051003301,0.620561282932417
276,13051003302,0.6480526918671249
277,13051003400,0.7010718376697758
278,13051003501,0.6595892652593683
279,13051003502,0.6510391098019964
280,13051003601,0.6100065455735558
281,13051003602,0.658771068564883
282,13051003700,0.6577074128620519
283,13051003800,0.6654393716249386
284,13051003900,0.6678121420389461
285,13051004001,0.6832351497299951
286,13051004002,0.6533709703812796
287,13051004100,0.6510800196367206
288,13051004207,0.69804450990018
289,13051004208,0.665193912616593
290,13051004209,0.6851579119620357
291,13051004210,0.6478072328587792
292,13051004211,0.6723122238586156
293,13051004212,0.6345115365733922
294,13051004300,0.7421044018982164
295,13051004400,0.6840942562592047
296,13051004500,0.6575028636884307
297,13051010102,0.6606938307969235
298,13051010200,0.6143429880543283
299,13051010502,0.6881852397316315
300,13051010503,0.6242022582228768
301,13051010504,0.715635738831615
302,13051010601,0.6957126493208967
303,13051010603,0.652348224513173
304,13051010701,0.6407707412862051
305,13051010702,0.5587056128293242
306,13051010703,0.6272295859924726
307,13051010704,0.6510391098019964
308,13051010705,0.6059564719358534
309,13051010706,0.5441008018327607
310,13051010707,0.5229095074455898
311,13051010801,0.6426935035182457
312,13051010806,0.6164702994599902
313,13051010807,0.6401161839306169
314,13051010810,0.6096383570610374
315,13051010811,0.6452708231058746
316,13051010812,0.599329078710522
317,13051010813,0.5823105874652266
318,13051010814,0.5636557028309606
319,13051010815,0.5013909343806251
320,13051010816,0.524300441826215
321,13051010817,0.5684012436589756
322,13051010818,0.5844788087056129
323,13051010819,0.5503600065455736
324,13051010820,0.5505236458844707
325,13051010821,0.6255522827687776
326,13051010901,0.6424071346751759
327,13051011004,0.6244477172312224
328,13051011005,0.6109065619374898
329,13051011006,0.605751922762232
330,13051011007,0.6783668793978073
331,13051011008,0.6102929144166257
332,13051011104,0.6248568155784651
333,13051011107,0.6089837997054492
334,13051011108,0.5692603501881852
335,13051011110,0.5885697921780395
336,13051011111,0.6123793159875635
337,13051011112,0.6274341351660939
338,13051011113,0.5883652430044183
339,13051011114,0.6336524300441826
340,13051011115,0.6282932416953035
341,13051011200,0.745254459171985
342,13051011300,0.730895107183767
343,13051011400,0.7646048109965635
344,13051011500,0.6113565701194568
345,13051011600,0.6532073310423826
346,13051011700,0.7626411389297987
347,13051011800,0.7023400425462281
348,13051011900,0.7748731795123547
349,13051980000,-
350,13051990000,-
351,13053020100,0.5750695467190312
352,13053020201,0.73379970544919
353,13053020203,0.6813942071674031
354,13053020205,0.6961626575028637
355,13053020206,1
356,13055010100,0.3578792341678939
357,13055010201,0.5240549828178694
358,13055010202,0.537596138111602
359,13055010300,0.4763950253640975
360,13055010401,0.4613402061855669
361,13055010402,0.5186139747995417
362,13055010501,0.5789968908525609
363,13055010502,0.507486499754541
364,13055010600,0.43090328915071174
365,13057090101,0.5088774341351661
366,13057090102,0.5630011454753723
367,13057090103,0.6181885125184094
368,13057090201,0.5870561282932417
369,13057090202,0.49942726231386025
370,13057090301,0.5668466699394534
371,13057090302,0.40492554410080184
372,13057090303,0.5049909998363606
373,13057090401,0.7029536900670921
374,13057090402,0.5608329242349861
375,13057090503,0.4968499427262314
376,13057090504,0.5112502045491736
377,13057090505,0.5310096547209948
378,13057090506,0.4846179021436753
379,13057090507,0.549050891834397
380,13057090603,0.5696694485354279
381,13057090604,0.5981836033382425
382,13057090605,0.663680248731795
383,13057090606,0.5825151366388479
384,13057090703,0.5925789559810178
385,13057090704,0.5092865324824087
386,13057090705,0.6318933071510391
387,13057090706,0.5288414334806086
388,13057090707,0.5780150548191785
389,13057090708,0.5661921125838651
390,13057090709,0.5683603338242513
391,13057090710,0.5363688430698741
392,13057090805,0.5080183276059564
393,13057090806,0.504581901489118
394,13057090807,0.523686794305351
395,13057090808,0.550114547537228
396,13057090809,0.5166093928980526
397,13057090810,0.4820405825560465
398,13057090905,0.5700376370479463
399,13057090906,0.46117656684666997
400,13057090907,0.5254050073637702
401,13057090908,0.524750450008182
402,13057090909,0.5552282768777614
403,13057090910,0.5520373097692686
404,13057090911,0.4753722794959908
405,13057090912,0.5724513172966781
406,13057091001,0.6432662412043855
407,13057091006,0.5166093928980526
408,13057091007,0.5520373097692686
409,13057091009,0.5730649648175421
410,13057091010,0.6087383406971036
411,13057091011,0.5281459662902962
412,13057091012,0.587874324987727
413,13057091013,0.5805923744068073
414,13057091014,0.5717558501063655
415,13057091101,0.4987727049582719
416,13057091104,0.4796678121420389
417,13057091105,0.5694239895270823
418,13057091106,0.5488054328260514
419,13057091107,0.5314187530682376
420,13057091108,0.5535509736540665
421,13059000100,0.7392407134675175
422,13059000401,0.6958762886597938
423,13059000402,0.8085828833251514
424,13059000600,0.7837097038127966
425,13059000900,0.7049173621338569
426,13059001200,0.73715431189658
427,13059001700,0.6373343151693667
428,13059001800,0.6506300114547536
429,13059001900,0.6998036327933235
430,13059002000,0.6785305187367043
431,13059002100,0.7220994927180494
432,13059002200,0.6972263132056946
433,13059030101,0.6780805105547374
434,13059030102,0.7468090328915071
435,13059030200,0.6048519063982981
436,13059130300,0.5752740958926525
437,13059130400,0.599329078710522
438,13059130500,0.5802241858942889
439,13059130601,0.6237931598756341
440,13059130602,0.6282932416953035
441,13059130701,0.6865079365079365
442,13059130702,0.5874652266404844
443,13059140300,0.5383325151366388
444,13059140400,0.6038291605301914
445,13059140500,0.6748486336115203
446,13059140600,0.5886107020127638
447,13059150300,0.7092538046146293
448,13059150400,0.669325805923744
449,13059150500,0.6875306823760432
450,13059150600,0.6946080837833415
451,13059150701,0.6759531991490755
452,13059150702,0.6500163639338896
453,13059150800,0.5679921453117329
454,13059150900,0.6042791687121584
455,13061960300,0.4981181476026837
456,13063040202,0.5728195058091965
457,13063040203,0.6389707085583374
458,13063040204,0.6316478481426935
459,13063040302,0.5985927016854852
460,13063040306,0.6597529045982653
461,13063040307,0.5730649648175421
462,13063040308,0.6816805760104729
463,13063040309,0.640443462608411
464,13063040310,0.6701030927835052
465,13063040407,0.6383570610374734
466,13063040409,0.5954017345769923
467,13063040410,0.6196612665684831
468,13063040414,0.5968744886270659
469,13063040416,0.586810669284896
470,13063040417,0.6498936344297168
471,13063040418,0.6214203894616266
472,13063040419,0.6357388316151202
473,13063040420,0.5470872197676322
474,13063040421,0.5578465063001146
475,13063040422,0.6838078874161349
476,13063040423,0.6516527573228603
477,13063040424,0.611233840615284
478,13063040425,0.6619620356733759
479,13063040426,0.5720013091147111
480,13063040427,0.556537391588938
481,13063040509,0.6076337751595484
482,13063040510,0.6226476845033546
483,13063040512,0.6355342824414989
484,13063040513,0.5842333496972671
485,13063040518,0.5775650466372115
486,13063040519,0.6187203403698249
487,13063040521,0.6269432171494027
488,13063040522,0.6512027491408934
489,13063040523,0.6580756013745703
490,13063040525,0.47835869743086235
491,13063040527,0.6037473408607429
492,13063040528,0.5616511209294714
493,13063040529,0.5457781050564556
494,13063040530,0.5674603174603174
495,13063040531,0.617656684666994
496,13063040532,0.589551628211422
497,13063040533,0.6089019800360007
498,13063040534,0.5659466535755195
499,13063040535,0.5120684012436589
500,13063040536,0.47790868924889546
501,13063040537,0.5092865324824087
502,13063040538,0.5777695958108329
503,13063040606,0.5129275077728686
504,13063040609,0.5971199476354114
505,13063040614,0.5333415153002782
506,13063040615,0.585747013582065
507,13063040617,0.5506872852233676
508,13063040623,0.5129275077728686
509,13063040624,0.5599738177057765
510,13063040625,0.6145066273932254
511,13063040626,0.5245459008345605
512,13063040627,0.5599738177057765
513,13063040628,0.4957862870234004
514,13063040629,0.6269432171494027
515,13063040630,0.692848960890198
516,13063040631,0.5174684994272623
517,13063040632,0.5966290296187202
518,13063040633,0.4830633284241532
519,13063040634,0.692848960890198
520,13063040635,0.5915153002781868
521,13063040636,0.4736540664375716
522,13063040637,0.4557764686630666
523,13063040638,0.5595647193585338
524,13063040639,0.4380216003927344
525,13063980000,-
526,13065970100,0.5056046473572247
527,13065970200,0.5013091147111766
528,13067030104,0.6260841106201931
529,13067030107,0.5310096547209948
530,13067030108,0.5462281132384226
531,13067030109,0.5352642775323188
532,13067030110,0.5331369661266567
533,13067030111,0.5823105874652266
534,13067030112,0.6422025855015545
535,13067030113,0.541728031418753
536,13067030220,0.5402143675339552
537,13067030233,0.5561282932416953
538,13067030235,0.5587056128293242
539,13067030236,0.4583946980854197
540,13067030240,0.492963508427426
541,13067030241,0.5355097365406644
542,13067030242,0.5668466699394534
543,13067030243,0.5831696939944363
544,13067030244,0.48654066437571586
545,13067030245,0.49189985272459497
546,13067030246,0.6462935689739814
547,13067030247,0.6660121093110783
548,13067030248,0.7216494845360825
549,13067030249,0.5391098019963999
550,13067030250,0.5039273441335297
551,13067030251,0.5597692685321551
552,13067030252,0.5097365406643757
553,13067030253,0.5086319751268205
554,13067030254,0.551178203240059
555,13067030255,0.5979790541646212
556,13067030256,0.5939289805269187
557,13067030257,0.6005154639175257
558,13067030258,0.6172884961544756
559,13067030259,0.5754377352315496
560,13067030260,0.6014154802814596
561,13067030261,0.5254050073637702
562,13067030262,0.5425871379479626
563,13067030263,0.5683603338242513
564,13067030264,0.5853379152348224
565,13067030265,0.5097365406643757
566,13067030266,0.551178203240059
567,13067030267,0.5380870561282932
568,13067030268,0.4863361152020946
569,13067030269,0.5228276877761413
570,13067030270,0.46420389461626577
571,13067030271,0.5312142038946163
572,13067030272,0.5741695303550973
573,13067030273,0.580387825233186
574,13067030274,0.5614874815905744
575,13067030275,0.6194158075601375
576,13067030276,0.45475372279495996
577,13067030277,0.42791687121584027
578,13067030278,0.6561528391425299
579,13067030319,0.6127884143348061
580,13067030322,0.5254050073637702
581,13067030324,0.5423825887743413
582,13067030326,0.5269186712485682
583,13067030327,0.5531009654720995
584,13067030329,0.5657830142366225
585,13067030331,0.5451644575355916
586,13067030332,0.5807969235804287
587,13067030334,0.6048519063982981
588,13067030335,0.5780150548191785
589,13067030337,0.5996972672230404
590,13067030340,0.5294959908361969
591,13067030341,0.504581901489118
592,13067030342,0.5410734740631647
593,13067030343,0.5322778595974472
594,13067030344,0.7007854688267059
595,13067030345,0.6949762722958599
596,13067030346,0.6048519063982981
597,13067030347,0.5846833578792341
598,13067030348,0.5346506300114547
599,13067030349,0.5537555228276878
600,13067030350,0.5209049255441007
601,13067030351,0.6134429716903943
602,13067030352,0.6291114383897889
603,13067030353,0.6722304041891671
604,13067030354,0.6078383243331696
605,13067030355,0.7033627884143347
606,13067030356,0.699271804941908
607,13067030357,0.5513827524136803
608,13067030358,0.6037882506954673
609,13067030359,0.6018654884634266
610,13067030360,0.5996972672230404
611,13067030361,0.5977745049909998
612,13067030362,0.5786696121747668
613,13067030363,0.6250613647520864
614,13067030364,0.5597692685321551
615,13067030365,0.6398707249222713
616,13067030366,0.5614874815905744
617,13067030367,0.509941089837997
618,13067030368,0.516813942071674
619,13067030369,0.5786696121747668
620,13067030370,0.5513827524136803
621,13067030405,0.6256341024382261
622,13067030407,0.6419980363279332
623,13067030408,0.6484208803796433
624,13067030409,0.5934789723449517
625,13067030410,0.5805514645720832
626,13067030411,0.6533300605465553
627,13067030412,0.6930535100638193
628,13067030413,0.6477254131893306
629,13067030414,0.6520209458353787
630,13067030505,0.6902716413025691
631,13067030506,0.5977335951562756
632,13067030507,0.6138929798723614
633,13067030508,0.6437162493863524
634,13067030509,0.567705776468663
635,13067030510,0.6041973490427098
636,13067030511,0.6299705449189985
637,13067030602,0.6406889216167566
638,13067030603,0.6245704467353952
639,13067030604,0.6325069546719031
640,13067030700,0.7160448371788578
641,13067030800,0.6829896907216495
642,13067030906,0.6241613483881525
643,13067030907,0.543405334642448
644,13067030908,0.5971199476354114
645,13067030909,0.5357142857142857
646,13067030910,0.6147111765668467
647,13067030911,0.6142611683848798
648,13067030912,0.6552937326133202
649,13067031001,0.6587301587301587
650,13067031004,0.6692439862542955
651,13067031005,0.5395598101783668
652,13067031006,0.6464981181476026
653,13067031007,0.6466617574864998
654,13067031101,0.6166339387988873
655,13067031110,0.6372524954999181
656,13067031111,0.6383161512027491
657,13067031112,0.6209294714449354
658,13067031113,0.6329160530191458
659,13067031114,0.6698576337751596
660,13067031115,0.5956062837506136
661,13067031116,0.5674603174603174
662,13067031117,0.5954017345769923
663,13067031118,0.6131975126820488
664,13067031119,0.5457781050564556
665,13067031120,0.538046146293569
666,13067031121,0.6844624447717231
667,13067031122,0.6346751759122893
668,13067031207,0.7200949108165603
669,13067031209,0.6368433971526755
670,13067031212,0.6482163312060218
671,13067031213,0.6288659793814433
672,13067031214,0.6713712976599574
673,13067031215,0.6516118474881362
674,13067031216,0.7190312551137293
675,13067031217,0.6720258550155458
676,13067031218,0.6962853870070365
677,13067031219,0.6805760104729177
678,13067031220,0.6784486990672558
679,13067031221,0.6116838487972508
680,13067031306,0.5562919325805923
681,13067031308,0.5320324005891016
682,13067031314,0.5818605792832596
683,13067031315,0.511004745540828
684,13067031316,0.5825151366388479
685,13067031317,0.5835787923416789
686,13067031318,0.5642284405171003
687,13067031319,0.6166339387988873
688,13067031320,0.6514072983145148
689,13067031321,0.6698985436098839
690,13067031322,0.5807969235804287
691,13067031323,0.586810669284896
692,13067031324,0.6014154802814596
693,13067031325,0.5470872197676322
694,13067031409,0.5616920307641957
695,13067031410,0.5827196858124692
696,13067031411,0.579937817051219
697,13067031412,0.6419571264932089
698,13067031413,0.5798969072164948
699,13067031414,0.5771559482899689
700,13067031415,0.614915725740468
701,13067031416,0.5479463262968418
702,13067031417,0.6230976926853216
703,13067031506,0.5344051710031091
704,13067031507,0.5636147929962363
705,13067031510,0.5271232204221895
706,13067031511,0.5573964981181476
707,13067031512,0.5380870561282932
708,13067031513,0.5221731304205531
709,13067031514,0.5672966781214204
710,13067031515,0.5468826705940107
711,13067031516,0.46076746849942724
712,13067031517,0.5256095565373916
713,13067031518,0.5092865324824087
714,13069010100,0.5285550646375389
715,13069010200,0.5371461299296351
716,13069010301,0.4768859433807887
717,13069010302,0.5823924071346751
718,13069010401,0.6062837506136475
719,13069010402,0.5944608083783341
720,13069010500,0.6011291114383897
721,13069010600,0.5217231222385861
722,13069010701,0.5841515300278186
723,13069010702,0.5603829160530192
724,13069010801,0.6049746359024709
725,13069010802,0.5766241204385534
726,13071970101,0.4390443462608411
727,13071970102,0.4506627393225331
728,13071970200,0.4371215840288005
729,13071970301,0.6075110456553755
730,13071970302,0.5167730322369497
731,13071970400,0.5040909834724268
732,13071970500,0.5028636884306987
733,13071970601,0.35702012763868435
734,13071970602,0.5065046637211585
735,13071970702,0.5362461135657012
736,13071970703,0.5017182130584192
737,13071970704,0.6208885616102111
738,13071970800,0.5371461299296351
739,13071970901,0.43540337097038123
740,13071970902,0.4888725249549992
741,13073030103,0.5812878415971199
742,13073030105,0.5841106201930945
743,13073030106,0.6315251186385207
744,13073030107,0.5254868270332187
745,13073030108,0.5886107020127638
746,13073030201,0.5943789887088856
747,13073030202,0.6485027000490917
748,13073030203,0.6102929144166257
749,13073030304,0.5003681885125184
750,13073030306,0.5710194730813287
751,13073030307,0.5643511700212731
752,13073030308,0.5151775486827033
753,13073030310,0.52569137620684
754,13073030311,0.5460644738995254
755,13073030312,0.5227049582719685
756,13073030313,0.6128702340042547
757,13073030401,0.49455899198167236
758,13073030403,0.5368597610865652
759,13073030404,0.46559482899689086
760,13073030503,0.5662739322533137
761,13073030504,0.5141138929798723
762,13073030505,0.5795696285387006
763,13073030507,0.450949108165603
764,13073030508,0.5362052037309769
765,13073030603,0.6244477172312224
766,13075960100,0.47745868106692846
767,13075960200,0.4997545409916544
768,13075960301,0.3913025691376206
769,13075960302,0.5403780068728522
770,13075960400,0.48903616429389624
771,13077170101,0.6160612011127474
772,13077170102,0.510391098019964
773,13077170200,0.5915562101129112
774,13077170303,0.5181230567828505
775,13077170304,0.5552691867124857
776,13077170307,0.6443298969072164
777,13077170308,0.6059155621011292
778,13077170309,0.6172884961544756
779,13077170310,0.5694239895270823
780,13077170403,0.5078137784323351
781,13077170404,0.5140320733104238
782,13077170405,0.5855424644084437
783,13077170406,0.5097365406643757
784,13077170407,0.6890443462608411
785,13077170408,0.5595647193585338
786,13077170501,0.5370234004254623
787,13077170502,0.5189821633120602
788,13077170503,0.5447553591883488
789,13077170603,0.5655784650630011
790,13077170604,0.709212894779905
791,13077170605,0.6147111765668467
792,13077170606,0.5945426280477827
793,13077170607,0.6158157421044019
794,13077170701,0.6067746686303388
795,13077170702,0.5563328424153167
796,13077170801,0.550114547537228
797,13077170802,0.5387416134838815
798,13079070100,0.4700949108165603
799,13079070201,0.48298150875470464
800,13079070202,0.47934053346424477
801,13081010100,0.5654557355588283
802,13081010201,0.5167321224022254
803,13081010202,0.5545328096874488
804,13081010300,0.5457371952217314
805,13081010400,0.5680739649811815
806,13081010500,0.4983226967763049
807,13083040102,0.567542137129766
808,13083040103,0.6390525282277859
809,13083040104,0.5870561282932417
810,13083040200,0.5175094092619865
811,13083040300,0.5954835542464408
812,13085970101,-
813,13085970102,0.580387825233186
814,13085970103,0.5207003763704794
815,13085970203,0.5782605138275241
816,13085970204,0.5848879070528554
817,13085970205,0.5743740795287187
818,13085970206,0.5475372279495991
819,13087970100,0.4987317951235477
820,13087970200,0.4849860906561937
821,13087970301,0.5817787596138111
822,13087970302,0.5830878743249877
823,13087970400,0.615693012600229
824,13087970600,0.6090656193748977
825,13087970700,0.46952217313042055
826,13087970800,0.4005891016200294
827,13089020100,0.6527164130256914
828,13089020200,0.6930535100638193
829,13089020300,0.6570119456717395
830,13089020400,0.6410980199639993
831,13089020500,0.6522664048437244
832,13089020600,0.6952217313042055
833,13089020700,0.6902716413025691
834,13089020801,0.6138520700376371
835,13089020802,0.6512027491408934
836,13089020901,0.6443298969072164
837,13089020902,0.5498281786941581
838,13089021101,0.632343315333006
839,13089021103,0.6823351333660612
840,13089021104,0.6833987890688922
841,13089021204,0.7171084928816888
842,13089021208,0.6677303223694977
843,13089021210,0.6512436589756178
844,13089021211,0.6134429716903943
845,13089021213,0.6478072328587792
846,13089021217,0.6439207985599738
847,13089021219,0.6737849779086893
848,13089021220,0.660448371788578
849,13089021221,0.6746031746031746
850,13089021222,0.7044264441171657
851,13089021223,0.6492390770741285
852,13089021224,0.7226722304041893
853,13089021225,0.6503027327769595
854,13089021226,0.7355588283423335
855,13089021227,0.6687939780723287
856,13089021228,0.6407298314514809
857,13089021229,0.626984126984127
858,13089021230,0.710440189821633
859,13089021301,0.6975535918834888
860,13089021305,0.6501390934380624
861,13089021306,0.6417525773195876
862,13089021307,0.6123384061528392
863,13089021308,0.6615120274914089
864,13089021309,0.6559073801341843
865,13089021310,0.5666012109311078
866,13089021405,0.6640893470790378
867,13089021409,0.6316478481426935
868,13089021410,0.6245704467353952
869,13089021411,0.6445344460808378
870,13089021412,0.5966699394534446
871,13089021415,0.7119538537064309
872,13089021416,0.6866306660121093
873,13089021417,0.6494436262477499
874,13089021418,0.7329815087547047
875,13089021419,0.655252822778596
876,13089021420,0.6836033382425135
877,13089021421,0.6563573883161512
878,13089021502,0.6964899361806578
879,13089021503,0.704017345769923
880,13089021505,0.7467272132220586
881,13089021506,0.6621256750122729
882,13089021602,0.6694485354279169
883,13089021604,0.6009654720994927
884,13089021606,0.6687939780723287
885,13089021607,0.7196858124693176
886,13089021608,0.6578301423662248
887,13089021609,0.6061201112747504
888,13089021703,0.601620029455081
889,13089021707,0.5928244149893633
890,13089021708,0.6613074783177876
891,13089021709,0.628211422025855
892,13089021710,0.6349206349206349
893,13089021711,0.6896579937817051
894,13089021712,0.7482408771068565
895,13089021808,0.61062019309442
896,13089021812,0.6673212240222549
897,13089021813,0.6271068564882998
898,13089021815,0.6442889870724922
899,13089021816,0.5552282768777614
900,13089021817,0.4987727049582719
901,13089021818,0.6007609229258714
902,13089021819,0.6074292259859271
903,13089021820,0.6829487808869252
904,13089021821,0.6076337751595484
905,13089021822,0.5913107511045654
906,13089021823,0.564023891343479
907,13089021824,0.6194158075601375
908,13089021906,0.5708967435771559
909,13089021908,0.6488299787268859
910,13089021910,0.5685239731631484
911,13089021911,0.6296841760759286
912,13089021912,0.5698739977090492
913,13089021913,0.6219522173130421
914,13089021914,0.6142611683848798
915,13089021915,0.48609065619374897
916,13089021916,0.6361479299623629
917,13089021917,0.5279005072819505
918,13089022001,0.5900016363933889
919,13089022005,0.6136066110292915
920,13089022007,0.6318523973163148
921,13089022010,0.5483554246440844
922,13089022011,0.3805841924398625
923,13089022012,0.6329160530191458
924,13089022013,0.5648420880379643
925,13089022014,0.6750122729504173
926,13089022015,0.4886679757813779
927,13089022016,0.6084928816887579
928,13089022100,0.6172475863197513
929,13089022203,0.6528800523645883
930,13089022205,0.6432662412043855
931,13089022206,0.604360988381607
932,13089022302,0.6580756013745703
933,13089022303,0.6325069546719031
934,13089022304,0.7128129602356406
935,13089022401,0.6739486172475863
936,13089022403,0.6215840288005237
937,13089022404,0.7758959253804615
938,13089022405,0.7641138929798723
939,13089022501,0.693462608411062
940,13089022502,0.6570119456717395
941,13089022601,0.710440189821633
942,13089022602,0.5659466535755195
943,13089022700,0.6673212240222549
944,13089022800,0.6417525773195876
945,13089022900,0.6209294714449354
946,13089023000,0.6323024054982818
947,13089023101,0.61062019309442
948,13089023102,0.6103747340860742
949,13089023107,0.5519963999345442
950,13089023108,0.5594828996890853
951,13089023111,0.5779741449844542
952,13089023112,0.5695467190312551
953,13089023113,0.6631893307151039
954,13089023114,0.5436098838160693
955,13089023115,-
956,13089023209,0.5556782850597284
957,13089023211,0.575192276223204
958,13089023212,0.582065128456881
959,13089023213,0.5814105711012927
960,13089023214,0.5672148584519718
961,13089023215,0.5531009654720995
962,13089023216,0.5730240549828178
963,13089023217,0.5850924562264768
964,13089023218,0.6311978399607265
965,13089023219,0.5977745049909998
966,13089023220,0.5625511372934053
967,13089023221,0.5159139257077401
968,13089023222,0.6142611683848798
969,13089023311,0.4946817214858452
970,13089023313,0.5067092128947799
971,13089023315,0.4693585337915235
972,13089023317,0.5543282605138276
973,13089023318,0.46269023073146787
974,13089023319,0.5957699230895107
975,13089023320,0.6062837506136475
976,13089023321,0.5734331533300605
977,13089023322,0.5236458844706267
978,13089023323,0.48997709049255445
979,13089023324,0.5092865324824087
980,13089023325,0.4824496809032891
981,13089023326,0.46698576337751596
982,13089023327,0.49680903289150713
983,13089023328,0.5425462281132384
984,13089023329,0.40705285550646375
985,13089023330,0.4831042382588774
986,13089023331,0.4957453771886762
987,13089023332,0.5464326624120438
988,13089023410,0.5949108165603011
989,13089023411,0.5919243986254296
990,13089023413,0.5453690067092128
991,13089023422,0.5550237277041401
992,13089023424,0.5172230404189166
993,13089023425,0.5404189167075765
994,13089023426,0.5215185730649647
995,13089023427,0.5133775159548355
996,13089023429,0.5760104729176894
997,13089023430,0.5674194076255932
998,13089023431,0.5929880543282604
999,13089023432,0.44464899361806576
1000,13089023433,0.47320405825560463
1001,13089023434,0.5337915234822451
1002,13089023435,-
1003,13089023436,0.5614874815905744
1004,13089023437,0.5260595647193586
1005,13089023438,0.5590738013418426
1006,13089023439,0.6148748159057438
1007,13089023440,0.5661512027491409
1008,13089023441,0.5245459008345605
1009,13089023442,0.5683194239895271
1010,13089023443,0.5528964162984782
1011,13089023444,0.5159139257077401
1012,13089023445,0.5073228604156439
1013,13089023446,0.6190067092128948
1014,13089023447,0.5661921125838651
1015,13089023448,0.5590738013418426
1016,13089023501,0.581615120274914
1017,13089023504,0.532850597283587
1018,13089023505,0.5099001800032728
1019,13089023506,0.6078383243331696
1020,13089023507,0.5013091147111766
1021,13089023601,0.627147766323024
1022,13089023602,0.5985927016854852
1023,13089023603,0.5852560955653738
1024,13089023701,0.6086974308623793
1025,13089023702,0.6655621011291114
1026,13089023801,0.5812060219276713
1027,13089023802,0.6486254295532645
1028,13089023803,0.5724104074619538
1029,13089980000,-
1030,13091960100,0.44669448535427914
1031,13091960200,0.4327442317133039
1032,13091960301,0.5375143184421535
1033,13091960302,0.5352233676975945
1034,13091960400,0.49758631975126816
1035,13091960500,0.4018573064964817
1036,13091960600,0.4725085910652921
1037,13093970100,0.5985108820160365
1038,13093970200,0.5381688757977418
1039,13093970300,0.5622238586156112
1040,13095000101,0.6209703812796596
1041,13095000102,0.660325642284405
1042,13095000200,0.6501800032727868
1043,13095000400,0.6407707412862051
1044,13095000501,0.637988872524955
1045,13095000502,0.6392979872361315
1046,13095000600,0.6648257241040746
1047,13095000700,0.5911471117656684
1048,13095000800,0.6737849779086893
1049,13095000900,0.6738258877434136
1050,13095001000,0.6834806087383407
1051,13095001100,0.6029700540009819
1052,13095001403,0.6798396334478809
1053,13095001500,0.6690803469153985
1054,13095010302,0.6473981345115365
1055,13095010401,0.6047291768941253
1056,13095010402,0.5980608738340697
1057,13095010403,0.5452871870397643
1058,13095010500,0.6217067583046965
1059,13095010601,0.6164702994599902
1060,13095010602,0.5761741122565864
1061,13095010701,0.6474390443462608
1062,13095010702,0.6970217640320733
1063,13095010900,0.5740468008509245
1064,13095011000,0.5285141548028145
1065,13095011200,0.6012927507772868
1066,13095011300,0.6055473735886108
1067,13095011400,0.505195549009982
1068,13095011600,0.5031909671084929
1069,13097080104,0.6391752577319587
1070,13097080105,0.48756341024382255
1071,13097080106,0.6035427916871215
1072,13097080107,0.652675503190967
1073,13097080201,0.5990836197021764
1074,13097080203,0.5477417771232205
1075,13097080204,0.4177712322042219
1076,13097080303,0.6312387497954508
1077,13097080304,0.6842578955981018
1078,13097080305,0.5653330060546555
1079,13097080306,0.6050564555719194
1080,13097080307,0.6041973490427098
1081,13097080403,0.5464735722467682
1082,13097080405,0.5378825069546719
1083,13097080406,0.4949271804941908
1084,13097080407,0.5659875634102438
1085,13097080408,0.5550237277041401
1086,13097080505,0.5541646211749305
1087,13097080506,0.530559646539028
1088,13097080507,0.5277777777777778
1089,13097080508,0.5245049909998364
1090,13097080509,0.5219685812469317
1091,13097080512,0.5080183276059564
1092,13097080513,0.4901816396661757
1093,13097080514,0.5230731467844869
1094,13097080515,0.4745131729667812
1095,13097080602,0.5625511372934053
1096,13097080605,0.5513827524136803
1097,13097080606,0.46314023891343475
1098,13097080607,0.5144411716576666
1099,13097080608,0.5945426280477827
1100,13099090100,0.4594583537882507
1101,13099090200,0.48543609883816063
1102,13099090300,0.5182866961217476
1103,13099090400,0.45021273114056615
1104,13099090500,0.4521354933726068
1105,13101880100,0.4651857306496482
1106,13101880200,0.5468008509245622
1107,13103030100,0.42345769923089505
1108,13103030204,0.5761332024218622
1109,13103030205,0.5469235804287351
1110,13103030206,0.5138684339715267
1111,13103030207,0.5166503027327769
1112,13103030208,0.5007772868597611
1113,13103030209,0.5737604320078546
1114,13103030301,0.5188185239731631
1115,13103030303,0.5501554573719522
1116,13103030306,0.5589510718376698
1117,13103030307,0.5965063001145475
1118,13103030308,0.535305187367043
1119,13103030309,0.5419734904270987
1120,13103030401,0.5480281459662902
1121,13103030403,0.5119047619047619
1122,13103030404,0.5325642284405171
1123,13105000100,0.5060137457044673
1124,13105000200,0.47103583701521845
1125,13105000300,0.4654311896579938
1126,13105000400,0.5688921616756668
1127,13105000501,0.5131320569464899
1128,13105000502,0.5470054000981837
1129,13107970101,0.43343969890361644
1130,13107970102,0.4901407298314514
1131,13107970200,0.4061528391425298
1132,13107970300,0.5212322042218949
1133,13107970401,0.5027409589265259
1134,13107970402,0.41842578955981014
1135,13107970500,0.3737522500409098
1136,13107970601,0.5481099656357388
1137,13107970602,0.47079037800687284
1138,13109970100,0.5094092619865815
1139,13109970200,0.5952790050728195
1140,13109970300,0.5387825233186058
1141,13111050100,0.5310914743904434
1142,13111050200,0.5332187857961054
1143,13111050300,0.45291278023236786
1144,13111050400,0.5980608738340697
1145,13111050500,0.4406807396498118
1146,13113140102,0.5367779414171167
1147,13113140103,0.5602192767141221
1148,13113140104,0.5690148911798396
1149,13113140203,0.5466781214203895
1150,13113140204,0.5150957290132547
1151,13113140206,0.5790787105220094
1152,13113140207,0.6224431353297333
1153,13113140209,0.5996972672230404
1154,13113140210,0.569833087874325
1155,13113140303,0.5720013091147111
1156,13113140304,0.585747013582065
1157,13113140305,0.5217640320733103
1158,13113140307,0.5363688430698741
1159,13113140308,0.6014154802814596
1160,13113140309,0.6774259531991491
1161,13113140403,0.5606283750613648
1162,13113140404,0.5749877270495827
1163,13113140405,0.5816969399443626
1164,13113140406,0.5713467517591229
1165,13113140408,0.5413189330715104
1166,13113140409,0.573514972999509
1167,13113140410,0.5691785305187367
1168,13113140501,0.5342415316642121
1169,13113140502,0.5310096547209948
1170,13115000100,0.5557601047291768
1171,13115000202,0.5287187039764359
1172,13115000203,0.624693176239568
1173,13115000204,0.5856242840778922
1174,13115000300,0.6912534773359515
1175,13115000401,0.5589510718376698
1176,13115000402,0.48703158239240707
1177,13115000403,0.5905334642448045
1178,13115000500,0.6615938471608575
1179,13115000600,0.6295614465717558
1180,13115000700,0.5630829651448208
1181,13115000800,0.6092292587137949
1182,13115000900,0.6650302732776959
1183,13115001100,0.717149402716413
1184,13115001200,0.6036246113565702
1185,13115001301,0.6914580265095729
1186,13115001302,0.6096383570610374
1187,13115001400,0.6036655211912944
1188,13115001600,0.6276386843397153
1189,13115001703,0.5426689576174112
1190,13115001704,0.5083046964490263
1191,13115001705,0.5984699721813124
1192,13115001706,0.5342824414989363
1193,13115001800,0.5596056291932581
1194,13115002000,0.5299869088528882
1195,13115002100,0.6592210767468499
1196,13117130101,0.5119047619047619
1197,13117130102,0.5060955653739159
1198,13117130103,0.5052364588447062
1199,13117130104,0.54217803960072
1200,13117130105,0.5657830142366225
1201,13117130201,0.521559482899689
1202,13117130202,0.5492554410080184
1203,13117130203,0.4992227131402389
1204,13117130204,0.5486008836524301
1205,13117130205,0.5398052691867126
1206,13117130301,0.5148911798396334
1207,13117130302,0.5477417771232205
1208,13117130303,0.5396007200130911
1209,13117130304,0.579324169530355
1210,13117130305,0.5243413516609393
1211,13117130306,0.5230322369497628
1212,13117130307,0.5125184094256259
1213,13117130406,0.5917607592865325
1214,13117130409,0.5960562919325807
1215,13117130410,0.6007609229258714
1216,13117130411,0.5604238258877434
1217,13117130412,0.5902880052364587
1218,13117130413,0.6185567010309279
1219,13117130414,0.5406643757159222
1220,13117130415,0.5604238258877434
1221,13117130503,0.5157502863688431
1222,13117130504,0.5657830142366225
1223,13117130505,0.5252004581901488
1224,13117130506,0.5683603338242513
1225,13117130507,0.5221731304205531
1226,13117130508,0.5967108492881689
1227,13117130509,0.595197185403371
1228,13117130511,0.5917607592865325
1229,13117130512,0.5088774341351661
1230,13117130601,0.5591147111765669
1231,13117130602,0.626984126984127
1232,13117130603,0.5919653084601537
1233,13117130604,0.5838242513500245
1234,13117130605,0.5544100801832761
1235,13117130606,0.5807969235804287
1236,13117130607,0.5101456390116184
1237,13117130608,0.5144411716576666
1238,13117130609,0.530559646539028
1239,13117130610,0.5406643757159222
1240,13117130611,0.5355097365406644
1241,13117130613,0.5990427098674522
1242,13117130614,0.58100147275405
1243,13117130615,0.5483963344788088
1244,13119890101,0.5864833906071019
1245,13119890103,0.5510554737358861
1246,13119890104,0.582842415316642
1247,13119890201,0.5482736049746358
1248,13119890202,0.5362461135657012
1249,13119890300,0.5424644084437898
1250,13119890401,0.5085501554573719
1251,13119890402,0.5750695467190312
1252,13121000100,0.6870806741940763
1253,13121000201,0.6898625429553265
1254,13121000202,0.6819260350188185
1255,13121000400,0.7231222385861561
1256,13121000501,0.7209540173457699
1257,13121000502,0.7319587628865979
1258,13121000601,0.7383406971035837
1259,13121000602,0.7374815905743741
1260,13121000700,0.6546391752577319
1261,13121001001,0.7587547046309933
1262,13121001002,0.7924644084437898
1263,13121001101,0.6874488627065947
1264,13121001102,0.7668957617411225
1265,13121001203,0.7731140566192112
1266,13121001204,0.738995254459172
1267,13121001205,0.7600229095074456
1268,13121001206,0.726313205694649
1269,13121001301,0.7323269513991163
1270,13121001302,0.7291359842906234
1271,13121001400,0.6836033382425135
1272,13121001501,0.6889625265913926
1273,13121001502,0.6748077237767959
1274,13121001600,0.7198903616429388
1275,13121001701,0.6844624447717231
1276,13121001702,0.7312632956962855
1277,13121001801,0.7765504827360497
1278,13121001802,0.7452135493372607
1279,13121001901,0.8132466044837179
1280,13121001902,0.7368270332187858
1281,13121002100,0.7385452462772051
1282,13121002300,0.7119538537064309
1283,13121002400,0.6327115038455244
1284,13121002500,0.6279659630175094
1285,13121002600,0.6221567664866634
1286,13121002801,0.7690230731467844
1287,13121002802,0.700949108165603
1288,13121002900,0.728481426935035
1289,13121003000,0.6902716413025691
1290,13121003100,0.5994108983799705
1291,13121003200,0.6533300605465553
1292,13121003500,0.7499181803305515
1293,13121003600,0.6850760922925871
1294,13121003700,-
1295,13121003800,0.7651775486827033
1296,13121003900,0.6239158893798069
1297,13121004000,0.6385207003763704
1298,13121004100,0.5977335951562756
1299,13121004200,0.6790623465881198
1300,13121004300,0.7383406971035837
1301,13121004400,0.746481754213713
1302,13121004800,0.7741777123220421
1303,13121004900,0.6617165766650303
1304,13121005000,0.6541891670757649
1305,13121005200,0.5934380625102275
1306,13121005300,0.5676648666339388
1307,13121005501,0.6997218131238749
1308,13121005503,-
1309,13121005504,0.7254950090001635
1310,13121005700,0.6122974963181149
1311,13121005800,0.6084519718540338
1312,13121006000,0.5996563573883161
1313,13121006100,0.5779741449844542
1314,13121006200,0.6572164948453608
1315,13121006300,0.6247749959090165
1316,13121006400,0.4177303223694976
1317,13121006500,0.5618556701030928
1318,13121006601,0.5633693339878907
1319,13121006602,0.5287596138111601
1320,13121006701,0.6702667321224023
1321,13121006702,0.6198249059073802
1322,13121006801,-
1323,13121006802,0.6889625265913926
1324,13121006900,0.6185567010309279
1325,13121007001,0.627147766323024
1326,13121007002,0.6202749140893471
1327,13121007100,0.601783668793978
1328,13121007200,0.5350188185239731
1329,13121007301,0.6395843560792014
1330,13121007302,0.500613647520864
1331,13121007400,0.5729831451480936
1332,13121007500,0.5193094419898543
1333,13121007602,0.5859106529209621
1334,13121007603,0.38418425789559807
1335,13121007604,0.6389297987236131
1336,13121007703,0.5564964817542137
1337,13121007705,0.6777941417116675
1338,13121007707,0.6104156439207986
1339,13121007708,0.5543282605138276
1340,13121007709,0.5513827524136803
1341,13121007710,0.641057110129275
1342,13121007711,0.5970790378006873
1343,13121007805,0.6241204385534282
1344,13121007806,0.5839878906889217
1345,13121007807,0.3333333333333333
1346,13121007808,0.5429144166257568
1347,13121007809,0.530109638357061
1348,13121007810,0.6660121093110783
1349,13121007900,0.5537146129929635
1350,13121008000,0.5393143511700212
1351,13121008103,0.6058337424316806
1352,13121008104,0.5465963017509409
1353,13121008202,0.5206185567010309
1354,13121008203,0.4844951726395025
1355,13121008204,0.63295696285387
1356,13121008301,0.5843969890361642
1357,13121008302,0.6110292914416626
1358,13121008400,0.6327115038455244
1359,13121008500,0.6065292096219931
1360,13121008601,0.6372115856651939
1361,13121008602,0.6093110783832434
1362,13121008701,0.5227458681066929
1363,13121008702,0.6009245622647683
1364,13121008801,0.415193912616593
1365,13121008802,0.6394207167403043
1366,13121008903,0.6644984454262804
1367,13121008905,0.6855261004745541
1368,13121008906,0.6031336933398789
1369,13121008907,0.6732940598919981
1370,13121008908,0.6627802323678612
1371,13121008909,0.6819260350188185
1372,13121009001,0.7542546228113238
1373,13121009002,0.6626165930289643
1374,13121009103,0.7027082310587465
1375,13121009104,0.7233267877597774
1376,13121009105,0.7283177875961381
1377,13121009106,0.7490999836360661
1378,13121009201,0.7027082310587465
1379,13121009202,0.7370724922271313
1380,13121009203,0.6713303878252331
1381,13121009301,0.6969399443626247
1382,13121009302,0.7087219767632138
1383,13121009405,0.7434953362788415
1384,13121009406,0.7495090819833088
1385,13121009407,0.7070037637047946
1386,13121009408,0.7333906071019474
1387,13121009409,0.7121584028800523
1388,13121009410,0.4759041073474063
1389,13121009411,0.6874897725413189
1390,13121009501,0.6625756831942399
1391,13121009503,0.6397479954180985
1392,13121009504,0.7164539355261004
1393,13121009601,0.7095810832924234
1394,13121009604,0.6750122729504173
1395,13121009605,0.7671003109147438
1396,13121009606,0.6913762068401244
1397,13121009607,0.7005400098183603
1398,13121009700,0.6548846342660776
1399,13121009802,0.6701030927835052
1400,13121009803,0.7233267877597774
1401,13121009804,0.6744395352642775
1402,13121009900,0.6804123711340206
1403,13121010003,0.7143266241204385
1404,13121010004,0.7047128129602356
1405,13121010005,0.6220340369824906
1406,13121010006,0.7417771232204222
1407,13121010007,0.6960808378334151
1408,13121010106,0.6226476845033546
1409,13121010107,0.5445099001800033
1410,13121010108,0.6533709703812796
1411,13121010115,0.6924398625429553
1412,13121010117,0.5650466372115857
1413,13121010120,0.6505481917853052
1414,13121010121,0.6849124529536901
1415,13121010124,0.7027082310587465
1416,13121010125,0.646252659139257
1417,13121010126,0.6939126165930289
1418,13121010127,0.6338160693830797
1419,13121010128,0.6956308296514482
1420,13121010129,0.729995090819833
1421,13121010130,0.6569710358370152
1422,13121010131,0.6827442317133039
1423,13121010132,0.7222631320569465
1424,13121010133,0.7308541973490428
1425,13121010134,0.6947717231222386
1426,13121010135,0.6323024054982818
1427,13121010136,0.7304450990018
1428,13121010137,0.6539846179021437
1429,13121010204,0.6289068892161676
1430,13121010211,0.6705531009654722
1431,13121010212,0.6756668303060056
1432,13121010213,0.6939126165930289
1433,13121010214,0.6466617574864998
1434,13121010215,0.6230976926853216
1435,13121010216,0.6288659793814433
1436,13121010217,0.6383161512027491
1437,13121010218,0.6138111602029127
1438,13121010219,0.7329815087547047
1439,13121010220,0.6821305841924399
1440,13121010221,0.646702667321224
1441,13121010222,0.672516773032237
1442,13121010223,0.6411389297987236
1443,13121010305,0.4130666012109311
1444,13121010306,0.457985599738177
1445,13121010307,0.5391507118311242
1446,13121010308,0.5662330224185894
1447,13121010309,0.5885697921780395
1448,13121010310,0.5275732286041563
1449,13121010311,0.39072983145148094
1450,13121010312,0.4852315496645393
1451,13121010313,0.5981836033382425
1452,13121010314,0.43028964162984784
1453,13121010315,0.5739240713467517
1454,13121010401,0.5876697758141056
1455,13121010402,0.5260595647193586
1456,13121010508,0.556537391588938
1457,13121010517,0.5833742431680575
1458,13121010518,0.601620029455081
1459,13121010519,0.6220340369824906
1460,13121010520,0.5404189167075765
1461,13121010521,0.538046146293569
1462,13121010522,0.6312387497954508
1463,13121010523,0.6780396007200131
1464,13121010524,0.6460481099656357
1465,13121010525,0.6610620193094419
1466,13121010526,0.5904516445753559
1467,13121010527,0.6241613483881525
1468,13121010528,0.634020618556701
1469,13121010529,0.5911062019309442
1470,13121010530,0.5915153002781868
1471,13121010531,0.5324824087710686
1472,13121010532,0.5350188185239731
1473,13121010533,0.6651530027818688
1474,13121010534,0.6941580756013745
1475,13121010535,0.5357142857142857
1476,13121010536,0.5657830142366225
1477,13121010537,0.46314023891343475
1478,13121010538,0.5812060219276713
1479,13121010539,0.5653330060546555
1480,13121010540,0.654025527736868
1481,13121010601,0.6625756831942399
1482,13121010603,0.6290705285550646
1483,13121010604,0.685976108656521
1484,13121010801,0.6320978563246604
1485,13121010802,0.6591801669121258
1486,13121011000,0.6488299787268859
1487,13121011100,0.602233676975945
1488,13121011202,0.615979381443299
1489,13121011203,0.5406234658811978
1490,13121011204,0.6376615938471608
1491,13121011301,0.5932335133366061
1492,13121011306,0.634020618556701
1493,13121011307,0.5085501554573719
1494,13121011308,0.6361479299623629
1495,13121011309,0.6417525773195876
1496,13121011310,0.6567664866633938
1497,13121011416,0.5406234658811978
1498,13121011417,0.6226476845033546
1499,13121011419,0.5958108329242349
1500,13121011421,0.6533300605465553
1501,13121011422,0.6142611683848798
1502,13121011423,0.5842333496972671
1503,13121011424,0.6102110947471773
1504,13121011426,0.567705776468663
1505,13121011428,0.5737195221731304
1506,13121011429,0.575642284405171
1507,13121011430,0.6617165766650303
1508,13121011431,0.6291114383897889
1509,13121011432,0.6514072983145148
1510,13121011433,0.595197185403371
1511,13121011434,0.5833742431680575
1512,13121011435,0.6363933889707085
1513,13121011436,0.5505236458844707
1514,13121011437,0.6883488790705286
1515,13121011438,0.6621665848469973
1516,13121011439,0.6074292259859271
1517,13121011440,0.5732695139911634
1518,13121011441,0.5835787923416789
1519,13121011442,0.6050155457371953
1520,13121011443,0.5595238095238095
1521,13121011444,0.5816560301096383
1522,13121011445,0.6091474390443462
1523,13121011446,0.5400098183603338
1524,13121011505,0.6046473572246769
1525,13121011507,0.5174684994272623
1526,13121011508,0.5859924725904107
1527,13121011509,0.4042709867452135
1528,13121011510,0.5376370479463263
1529,13121011511,0.5582556046473572
1530,13121011512,0.5625511372934053
1531,13121011513,0.57457862870234
1532,13121011514,0.5105956471935853
1533,13121011515,0.48739977090492553
1534,13121011612,0.5101456390116184
1535,13121011618,0.6104156439207986
1536,13121011624,0.5483963344788088
1537,13121011627,0.627597774504991
1538,13121011628,0.6496890852560955
1539,13121011629,0.5717967599410898
1540,13121011630,0.5911062019309442
1541,13121011631,0.6063246604483719
1542,13121011632,0.5717558501063655
1543,13121011633,0.549664539355261
1544,13121011634,0.6404843724431353
1545,13121011635,0.5546146293568974
1546,13121011636,0.6666257568319424
1547,13121011637,0.5773604974635902
1548,13121011638,0.5913107511045654
1549,13121011639,0.6711667484863362
1550,13121011640,0.6565619374897725
1551,13121011641,0.5922107674684994
1552,13121011642,0.6443708067419407
1553,13121011643,0.6623302241858943
1554,13121011644,0.5605874652266405
1555,13121011645,0.654025527736868
1556,13121011646,0.6619211258386516
1557,13121011647,0.6477663230240549
1558,13121011648,0.569219440353461
1559,13121011649,0.5818605792832596
1560,13121011650,0.6024791359842907
1561,13121011651,0.6722713140238913
1562,13121011652,0.651448208149239
1563,13121011653,0.5580510554737359
1564,13121011654,0.6052610047455408
1565,13121011655,0.6003518245786288
1566,13121011656,0.6027245949926362
1567,13121011657,0.5464735722467682
1568,13121011658,0.5155048273604974
1569,13121011659,0.48199967272132216
1570,13121011660,0.6480117820324005
1571,13121011661,0.5763377515954835
1572,13121011801,0.7338406152839143
1573,13121011802,0.6717803960072002
1574,13121011901,0.7681639666175748
1575,13121011902,0.7181312387497953
1576,13121012000,0.686589756177385
1577,13121012300,0.6687939780723287
1578,13121980000,-
1579,13123080100,0.5233186057928325
1580,13123080200,0.5469235804287351
1581,13123080301,0.6437571592210767
1582,13123080302,0.6590165275732285
1583,13123080401,0.5028636884306987
1584,13123080402,0.5460644738995254
1585,13123080403,0.503968253968254
1586,13123080500,0.5632466044837179
1587,13125010100,0.430166912125675
1588,13127000101,0.6351660939289805
1589,13127000103,0.6888397970872198
1590,13127000104,0.5557191948944527
1591,13127000201,0.6457208312878415
1592,13127000202,0.6450662739322532
1593,13127000301,0.5224185894288986
1594,13127000302,0.6504663721158566
1595,13127000303,0.6470299459990181
1596,13127000403,0.5954835542464408
1597,13127000405,0.6446571755850106
1598,13127000406,0.6083701521845852
1599,13127000407,0.5828015054819179
1600,13127000408,0.6270659466535755
1601,13127000409,0.5976108656521028
1602,13127000501,0.6671575846833578
1603,13127000503,0.675748649975454
1604,13127000504,0.6598756341024381
1605,13127000601,0.6867124856815578
1606,13127000602,0.6457208312878415
1607,13127000701,0.6422434953362788
1608,13127000702,0.71395843560792
1609,13127000800,0.6415889379806905
1610,13127000900,0.6362297496318114
1611,13127001001,0.5997790868924889
1612,13127001002,0.5574783177875962
1613,13127990000,-
1614,13129970101,0.5377597774504991
1615,13129970102,0.4443217149402716
1616,13129970201,0.5635329733267878
1617,13129970202,0.4692767141220749
1618,13129970301,0.643348060873834
1619,13129970302,0.584969726722304
1620,13129970400,0.5946244477172312
1621,13129970500,0.6478890525282277
1622,13129970601,0.5954835542464408
1623,13129970602,0.6536573392243495
1624,13129970700,0.5300278186876125
1625,13129970801,0.524464081165112
1626,13129970802,0.5480690558010146
1627,13129970901,0.4628129602356406
1628,13129970902,0.5051137293405334
1629,13131950100,0.5267959417443953
1630,13131950200,0.4520536737031582
1631,13131950300,0.5686467026673212
1632,13131950401,0.4990999836360661
1633,13131950402,0.5681966944853543
1634,13131950501,0.5908198330878742
1635,13131950502,0.5671739486172476
1636,13131950600,0.4589265259368352
1637,13133950100,0.5426280477826869
1638,13133950200,0.5877106856488299
1639,13133950301,0.6134838815251187
1640,13133950302,0.5497054491899853
1641,13133950304,0.614138438880707
1642,13133950305,0.6506300114547536
1643,13133950400,0.5928653248240877
1644,13133950500,0.42795778105056453
1645,13135050105,0.6340615283914253
1646,13135050110,0.5133775159548355
1647,13135050111,0.5567419407625593
1648,13135050112,0.5900425462281133
1649,13135050113,0.5900425462281133
1650,13135050114,0.498322696776305
1651,13135050115,0.5919653084601537
1652,13135050116,0.4745131729667812
1653,13135050117,0.523686794305351
1654,13135050118,0.5704876452299132
1655,13135050119,0.5883243331696939
1656,13135050120,0.5784650630011454
1657,13135050121,0.5423825887743413
1658,13135050205,0.6537800687285222
1659,13135050215,0.6333660612011127
1660,13135050218,0.6194567173948617
1661,13135050219,0.5788332515136638
1662,13135050221,0.5530600556373753
1663,13135050222,0.5897970872197675
1664,13135050223,0.5962199312714777
1665,13135050224,0.6168793978072329
1666,13135050225,0.5992472590410733
1667,13135050226,0.5593192603501882
1668,13135050227,0.6177385043364425
1669,13135050228,0.6763213876615939
1670,13135050229,0.6829487808869252
1671,13135050230,0.6587301587301587
1672,13135050231,0.6069792178039601
1673,13135050232,0.434135166093929
1674,13135050233,0.557601047291769
1675,13135050234,0.5659875634102438
1676,13135050235,0.5472917689412534
1677,13135050236,0.6237113402061856
1678,13135050237,0.6415889379806905
1679,13135050238,0.6009654720994927
1680,13135050239,0.46248568155784653
1681,13135050240,0.5499099983636067
1682,13135050241,0.561282932416953
1683,13135050242,0.4601129111438389
1684,13135050243,0.5380870561282932
1685,13135050244,0.5013500245459008
1686,13135050306,0.5906561937489772
1687,13135050308,0.5864015709376533
1688,13135050311,0.5354688267059401
1689,13135050315,0.6689985272459499
1690,13135050317,0.6750122729504173
1691,13135050318,0.6303387334315169
1692,13135050321,0.6012109311078383
1693,13135050322,0.6087383406971036
1694,13135050323,0.5795287187039764
1695,13135050324,0.6194158075601375
1696,13135050325,0.5464326624120438
1697,13135050326,0.5983881525118638
1698,13135050327,0.6222385861561119
1699,13135050328,0.6063246604483719
1700,13135050329,0.6110292914416626
1701,13135050330,0.5818605792832596
1702,13135050331,0.6378661430207822
1703,13135050332,0.6567664866633938
1704,13135050333,0.6533300605465553
1705,13135050334,0.6020291278023238
1706,13135050335,0.6713712976599574
1707,13135050336,0.6722713140238913
1708,13135050415,0.517877597774505
1709,13135050416,0.5275323187694321
1710,13135050425,0.5389461626575028
1711,13135050427,0.5441008018327607
1712,13135050430,0.579937817051219
1713,13135050433,0.6346751759122893
1714,13135050435,0.5633693339878907
1715,13135050437,0.6146702667321224
1716,13135050438,0.5479054164621175
1717,13135050439,0.6290705285550646
1718,13135050440,0.5747831778759613
1719,13135050441,0.5798969072164948
1720,13135050442,0.5526918671248569
1721,13135050443,0.4876043200785468
1722,13135050444,0.5434462444771723
1723,13135050445,0.6075928653248241
1724,13135050446,0.5756013745704467
1725,13135050447,0.6179021436753396
1726,13135050448,0.5472508591065292
1727,13135050449,0.6086974308623793
1728,13135050450,0.524750450008182
1729,13135050451,0.6543937162493864
1730,13135050452,0.5902061855670102
1731,13135050453,0.45684012436589755
1732,13135050454,0.6119293078055965
1733,13135050455,0.5784241531664212
1734,13135050456,0.6554573719522172
1735,13135050457,0.569219440353461
1736,13135050458,0.5694239895270823
1737,13135050459,0.569219440353461
1738,13135050460,0.6527164130256914
1739,13135050461,0.5406643757159222
1740,13135050462,0.5518327605956472
1741,13135050463,0.6758713794796269
1742,13135050464,0.5361233840615284
1743,13135050465,0.5402143675339552
1744,13135050466,0.5563328424153167
1745,13135050520,0.6127475045000819
1746,13135050521,0.5672557682866961
1747,13135050522,0.6127475045000819
1748,13135050526,0.659998363606611
1749,13135050528,0.5157502863688431
1750,13135050529,0.5685648829978727
1751,13135050530,0.5668466699394534
1752,13135050536,0.5550237277041401
1753,13135050537,0.6627802323678612
1754,13135050539,0.5975290459826542
1755,13135050541,0.6732940598919981
1756,13135050542,0.6260432007854688
1757,13135050549,0.5812469317623956
1758,13135050550,0.44505809196530843
1759,13135050551,0.5404598265423007
1760,13135050552,0.5797332678775977
1761,13135050553,0.5859924725904107
1762,13135050554,0.5702830960562919
1763,13135050555,0.4710767468499427
1764,13135050556,0.6209703812796596
1765,13135050557,0.5135820651284568
1766,13135050558,0.531173294059892
1767,13135050559,0.5879152348224513
1768,13135050560,0.5129275077728686
1769,13135050561,0.6211340206185567
1770,13135050562,0.6153248240877107
1771,13135050563,0.5754377352315496
1772,13135050564,0.6361479299623629
1773,13135050565,0.5400098183603338
1774,13135050566,0.5329324169530356
1775,13135050567,0.5599738177057765
1776,13135050568,0.57457862870234
1777,13135050569,0.5399689085256095
1778,13135050570,0.5524873179512355
1779,13135050571,0.4925544100801833
1780,13135050572,0.5636557028309606
1781,13135050573,0.4906316478481427
1782,13135050574,0.6093110783832434
1783,13135050575,0.5726558664702994
1784,13135050576,0.615979381443299
1785,13135050577,0.6053019145802652
1786,13135050578,0.5090819833087874
1787,13135050579,0.5105956471935853
1788,13135050580,0.5909016527573229
1789,13135050581,0.5490099819996727
1790,13135050582,0.543241695303551
1791,13135050583,0.5790787105220094
1792,13135050584,0.5131729667812142
1793,13135050585,0.5539600720013091
1794,13135050586,0.46269023073146787
1795,13135050587,0.4891179839633448
1796,13135050588,0.4236213385697921
1797,13135050589,0.5331369661266567
1798,13135050590,0.5049909998363606
1799,13135050591,0.5281868761250205
1800,13135050611,0.5277777777777778
1801,13135050612,0.4678448699067256
1802,13135050613,0.5475372279495991
1803,13135050614,0.6072246768123057
1804,13135050615,0.6308705612829324
1805,13135050616,0.6300114547537228
1806,13135050617,0.5123138602520045
1807,13135050618,0.43564882997872684
1808,13135050619,0.5097365406643757
1809,13135050620,0.5589101620029455
1810,13135050621,0.5324824087710686
1811,13135050622,0.42423498609065624
1812,13135050623,0.5131729667812142
1813,13135050624,0.3928980526918671
1814,13135050625,0.42750777286859765
1815,13135050626,0.5181230567828505
1816,13135050627,0.5408689248895435
1817,13135050628,0.5672966781214204
1818,13135050629,0.5249959090165276
1819,13135050630,0.5015545737195222
1820,13135050631,0.5348551791850761
1821,13135050632,0.5928653248240877
1822,13135050633,0.6146702667321224
1823,13135050634,0.5739240713467517
1824,13135050635,0.457985599738177
1825,13135050636,0.5571919489445263
1826,13135050715,0.5314187530682376
1827,13135050719,0.5079774177712322
1828,13135050722,0.48739977090492553
1829,13135050725,0.5262641138929798
1830,13135050729,0.562960235640648
1831,13135050732,0.43798069055801014
1832,13135050733,0.5361233840615284
1833,13135050734,0.4558173784977908
1834,13135050735,0.5434462444771723
1835,13135050736,0.4472263132056946
1836,13135050737,0.44059891998036327
1837,13135050738,0.4906316478481427
1838,13135050739,0.42574864997545403
1839,13135050740,0.37485681557846506
1840,13135050741,0.41245295369006707
1841,13135050742,0.4831042382588774
1842,13135050743,0.5146866306660121
1843,13135050744,0.44252168221240384
1844,13135050745,0.5326869579446899
1845,13135050746,0.5245459008345605
1846,13135050747,0.5906971035837014
1847,13135050748,0.46976763213876616
1848,13135050749,0.5346506300114547
1849,13135050750,0.49856815578465064
1850,13135050751,0.5108001963672066
1851,13135050752,0.5262641138929798
1852,13135050753,0.5513827524136803
1853,13135050754,0.427262313860252
1854,13135050755,0.5267141220749467
1855,13135050756,0.5451644575355916
1856,13135050757,0.5994927180494192
1857,13135050758,0.4966044837178858
1858,13135050759,0.5105956471935853
1859,13135050760,0.5082228767795778
1860,13135050761,0.57457862870234
1861,13135050762,0.47471772214040253
1862,13135050763,0.4910407461953853
1863,13135050764,0.5318278514154802
1864,13135050765,0.45303550973654066
1865,13137000100,0.5048682703321878
1866,13137000201,0.5456553755522827
1867,13137000203,0.4765177548682703
1868,13137000204,0.29054164621174927
1869,13137000300,0.5106365570283096
1870,13137000400,0.48404516445753554
1871,13137000501,0.5989199803632793
1872,13137000502,0.5929062346588119
1873,13137000601,0.526755031909671
1874,13137000603,0.5299869088528882
1875,13137000604,0.6104974635902471
1876,13139000101,0.5546555391916217
1877,13139000102,0.5465144820814923
1878,13139000203,0.47606774668630336
1879,13139000204,0.5613238422516773
1880,13139000205,0.4930453280968745
1881,13139000206,0.45414007527409583
1882,13139000303,0.5548191785305188
1883,13139000304,0.5037637047946326
1884,13139000305,0.4704630993290787
1885,13139000306,0.5063410243822615
1886,13139000307,0.5735558828342333
1887,13139000401,0.5254050073637702
1888,13139000402,0.4668221240386189
1889,13139000501,0.5834151530027818
1890,13139000502,0.6579119620356734
1891,13139000601,0.6473981345115365
1892,13139000602,0.6008018327605957
1893,13139000702,0.4863770250368188
1894,13139000703,0.6428980526918671
1895,13139000704,0.49795450826378657
1896,13139000800,0.6778759613811159
1897,13139000901,0.7025855015545737
1898,13139000902,0.7045082637866142
1899,13139001004,0.5981836033382425
1900,13139001005,0.6437571592210767
1901,13139001006,0.5252004581901488
1902,13139001007,0.7053264604810996
1903,13139001008,0.6615529373261332
1904,13139001101,0.6095974472263133
1905,13139001102,0.5666830306005564
1906,13139001202,0.5819423989527082
1907,13139001203,0.6130747831778759
1908,13139001204,0.5261004745540828
1909,13139001302,0.5568237604320079
1910,13139001303,0.5701194567173948
1911,13139001304,0.520945835378825
1912,13139001402,0.5441417116674848
1913,13139001404,0.5926607756504664
1914,13139001405,0.6304205531009655
1915,13139001406,0.6220749468172149
1916,13139001501,0.5600147275405007
1917,13139001502,0.5486417934871543
1918,13139001603,0.5370643102601864
1919,13139001605,0.5183685157911961
1920,13139001606,0.5587056128293242
1921,13139001607,0.5842742595319914
1922,13139001609,0.5381279659630175
1923,13139001610,0.5705694648993618
1924,13139001611,0.49603174603174605
1925,13139001612,0.5853379152348224
1926,13141480300,0.29806905580101456
1927,13141480400,0.5321551300932744
1928,13143010100,0.551178203240059
1929,13143010201,0.6037882506954673
1930,13143010202,0.5829651448208149
1931,13143010301,0.5520373097692686
1932,13143010303,0.6415889379806905
1933,13143010304,0.5786696121747668
1934,13143010401,0.5848879070528554
1935,13143010402,0.626984126984127
1936,13145120198,0.5345279005072819
1937,13145120200,0.47610865652102763
1938,13145120301,0.518654884634266
1939,13145120302,0.5092047128129602
1940,13145120401,0.5135002454590083
1941,13145120403,0.4963181148748159
1942,13145120404,0.4982408771068565
1943,13147960101,0.5558010145639012
1944,13147960102,0.40909834724267713
1945,13147960103,0.5568646702667321
1946,13147960200,0.5508509245622648
1947,13147960300,0.5609556537391589
1948,13147960401,0.6195385370643103
1949,13147960402,0.5860742922598592
1950,13147960501,0.5281050564555718
1951,13147960502,0.6234249713631157
1952,13147960503,0.5997790868924889
1953,13149970100,0.5981836033382425
1954,13149970200,0.504581901489118
1955,13149970300,0.47987236131566025
1956,13151070109,0.5668466699394534
1957,13151070113,0.5996972672230404
1958,13151070114,0.6436753395516283
1959,13151070115,0.5807969235804287
1960,13151070116,0.5597692685321551
1961,13151070117,0.5657830142366225
1962,13151070118,0.5389461626575028
1963,13151070119,0.6215840288005237
1964,13151070120,0.5902470954017345
1965,13151070121,0.5211094747177221
1966,13151070122,0.5365733922434953
1967,13151070123,0.6432253313696612
1968,13151070124,0.5241368024873179
1969,13151070125,0.5638602520045819
1970,13151070126,0.6080837833415154
1971,13151070127,0.5556782850597284
1972,13151070128,0.5792832596956308
1973,13151070204,0.5715922107674685
1974,13151070206,0.5292914416625757
1975,13151070207,0.43908525609556537
1976,13151070208,0.5078137784323351
1977,13151070209,0.5269186712485682
1978,13151070210,0.5063001145475372
1979,13151070211,0.5453690067092128
1980,13151070212,0.6041973490427098
1981,13151070213,0.3942071674030437
1982,13151070214,0.42599410898379975
1983,13151070215,0.4945180821469481
1984,13151070216,0.5155457371952217
1985,13151070307,0.5312142038946163
1986,13151070310,0.5219685812469317
1987,13151070312,0.593683521518573
1988,13151070313,0.5406643757159222
1989,13151070314,0.5423825887743413
1990,13151070315,0.5762968417607592
1991,13151070316,0.5142366224840451
1992,13151070317,0.5842333496972671
1993,13151070318,0.4302487317951236
1994,13151070319,0.6095974472263133
1995,13151070320,0.6548846342660776
1996,13151070321,0.6014563901161839
1997,13151070322,0.6303796432662412
1998,13151070323,0.609106529209622
1999,13151070324,0.7207903780068728
2000,13151070325,0.5758468335787923
2001,13151070405,0.5889788905252822
2002,13151070406,0.5518327605956472
2003,13151070407,0.5542055310096548
2004,13151070408,0.4708721976763214
2005,13151070409,0.38389788905252825
2006,13151070410,0.5063001145475372
2007,13151070411,0.49983636066110293
2008,13151070412,0.49705449189985274
2009,13151070503,0.5146457208312878
2010,13151070504,0.5453690067092128
2011,13151070505,0.485027000490918
2012,13151070506,0.6106611029291442
2013,13151070507,0.5294959908361969
2014,13151070508,0.45090819833087875
2015,13153020106,0.5009409261986582
2016,13153020108,0.6138929798723614
2017,13153020110,0.673744068073965
2018,13153020111,0.6113156602847324
2019,13153020112,0.6368843069873997
2020,13153020113,0.6516936671575846
2021,13153020200,0.6542300769104893
2022,13153020301,0.697430862379316
2023,13153020302,0.6628211422025855
2024,13153020400,0.6490754377352315
2025,13153020600,0.7382588774341352
2026,13153020700,0.6737849779086893
2027,13153020800,0.6388070692194403
2028,13153020900,0.6712485681557846
2029,13153021001,0.7263950253640975
2030,13153021002,0.68519882179676
2031,13153021108,0.6285387007036491
2032,13153021114,0.6017018491245295
2033,13153021115,0.6293978072328588
2034,13153021116,0.6361888397970872
2035,13153021117,0.6834806087383407
2036,13153021118,0.6778759613811159
2037,13153021119,0.6697349042709868
2038,13153021120,0.6428980526918671
2039,13153021121,0.6510800196367206
2040,13153021122,0.5335869743086238
2041,13153021123,0.6064064801178204
2042,13153021124,0.6334887907052855
2043,13153021125,0.5771968581246931
2044,13153021203,0.6087792505318278
2045,13153021204,0.5814923907707413
2046,13153021205,0.6220749468172149
2047,13153021206,0.7103174603174602
2048,13153021300,0.6678121420389461
2049,13153021401,0.6162657502863689
2050,13153021402,0.5316642120765832
2051,13153021501,0.5372688594338079
2052,13153021502,0.5226640484372443
2053,13155950100,0.4366306660121093
2054,13155950201,0.5171821305841924
2055,13155950202,0.5555964653902798
2056,13157010104,0.5344460808378333
2057,13157010105,0.46874488627065947
2058,13157010106,0.5138275241368024
2059,13157010107,0.5074046800850924
2060,13157010108,0.5481917853051873
2061,13157010109,0.4955817378497791
2062,13157010200,0.5664375715922108
2063,13157010300,0.6372934053346424
2064,13157010400,0.6284977908689249
2065,13157010500,0.6023154966453935
2066,13157010601,0.5207003763704794
2067,13157010602,0.5447553591883488
2068,13157010701,0.5846833578792341
2069,13157010703,0.5256504663721159
2070,13157010704,0.5505645557191949
2071,13157010705,0.5471281296023565
2072,13157010706,0.6147520864015709
2073,13159010100,0.5279823269513991
2074,13159010200,0.46334478808705615
2075,13159010501,0.4891179839633448
2076,13159010502,0.6355751922762232
2077,13159010503,0.4957862870234004
2078,13161960101,0.5176321387661594
2079,13161960102,0.4751268204876452
2080,13161960201,0.5554328260513828
2081,13161960202,0.4231713303878252
2082,13161960300,0.4100801832760595
2083,13163960100,0.44137620684012435
2084,13163960200,0.3896661757486499
2085,13163960300,0.4128211422025855
2086,13163960400,0.43773523154966454
2087,13165960100,0.3871706758304696
2088,13165960200,0.3504745540828015
2089,13167960100,0.43020782196039925
2090,13167960201,0.40656193748977254
2091,13167960202,0.4789314351170021
2092,13167960300,0.485640648011782
2093,13169030101,0.47569955817378495
2094,13169030103,0.5536737031582393
2095,13169030105,0.5244231713303878
2096,13169030106,0.5866879397807233
2097,13169030200,0.40868924889543445
2098,13169030303,0.4707494681721486
2099,13169030304,0.47762232040582553
2100,13169030305,0.5312960235640648
2101,13169030306,0.4673130420553101
2102,13171970100,0.5423825887743413
2103,13171970201,0.5125184094256259
2104,13171970202,0.6570528555064636
2105,13171970300,0.6548846342660776
2106,13173950100,0.4707494681721486
2107,13173950201,0.6064473899525445
2108,13173950202,0.5380052364588446
2109,13175950100,0.4862542955326461
2110,13175950201,0.5657011945671739
2111,13175950202,0.4871543118965799
2112,13175950300,0.4250122729504172
2113,13175950400,0.6448617247586319
2114,13175950500,0.5669693994436262
2115,13175950600,0.45966290296187196
2116,13175950700,0.4424807723776796
2117,13175950800,0.5753559155621011
2118,13175950900,0.6734167893961709
2119,13175951001,0.436426116838488
2120,13175951002,0.5274914089347079
2121,13175951100,0.35632466044837174
2122,13175951400,0.3877025036818851
2123,13177020101,0.4638766159384716
2124,13177020102,0.5485190639829814
2125,13177020200,0.4310260186548846
2126,13177020301,0.4997545409916544
2127,13177020302,0.5579283259695631
2128,13177020403,0.5588283423334969
2129,13177020404,0.6105383734249714
2130,13177020405,0.5781377843233513
2131,13179010101,0.6912125675012273
2132,13179010102,0.6574210440189822
2133,13179010103,0.7210767468499427
2134,13179010202,0.6160612011127474
2135,13179010204,0.5918016691212568
2136,13179010205,0.5847242677139584
2137,13179010206,0.5711831124202258
2138,13179010207,0.5778514154802814
2139,13179010208,0.5913925707740141
2140,13179010301,0.6701440026182294
2141,13179010302,0.6487072492227131
2142,13179010401,0.5630420553100965
2143,13179010402,0.5864424807723776
2144,13179010501,0.4543855342824415
2145,13179010503,0.5447962690230732
2146,13179010504,0.5007772868597611
2147,13179010600,0.5860333824251349
2148,13179990000,-
2149,13181970100,0.5417689412534773
2150,13181970200,0.4981999672721322
2151,13183970101,0.5141138929798723
2152,13183970102,0.48339060710194726
2153,13183970201,0.5413598429062346
2154,13183970202,0.5422189494354442
2155,13183980000,-
2156,13185010101,0.5768286696121747
2157,13185010102,0.5882425135002454
2158,13185010103,0.5560464735722468
2159,13185010201,0.48580428735067904
2160,13185010203,0.5218867615774831
2161,13185010204,0.5216822124038618
2162,13185010301,0.6264113892979872
2163,13185010302,0.6854851906398298
2164,13185010401,0.636925216822124
2165,13185010403,0.6444526264113892
2166,13185010404,0.6431435117002127
2167,13185010500,0.6948944526264114
2168,13185010601,0.6684666993945344
2169,13185010604,0.5789968908525609
2170,13185010700,0.45876288659793807
2171,13185010801,0.6543118965799377
2172,13185010802,0.6933807887416135
2173,13185010900,0.6515300278186876
2174,13185011000,0.600392734413353
2175,13185011100,0.689944362624775
2176,13185011200,0.6002290950744559
2177,13185011301,0.6822124038618884
2178,13185011302,0.6974717722140402
2179,13185011401,0.5373506791032564
2180,13185011402,0.5783014236622483
2181,13185011404,0.5454917362133856
2182,13185011405,0.5877925053182784
2183,13185011500,0.5337097038127965
2184,13185011600,0.5852151857306496
2185,13187960103,0.514522991327115
2186,13187960104,0.5239731631484209
2187,13187960105,0.5963426607756505
2188,13187960106,0.501227295041728
2189,13187960203,0.5905334642448045
2190,13187960204,0.5782605138275241
2191,13187960205,0.4928407789232531
2192,13187960206,0.5574783177875962
2193,13189950100,0.5514645720831287
2194,13189950200,0.6270250368188512
2195,13189950300,0.6276795941744395
2196,13189950401,0.5331778759613811
2197,13189950402,0.6160612011127474
2198,13189950500,0.5576828669612175
2199,13191110101,0.3586156111929307
2200,13191110102,0.520945835378825
2201,13191110103,0.5065864833906071
2202,13191110201,0.5385779741449844
2203,13191110202,0.4734904270986745
2204,13191110300,0.5692603501881852
2205,13191980000,-
2206,13191990000,-
2207,13193000100,0.4678448699067256
2208,13193000200,0.45839469808541966
2209,13193000300,0.4991408934707904
2210,13193000400,0.46399934544264443
2211,13195020100,0.4887497954508264
2212,13195020200,0.5355915562101129
2213,13195020300,0.5147275405007363
2214,13195020400,0.5182048764522991
2215,13195020501,0.526141384388807
2216,13195020502,0.597651775486827
2217,13195020600,0.4759041073474063
2218,13197920100,0.41940762559319256
2219,13197920200,0.5291278023236785
2220,13199970501,0.5223776795941745
2221,13199970502,0.645025364097529
2222,13199970600,0.5893879888725249
2223,13199970701,0.5365733922434953
2224,13199970702,0.45647193585337914
2225,13199970801,0.5024136802487318
2226,13199970802,0.5651284568810342
2227,13201950100,0.5641466208476518
2228,13201950200,0.6145884470626738
2229,13201950300,0.5424644084437898
2230,13205090100,0.4869088528882343
2231,13205090200,0.47872688594338075
2232,13205090300,0.5792014400261822
2233,13205090401,0.5711012927507773
2234,13205090402,0.526591392570774
2235,13205090501,0.5173866797578137
2236,13205090502,0.47316314842088036
2237,13207050101,0.49288168875797744
2238,13207050102,0.5312960235640648
2239,13207050200,0.5310505645557192
2240,13207050301,0.46669939453444603
2241,13207050302,0.49504990999836357
2242,13209950100,0.4495581737849779
2243,13209950200,0.5124365897561773
2244,13209950300,0.4336442480772377
2245,13211010100,0.5939289805269187
2246,13211010200,0.5640648011782032
2247,13211010301,0.6620029455081
2248,13211010302,0.6585665193912615
2249,13211010400,0.5645148093601702
2250,13211010500,0.5748240877106856
2251,13213010100,0.47267223040418915
2252,13213010201,0.540950744558992
2253,13213010203,0.4804041891670757
2254,13213010204,0.5472099492718049
2255,13213010300,0.5126002290950744
2256,13213010401,0.5943789887088856
2257,13213010402,0.5645557191948944
2258,13213010500,0.5579283259695631
2259,13213010600,0.5763786614302078
2260,13213010700,0.5533873343151694
2261,13215000200,0.6742758959253805
2262,13215000300,0.6735804287350678
2263,13215000400,0.6704303714612992
2264,13215000800,0.7083946980854197
2265,13215000900,0.675748649975454
2266,13215001000,0.6568892161675666
2267,13215001100,0.635861561119293
2268,13215001200,0.6121747668139421
2269,13215001400,0.6656030109638358
2270,13215001600,0.6984536082474226
2271,13215001800,0.6808623793159875
2272,13215002000,0.6362297496318114
2273,13215002100,0.6631075110456555
2274,13215002200,0.6242022582228768
2275,13215002300,0.6613483881525118
2276,13215002400,0.685362461135657
2277,13215002500,0.7139175257731958
2278,13215002700,0.6707985599738178
2279,13215002800,0.6759531991490755
2280,13215002901,0.6364342988054328
2281,13215002902,0.6712076583210604
2282,13215003000,0.6901080019636721
2283,13215003200,0.7083537882506954
2284,13215003301,0.6547619047619047
2285,13215003302,0.7000081819669448
2286,13215003400,0.639216167566683
2287,13215010106,0.5778514154802814
2288,13215010108,0.6310751104565537
2289,13215010109,0.5063410243822615
2290,13215010110,0.5531827851415481
2291,13215010111,0.5411962035673376
2292,13215010204,0.6403616429389625
2293,13215010205,0.6282932416953035
2294,13215010206,0.6296023564064801
2295,13215010207,0.5592374406807397
2296,13215010208,0.625306823760432
2297,13215010209,0.5675830469644902
2298,13215010301,0.6378252331860579
2299,13215010303,0.6279250531827851
2300,13215010304,0.6452708231058746
2301,13215010401,0.650670921289478
2302,13215010402,0.6592210767468499
2303,13215010501,0.6435526100474553
2304,13215010502,0.7509000163639339
2305,13215010602,0.5898789068892161
2306,13215010605,0.625306823760432
2307,13215010606,-
2308,13215010607,0.6309114711176567
2309,13215010608,0.6293978072328588
2310,13215010701,0.5888152511863851
2311,13215010702,0.613524791359843
2312,13215010704,0.6098429062346589
2313,13215010705,0.5679921453117329
2314,13215010801,0.6663393879888725
2315,13215010802,0.7234495172639501
2316,13215011100,0.685362461135657
2317,13215011200,0.657257404680085
2318,13215011400,0.684135166093929
2319,13215011500,0.6467844869906725
2320,13217100101,0.5726558664702994
2321,13217100102,0.6033791523482245
2322,13217100202,0.4811814760268368
2323,13217100203,0.5241368024873179
2324,13217100204,0.5275732286041563
2325,13217100301,0.639216167566683
2326,13217100302,0.4843724431353298
2327,13217100400,0.6765668466699394
2328,13217100503,0.44681721485845194
2329,13217100504,0.5683194239895271
2330,13217100505,0.5456144657175586
2331,13217100506,0.5601783668793978
2332,13217100507,0.5258550155457371
2333,13217100600,0.5344051710031091
2334,13217100701,0.5706512845688103
2335,13217100702,0.4736131566028473
2336,13217100801,0.46440844378988705
2337,13217100802,0.5312142038946163
2338,13217100902,0.5314187530682376
2339,13217100903,0.5608329242349861
2340,13217100904,0.43221240386188836
2341,13217100905,0.485027000490918
2342,13219030101,0.5510554737358861
2343,13219030102,0.5688921616756668
2344,13219030103,0.5383734249713631
2345,13219030104,0.5229095074455898
2346,13219030201,0.6227704140075274
2347,13219030202,0.5344869906725577
2348,13219030300,0.5484781541482572
2349,13219030401,0.6066928489608902
2350,13219030402,0.5486827033218786
2351,13219030500,0.5240140729831451
2352,13219030600,0.4387579774177712
2353,13221960100,0.4192030764195713
2354,13221960203,0.5067910325642284
2355,13221960204,0.5274504990999835
2356,13221960205,0.4846997218131238
2357,13221960206,0.5100229095074456
2358,13221960300,0.5162821142202585
2359,13223120104,0.46399934544264443
2360,13223120105,0.4493945344460808
2361,13223120106,0.440558010145639
2362,13223120107,0.5357142857142857
2363,13223120108,0.4556128293241696
2364,13223120109,0.4768859433807887
2365,13223120110,0.5071592210767468
2366,13223120111,0.5209049255441007
2367,13223120203,0.5406643757159222
2368,13223120205,0.5683603338242513
2369,13223120206,0.5240958926525936
2370,13223120207,0.5449599083619703
2371,13223120208,0.5184912452953689
2372,13223120301,0.4551628211422026
2373,13223120303,0.5011454753722795
2374,13223120304,0.45712649320896737
2375,13223120305,0.6578710522009491
2376,13223120306,0.505195549009982
2377,13223120307,0.5075683194239895
2378,13223120401,0.4886679757813779
2379,13223120402,0.5129684176075928
2380,13223120403,0.4620356733758796
2381,13223120503,0.48932253313696616
2382,13223120504,0.4317623956799214
2383,13223120505,0.4487399770904925
2384,13223120506,0.510391098019964
2385,13223120507,0.5159548355424644
2386,13223120601,0.5339960726558665
2387,13223120603,0.5659875634102438
2388,13223120604,0.48977254131893305
2389,13223120605,0.4925544100801833
2390,13223120606,0.46314023891343475
2391,13223120607,0.5015954835542464
2392,13225040101,0.5486417934871543
2393,13225040103,0.6257159221076747
2394,13225040104,0.6555391916216659
2395,13225040105,0.526305023727704
2396,13225040200,0.5877106856488299
2397,13225040301,0.5746195385370643
2398,13225040302,0.6437162493863524
2399,13225040400,0.684748813614793
2400,13227050101,0.49791359842906235
2401,13227050102,0.4753722794959908
2402,13227050201,0.6615529373261332
2403,13227050202,0.6222385861561119
2404,13227050300,0.5640648011782032
2405,13227050400,0.5382916053019146
2406,13227050500,0.5546146293568974
2407,13227050601,0.5690148911798396
2408,13227050602,0.5415234822451318
2409,13229960100,0.505809196530846
2410,13229960200,0.452790050728195
2411,13229960301,0.5386188839797087
2412,13229960302,0.43769432171494027
2413,13229960401,0.5465963017509409
2414,13229960402,0.501063655702831
2415,13231010101,0.5507691048928163
2416,13231010102,0.5544100801832761
2417,13231010200,0.47946326296841757
2418,13231010300,0.5000818196694485
2419,13231010400,0.555923744068074
2420,13233010100,0.46473572246768124
2421,13233010201,0.5523236786123383
2422,13233010202,0.46367206676485023
2423,13233010300,0.49545900834560624
2424,13233010400,0.4447308132875143
2425,13233010500,0.5660693830796923
2426,13233010600,0.44669448535427914
2427,13233010700,0.5231140566192113
2428,13235950100,0.43147602683685155
2429,13235950201,0.6143838978890525
2430,13235950202,0.5242595319914908
2431,13235950300,0.5358779250531828
2432,13237960101,0.4453444608083783
2433,13237960103,0.5905334642448045
2434,13237960104,0.5132138766159384
2435,13237960201,0.5785059728358697
2436,13237960203,0.6029700540009819
2437,13237960204,0.6510800196367206
2438,13237960301,0.5192276223204058
2439,13237960302,0.5873015873015872
2440,13239960300,0.40639829815087547
2441,13241970101,0.5682376043200785
2442,13241970102,0.5884470626738667
2443,13241970103,0.5392325315005727
2444,13241970201,0.5551464572083129
2445,13241970202,0.5201276386843398
2446,13241970302,0.3631566028473245
2447,13241970303,0.5807151039109801
2448,13241970304,0.518654884634266
2449,13243790100,0.412902961872034
2450,13243790200,0.42660775650466365
2451,13245000100,0.6721076746849943
2452,13245000200,0.6813123874979545
2453,13245000300,0.656807396498118
2454,13245000600,0.7223040418916707
2455,13245000700,0.6769759450171822
2456,13245001000,0.6716576665030274
2457,13245001100,0.6781214203894617
2458,13245001200,0.6748895434462444
2459,13245001300,0.6480526918671249
2460,13245001400,0.703403698249059
2461,13245001602,0.6804941908034691
2462,13245001603,0.6046064473899526
2463,13245001604,0.7304860088365244
2464,13245010101,0.637988872524955
2465,13245010104,0.6261250204549174
2466,13245010105,0.6826215022091311
2467,13245010107,0.6478072328587792
2468,13245010108,0.6881852397316315
2469,13245010109,0.6070201276386843
2470,13245010201,0.6564392079855996
2471,13245010203,0.6768123056782851
2472,13245010205,0.710276550482736
2473,13245010206,0.71759941089838
2474,13245010207,0.6332842415316642
2475,13245010208,0.5310505645557192
2476,13245010300,0.6838897070855834
2477,13245010400,0.7016854851906398
2478,13245010506,0.7124447717231221
2479,13245010507,0.6334478808705613
2480,13245010508,0.695917198494518
2481,13245010509,0.6426935035182457
2482,13245010510,0.6705940108001963
2483,13245010511,0.675748649975454
2484,13245010512,0.6332433316969399
2485,13245010513,0.5984699721813124
2486,13245010514,0.6585665193912615
2487,13245010515,0.6647848142693504
2488,13245010601,0.6372934053346424
2489,13245010602,0.626984126984127
2490,13245010706,0.617370315823924
2491,13245010707,0.6085747013582065
2492,13245010708,0.5890198003600065
2493,13245010709,0.5862379315987564
2494,13245010710,0.6023154966453935
2495,13245010711,0.6025609556537391
2496,13245010713,0.5913925707740141
2497,13245010714,0.5819423989527082
2498,13245010801,0.7333087874324987
2499,13245010802,0.6494436262477499
2500,13245010903,0.5078546882670594
2501,13245010904,0.5398461790214367
2502,13245010905,0.5130093274423171
2503,13245010907,0.5336687939780723
2504,13245010908,0.46555391916216654
2505,13245011000,0.7551137293405334
2506,13245011100,0.6411389297987236
2507,13247060101,0.5580510554737359
2508,13247060103,0.47430862379315986
2509,13247060104,0.5030682376043201
2510,13247060201,0.5943380788741613
2511,13247060203,0.5747831778759613
2512,13247060204,0.48997709049255445
2513,13247060305,0.6295205367370316
2514,13247060306,0.4618311242022582
2515,13247060310,0.6297250859106529
2516,13247060311,0.5990427098674522
2517,13247060312,0.45733104238258876
2518,13247060313,0.5084274259531991
2519,13247060314,0.5558419243986255
2520,13247060315,0.6939535264277532
2521,13247060316,0.5534691539846179
2522,13247060317,0.6458435607920143
2523,13247060318,0.6314432989690721
2524,13247060403,0.5129684176075928
2525,13247060406,0.4959908361970218
2526,13247060407,0.5221731304205531
2527,13247060408,0.47794959908361967
2528,13247060409,0.5176730486008836
2529,13247060410,0.5640648011782032
2530,13247060411,0.5398052691867126
2531,13249960100,0.48089510718376693
2532,13249960200,0.4732040582556046
2533,13251970200,0.41564392079855994
2534,13251970300,0.41989854360988377
2535,13251970401,0.5390688921616756
2536,13251970402,0.43900343642611683
2537,13251970500,0.3052282768777614
2538,13251970600,0.441171657666503
2539,13253200100,0.4461217476681394
2540,13253200200,0.5216822124038618
2541,13253200300,0.38537064310260183
2542,13255160101,0.5823105874652266
2543,13255160102,0.5911062019309442
2544,13255160201,0.544305351006382
2545,13255160202,0.5193912616593028
2546,13255160300,0.6119293078055965
2547,13255160401,0.6570119456717395
2548,13255160402,0.6621665848469973
2549,13255160500,0.6151611847488136
2550,13255160600,0.5466781214203895
2551,13255160701,0.6890034364261168
2552,13255160702,0.5430371461299296
2553,13255160800,0.6821305841924399
2554,13255160900,0.660448371788578
2555,13255161000,0.5949926362297496
2556,13255161100,0.5846833578792341
2557,13255161201,0.6102520045819015
2558,13255161202,0.6596301750940926
2559,13257970101,0.5344869906725577
2560,13257970102,0.608206512845688
2561,13257970201,0.5377188676157748
2562,13257970202,0.5461462935689739
2563,13257970301,0.6223204058255604
2564,13257970302,0.5697103583701522
2565,13257970401,0.5113320242186221
2566,13257970402,0.5675830469644902
2567,13259950100,0.4275486827033218
2568,13259950400,0.5239731631484209
2569,13261950100,0.49255441008018325
2570,13261950200,0.5796514482081492
2571,13261950300,0.5897561773850433
2572,13261950400,0.4491081656030109
2573,13261950500,0.5405825560464735
2574,13261950600,0.6322205858288332
2575,13261950700,0.6526345933562427
2576,13261950800,0.4660857470135821
2577,13263960100,0.42648502700049096
2578,13263960200,0.42926689576174115
2579,13263960300,0.4857633775159548
2580,13265010200,0.4282850597283586
2581,13267950100,0.5104729176894125
2582,13267950202,0.5229095074455898
2583,13267950203,0.6139338897070856
2584,13267950204,0.49652266404843726
2585,13267950300,0.5624284077892325
2586,13267950401,0.4946408116511209
2587,13267950402,0.554696449026346
2588,13269950100,0.3692930780559646
2589,13269950200,0.3529700540009818
2590,13269950301,0.4319260350188185
2591,13269950302,0.48973163148420873
2592,13271950101,0.45324005891016195
2593,13271950102,0.5309687448862707
2594,13271950103,0.5245459008345607
2595,13271950200,0.3706021927671412
2596,13271950500,0.42128947799050886
2597,13273120200,0.5199230895107183
2598,13273120300,0.6042791687121584
2599,13273120400,0.48187694321714936
2600,13273120500,0.5933971526755031
2601,13275960100,0.560055637375225
2602,13275960200,0.5618147602683684
2603,13275960300,0.5300278186876125
2604,13275960400,0.4877270495827197
2605,13275960501,0.6468253968253967
2606,13275960502,0.5744558991981672
2607,13275960601,0.6762395679921454
2608,13275960602,0.689944362624775
2609,13275960701,0.6199885452462772
2610,13275960702,0.6180248731795123
2611,13275960800,0.6100883652430044
2612,13275960900,0.6794714449353624
2613,13275961000,0.58435607920144
2614,13275961100,0.5431189657993782
2615,13277960100,0.582678775977745
2616,13277960200,0.5019227622320406
2617,13277960301,0.6513254786450662
2618,13277960302,0.6465799378170511
2619,13277960401,0.584969726722304
2620,13277960402,0.5748649975454099
2621,13277960500,0.5442235313369334
2622,13277960601,0.6260022909507446
2623,13277960602,0.6656848306332842
2624,13277960700,0.6238340697103584
2625,13277960800,0.4875225004090983
2626,13277960900,0.5747013582065128
2627,13279970101,0.5510963835706103
2628,13279970102,0.5659057437407953
2629,13279970201,0.5483145148093602
2630,13279970202,0.5540418916707577
2631,13279970301,0.4583537882506954
2632,13279970302,0.4243986254295532
2633,13279970400,0.604524627720504
2634,13279970500,0.5105138275241368
2635,13279970600,0.45684012436589755
2636,13281960100,0.6255522827687776
2637,13281960200,0.5800196367206676
2638,13281960301,0.6796350842742596
2639,13281960302,0.5342824414989363
2640,13283960100,0.49079528718703974
2641,13283960200,0.4351170021273114
2642,13285960101,0.42693503518245784
2643,13285960102,0.4788905252822778
2644,13285960201,0.5261822942235314
2645,13285960202,0.4319260350188185
2646,13285960300,0.58435607920144
2647,13285960401,0.6137293405334642
2648,13285960402,0.6053837342497136
2649,13285960501,0.5952790050728195
2650,13285960503,0.5430780559646539
2651,13285960504,0.48150875470463095
2652,13285960600,0.566928489608902
2653,13285960700,0.5712649320896743
2654,13285960800,0.6113974799541809
2655,13285960901,0.630052364588447
2656,13285960903,0.4576992308951071
2657,13285960904,0.5296187203403698
2658,13285961000,0.5957290132547864
2659,13285961100,0.4737767959417444
2660,13287970201,0.544018982163312
2661,13287970202,0.38835706103747336
2662,13287970300,0.49361806578301426
2663,13289060101,0.533014236622484
2664,13289060102,0.4597856324660448
2665,13289060200,0.5040500736377025
2666,13291000101,0.5675830469644902
2667,13291000103,0.5512600229095074
2668,13291000104,0.6068564882997872
2669,13291000201,0.47950417280314184
2670,13291000203,0.495418098510882
2671,13291000204,0.584969726722304
2672,13291000206,0.6092292587137949
2673,13291000207,0.7116265750286368
2674,13293010100,0.4944362624774996
2675,13293010201,0.5263868433971526
2676,13293010202,0.46629029618720336
2677,13293010300,0.4858451971854033
2678,13293010401,0.4916134838815251
2679,13293010402,0.5747013582065128
2680,13293010500,0.5924971363115693
2681,13293010600,0.4645720831287842
2682,13295020101,0.56815578465063
2683,13295020102,0.5806332842415316
2684,13295020200,0.39567992145311726
2685,13295020301,0.5933153330060545
2686,13295020302,0.6165112092947145
2687,13295020400,0.5868924889543445
2688,13295020503,0.5737604320078546
2689,13295020504,0.46833578792341674
2690,13295020505,0.561119293078056
2691,13295020506,0.5196776305023728
2692,13295020601,0.5303960072001309
2693,13295020602,0.5439371624938636
2694,13295020701,0.6014154802814596
2695,13295020702,0.6197021764032073
2696,13295020800,0.46854033709703813
2697,13295020902,0.46768123056782845
2698,13295020903,0.5132138766159384
2699,13295020904,0.52569137620684
2700,13297110101,0.4947226313205695
2701,13297110102,0.5000818196694485
2702,13297110200,0.5466781214203895
2703,13297110301,0.6230976926853216
2704,13297110302,0.6351251840942562
2705,13297110400,0.6185976108656521
2706,13297110503,0.5415234822451318
2707,13297110504,0.5043364424807724
2708,13297110505,0.48375879561446566
2709,13297110506,0.5191867124856816
2710,13297110508,0.5176730486008836
2711,13297110509,0.39588447062673865
2712,13297110510,0.5524873179512355
2713,13297110601,0.5078137784323351
2714,13297110602,0.5561282932416953
2715,13297110603,0.5202503681885124
2716,13297110701,0.5352642775323188
2717,13297110702,0.6310342006218295
2718,13297110801,0.5975699558173784
2719,13297110802,0.5542055310096548
2720,13299950100,0.48240877106856483
2721,13299950200,0.5276959581083293
2722,13299950300,0.5377188676157748
2723,13299950400,0.6858533791523482
2724,13299950500,0.6107429225985926
2725,13299950600,0.6137702503681884
2726,13299950700,0.6543118965799377
2727,13299950801,0.4881770577646866
2728,13299950802,0.6781623302241858
2729,13299950900,0.5308869252168221
2730,13301970400,0.538209785632466
2731,13301970500,0.41474390443462605
2732,13303950100,0.43798069055801014
2733,13303950300,0.5500327278677795
2734,13303950400,0.523400425462281
2735,13303950500,0.4912043855342824
2736,13303950700,0.47594501718213056
2737,13305970100,0.4731222385861561
2738,13305970201,0.49136802487317954
2739,13305970202,0.5688512518409425
2740,13305970300,0.6004336442480772
2741,13305970400,0.47655866470299457
2742,13305970500,0.5862379315987564
2743,13305970600,0.5285141548028145
2744,13307960100,0.4156848306332842
2745,13307960200,0.317542137129766
2746,13309780100,0.18213058419243988
2747,13309780200,0.36295205367370315
2748,13311950101,0.5480281459662902
2749,13311950102,0.4781950580919653
2750,13311950202,0.44190803469153983
2751,13311950204,0.5250368188512518
2752,13311950205,0.5181639666175748
2753,13311950206,0.65558010145639
2754,13311950207,0.5529373261332023
2755,13311950301,0.5508100147275405
2756,13311950302,0.5417689412534773
2757,13313000101,0.5519145802650957
2758,13313000103,0.5665193912616593
2759,13313000104,0.5544918998527246
2760,13313000200,0.5156275568646702
2761,13313000301,0.6141793487154312
2762,13313000303,0.5716331206021927
2763,13313000304,0.5613647520864016
2764,13313000401,0.6285387007036491
2765,13313000402,0.6463753886434298
2766,13313000501,0.5959335624284078
2767,13313000502,0.669939453444608
2768,13313000600,0.5323596792668958
2769,13313000700,0.5304369170348552
2770,13313000801,0.5665193912616593
2771,13313000802,0.584969726722304
2772,13313000900,0.6650711831124202
2773,13313001000,0.643798069055801
2774,13313001100,0.6332842415316642
2775,13313001200,0.6199885452462772
2776,13313001300,0.6461299296350842
2777,13313001400,0.6229749631811488
2778,13313001500,0.5866879397807233
2779,13315960100,0.43082146948126326
2780,13315960200,0.40447553591883484
2781,13315960300,0.4491490754377352
2782,13315960400,0.4791768941253477
2783,13317010101,0.39670266732122406
2784,13317010102,0.39821633120602185
2785,13317010301,0.4912452953690067
2786,13317010302,0.5128865979381443
2787,13319960200,0.4551628211422026
2788,13319960300,0.47038127965963017
2789,13319960400,0.43131238749795453
2790,13321950100,0.3882752413680248
2791,13321950201,0.5150139093438062
2792,13321950202,0.6064473899525445
2793,13321950400,0.47913598429062343
2794,13321950500,0.5682376043200785
2795,13321950600,0.4825724104074619
