2020 Census Tract,geoid_,County_Name,pct_severe_housing_problems,avg_pop_yoy_growth_2018_2021,pop_2021_gt_2011,avg_emp_growth_2020_2022,qct?
13009970101,05000US13031,"Bulloch County, Georgia",0,0.021183743,Yes,0.031,No
13009970301,05000US13039,"Camden County, Georgia",0,0.009662738,Yes,0.027,No
13009970801,05000US13057,"Cherokee County, Georgia",0,0.027160799,Yes,0.0395,No
13015960103,05000US13107,"Emanuel County, Georgia",0,0.003552233,Yes,0.0225,No
13015960702,05000US13143,"Haralson County, Georgia",0,0.008331856,Yes,0.0395,No
13015961001,05000US13157,"Jackson County, Georgia",0,0.039426691,Yes,0.084,No
13021012000,05000US13213,"Murray County, Georgia",0,0.002488844,Yes,0.017,No
13025960101,05000US13291,"Union County, Georgia",0,0.02024081,Yes,0.05,No
13001950201,05000US13003,"Atkinson County, Georgia",0,0.000179862,No,-0.005,No
13021013506,05000US13261,"Sumter County, Georgia",0,-0.007312732,No,0.004,No
13021013604,05000US13265,"Taliaferro County, Georgia",0,-0.018509294,No,0.022,No
13029920104,05000US13317,"Wilkes County, Georgia",0,-0.008180175,No,0.0205,No
13029920301,05000US13319,"Wilkinson County, Georgia",0,-0.005423321,No,0.0225,No
13031110901,,,0,,,,No
13031110902,,,0,,,,No
13039010403,,,0,,,,No
13045910105,,,0,,,,No
13045910201,,,0,,,,No
13045910202,,,0,,,,No
13045910706,,,0,,,,No
13045910707,,,0,,,,No
13047030303,,,0,,,,No
13047030403,,,0,,,,No
13047030404,,,0,,,,No
13051010821,,,0,,,,No
13051011007,,,0,,,,No
13051011110,,,0,,,,No
13051011113,,,0,,,,No
13051011500,,,0,,,,No
13053020201,,,0,,,,No
13055010401,,,0,,,,No
13057090302,,,0,,,,No
13057090303,,,0,,,,No
13057090707,,,0,,,,No
13057090806,,,0,,,,No
13057090809,,,0,,,,No
13057090911,,,0,,,,No
13057091007,,,0,,,,No
13057091010,,,0,,,,No
13063040624,,,0,,,,No
13063040639,,,0,,,,No
13067030236,,,0,,,,No
13067030241,,,0,,,,No
13067030244,,,0,,,,No
13067030250,,,0,,,,No
13067030251,,,0,,,,No
13067030254,,,0,,,,No
13067030261,,,0,,,,No
13067030264,,,0,,,,No
13067030265,,,0,,,,No
13067030269,,,0,,,,No
13067030273,,,0,,,,No
13067030324,,,0,,,,No
13067030326,,,0,,,,No
13067030331,,,0,,,,No
13067030335,,,0,,,,No
13067030340,,,0,,,,No
13067030341,,,0,,,,No
13067030350,,,0,,,,No
13067030363,,,0,,,,No
13067030365,,,0,,,,No
13067030370,,,0,,,,No
13067031209,,,0,,,,No
13067031414,,,0,,,,No
13071970102,,,0,,,,No
13071970302,,,0,,,,No
13073030107,,,0,,,,No
13073030311,,,0,,,,No
13073030401,,,0,,,,No
13077170403,,,0,,,,No
13077170404,,,0,,,,No
13077170607,,,0,,,,No
13085970103,,,0,,,,No
13085970203,,,0,,,,No
13089021104,,,0,,,,No
13089021604,,,0,,,,No
13089021817,,,0,,,,No
13089021819,,,0,,,,No
13089021821,,,0,,,,No
13089021912,,,0,,,,No
13089021915,,,0,,,,No
13089023324,,,0,,,,No
13089023325,,,0,,,,No
13089023329,,,0,,,,No
13089023330,,,0,,,,No
13089023413,,,0,,,,No
13089023432,,,0,,,,No
13089023434,,,0,,,,No
13089023436,,,0,,,,No
13089023443,,,0,,,,No
13097080405,,,0,,,,No
13097080406,,,0,,,,No
13097080514,,,0,,,,No
13097080607,,,0,,,,No
13103030100,,,0,,,,No
13103030206,,,0,,,,No
13103030208,,,0,,,,No
13105000501,,,0,,,,No
13111050300,,,0,,,,No
13111050500,,,0,,,,No
13113140103,,,0,,,,No
13113140210,,,0,,,,No
13113140409,,,0,,,,No
13115000402,,,0,,,,No
13115001706,,,0,,,,No
13117130104,,,0,,,,No
13117130302,,,0,,,,No
13117130303,,,0,,,,No
13117130304,,,0,,,,No
13117130508,,,0,,,,No
13117130604,,,0,,,,No
13117130615,,,0,,,,No
13119890300,,,0,,,,No
13121008906,,,0,,,,No
13121009411,,,0,,,,No
13121010007,,,0,,,,No
13121010218,,,0,,,,No
13121010314,,,0,,,,No
13121010315,,,0,,,,No
13121010535,,,0,,,,No
13121010540,,,0,,,,No
13121011416,,,0,,,,No
13121011428,,,0,,,,No
13121011434,,,0,,,,No
13121011444,,,0,,,,No
13121011511,,,0,,,,No
13121011513,,,0,,,,No
13121011514,,,0,,,,No
13121011633,,,0,,,,No
13121011648,,,0,,,,No
13123080401,,,0,,,,No
13127000301,,,0,,,,No
13127000406,,,0,,,,No
13127000602,,,0,,,,No
13129970101,,,0,,,,No
13129970802,,,0,,,,No
13131950501,,,0,,,,No
13135050117,,,0,,,,No
13135050120,,,0,,,,No
13135050227,,,0,,,,No
13135050311,,,0,,,,No
13135050323,,,0,,,,No
13135050425,,,0,,,,No
13135050465,,,0,,,,No
13135050528,,,0,,,,No
13135050551,,,0,,,,No
13135050553,,,0,,,,No
13135050555,,,0,,,,No
13135050573,,,0,,,,No
13135050578,,,0,,,,No
13135050584,,,0,,,,No
13135050585,,,0,,,,No
13135050591,,,0,,,,No
13135050611,,,0,,,,No
13135050615,,,0,,,,No
13135050616,,,0,,,,No
13135050626,,,0,,,,No
13135050628,,,0,,,,No
13135050631,,,0,,,,No
13135050635,,,0,,,,No
13135050736,,,0,,,,No
13135050739,,,0,,,,No
13135050740,,,0,,,,No
13135050744,,,0,,,,No
13135050745,,,0,,,,No
13135050746,,,0,,,,No
13135050757,,,0,,,,No
13135050762,,,0,,,,No
13135050763,,,0,,,,No
13139000102,,,0,,,,No
13139001005,,,0,,,,No
13139001611,,,0,,,,No
13147960102,,,0,,,,No
13147960502,,,0,,,,No
13151070116,,,0,,,,No
13151070117,,,0,,,,No
13151070125,,,0,,,,No
13151070204,,,0,,,,No
13151070207,,,0,,,,No
13151070209,,,0,,,,No
13151070210,,,0,,,,No
13151070215,,,0,,,,No
13151070216,,,0,,,,No
13151070314,,,0,,,,No
13151070320,,,0,,,,No
13151070407,,,0,,,,No
13151070507,,,0,,,,No
13153021121,,,0,,,,No
13153021124,,,0,,,,No
13153021203,,,0,,,,No
13153021501,,,0,,,,No
13157010105,,,0,,,,No
13157010107,,,0,,,,No
13157010704,,,0,,,,No
13159010503,,,0,,,,No
13161960202,,,0,,,,No
13169030303,,,0,,,,No
13185010103,,,0,,,,No
13185010204,,,0,,,,No
13187960103,,,0,,,,No
13187960104,,,0,,,,No
13189950100,,,0,,,,No
13191110101,,,0,,,,No
13205090401,,,0,,,,No
13207050302,,,0,,,,No
13215010110,,,0,,,,No
13215010111,,,0,,,,No
13217100507,,,0,,,,No
13219030101,,,0,,,,No
13219030102,,,0,,,,No
13219030600,,,0,,,,No
13223120106,,,0,,,,No
13223120110,,,0,,,,No
13223120303,,,0,,,,No
13223120402,,,0,,,,No
13223120504,,,0,,,,No
13223120506,,,0,,,,No
13223120604,,,0,,,,No
13223120607,,,0,,,,No
13225040104,,,0,,,,No
13225040105,,,0,,,,No
13227050101,,,0,,,,No
13229960200,,,0,,,,No
13229960402,,,0,,,,No
13233010202,,,0,,,,No
13235950300,,,0,,,,No
13237960301,,,0,,,,No
13245010207,,,0,,,,No
13247060103,,,0,,,,No
13247060313,,,0,,,,No
13255160202,,,0,,,,No
13255160702,,,0,,,,No
13255161201,,,0,,,,No
13257970201,,,0,,,,No
13267950204,,,0,,,,No
13267950401,,,0,,,,No
13269950100,,,0,,,,No
13281960302,,,0,,,,No
13285960904,,,0,,,,No
13285961100,,,0,,,,No
13289060101,,,0,,,,No
13289060102,,,0,,,,No
13291000103,,,0,,,,No
13295020505,,,0,,,,No
13295020506,,,0,,,,No
13295020800,,,0,,,,No
13295020904,,,0,,,,No
13297110510,,,0,,,,No
13297110802,,,0,,,,No
13307960100,,,0,,,,No
13307960200,,,0,,,,No
13311950204,,,0,,,,No
13311950205,,,0,,,,No
13317010301,,,0,,,,No
13129970102,,,0.017777778,,,,No
13311950202,,,0.017777778,,,,No
13059130601,,,0.019736842,,,,No
13191110201,,,0.021621622,,,,No
13219030103,,,0.021621622,,,,No
13143010201,,,0.024390244,,,,No
13067030347,,,0.025,,,,No
13309780100,,,0.028571429,,,,No
13117130204,,,0.029850746,,,,No
13067030108,,,0.030769231,,,,No
13135050580,,,0.031007752,,,,No
13039010305,,,0.032,,,,No
13291000207,,,0.032941176,,,,No
13267950202,,,0.033898305,,,,No
13069010600,,,0.034042553,,,,No
13121010306,,,0.034782609,,,,No
13167960300,,,0.034782609,,,,No
13245001100,,,0.036363636,,,,No
13043950300,,,0.038095238,,,,No
13285960201,,,0.038095238,,,,No
13037950100,,,0.04,,,,No
13155950100,,,0.04,,,,No
13103030307,,,0.04109589,,,,No
13069010200,,,0.041666667,,,,No
13067030510,,,0.042553191,,,,No
13137000400,,,0.042553191,,,,No
13067030109,,,0.042857143,,,,No
13131950200,,,0.044444444,,,,No
13081010500,,,0.04494382,,,,No
13015960406,05000US13129,"Gordon County, Georgia",0.045454545,0.002864774,Yes,0.0265,No
13295020902,,,0.045714286,,,,No
13245010108,,,0.046153846,,,,No
13283960100,,,0.047058824,,,,No
13221960100,,,0.05,,,,No
13263960300,,,0.05,,,,No
13199970501,,,0.051546392,,,,No
13267950100,,,0.051724138,,,,No
13055010600,,,0.053333333,,,,No
13113140502,,,0.054054054,,,,No
13199970802,,,0.054054054,,,,No
13089020901,,,0.054545455,,,,No
13121009203,,,0.054545455,,,,No
13089021607,,,0.05511811,,,,No
13117130509,,,0.055555556,,,,No
13135050570,,,0.055555556,,,,No
13227050202,,,0.056603774,,,,No
13195020300,,,0.056862745,,,,No
13169030105,,,0.058823529,,,,No
13067031220,,,0.060606061,,,,No
13245010208,,,0.060606061,,,,No
13057090906,,,0.061538462,,,,No
13033950200,,,0.062015504,,,,No
13153021502,,,0.062015504,,,,No
13089023331,,,0.0625,,,,No
13257970402,,,0.064516129,,,,No
13301970500,,,0.064516129,,,,No
13015960403,05000US13123,"Gilmer County, Georgia",0.064676617,0.01240617,Yes,0.023,No
13139000307,,,0.065217391,,,,No
13117130411,,,0.06779661,,,,No
13089023332,,,0.068965517,,,,No
13089023442,,,0.068965517,,,,No
13067031120,,,0.071428571,,,,No
13305970201,,,0.071428571,,,,No
13133950302,,,0.072727273,,,,No
13153021206,,,0.072727273,,,,No
13313000104,,,0.073684211,,,,No
13211010200,,,0.074509804,,,,No
13115000204,,,0.074626866,,,,No
13223120107,,,0.076086957,,,,No
13057090103,,,0.076923077,,,,No
13293010600,,,0.076923077,,,,No
13299950801,,,0.076923077,,,,No
13067031121,,,0.078125,,,,No
13067031117,,,0.078431373,,,,No
13131950600,,,0.08,,,,No
13133950304,,,0.08,,,,No
13133950500,,,0.08,,,,No
13057090402,,,0.081632653,,,,No
13191110202,,,0.083333333,,,,No
13229960401,,,0.083333333,,,,No
13015960302,05000US13121,"Fulton County, Georgia",0.085106383,0.010469058,Yes,0.0395,No
13135050550,,,0.085106383,,,,No
13055010201,,,0.085714286,,,,No
13217100102,,,0.085714286,,,,No
13057090101,,,0.086956522,,,,No
13103030403,,,0.086956522,,,,No
13139001501,,,0.086956522,,,,No
13135050764,,,0.0875,,,,No
13057090907,,,0.088235294,,,,No
13223120108,,,0.088235294,,,,No
13073030310,,,0.088888889,,,,No
13135050529,,,0.088888889,,,,No
13211010302,,,0.088888889,,,,No
13073030313,,,0.089285714,,,,No
13045910400,,,0.090909091,,,,No
13063040420,,,0.090909091,,,,No
13253200100,,,0.090909091,,,,No
13091960400,,,0.092631579,,,,No
13047030306,,,0.093023256,,,,No
13221960300,,,0.093023256,,,,No
13263960100,,,0.095,,,,No
13247060410,,,0.095238095,,,,No
13311950102,,,0.095238095,,,,No
13089023211,,,0.096774194,,,,No
13015961002,05000US13159,"Jasper County, Georgia",0.097435897,0.016545191,Yes,0.0385,No
13135050557,,,0.097560976,,,,No
13077170303,,,0.1,,,,No
13117130605,,,0.1,,,,No
13123080100,,,0.1,,,,No
13163960200,,,0.1,,,,No
13321950500,,,0.1,,,,No
13185011405,,,0.100840336,,,,No
13135050765,,,0.102564103,,,,No
13213010402,,,0.102564103,,,,No
13223120111,,,0.102564103,,,,No
13063040532,,,0.102941176,,,,No
13107970101,,,0.103448276,,,,No
13113140102,,,0.103448276,,,,No
13213010100,,,0.103448276,,,,No
13223120401,,,0.104166667,,,,No
13305970300,,,0.104166667,,,,No
13183970202,,,0.104477612,,,,No
13015960301,05000US13119,"Franklin County, Georgia",0.105263158,0.010867277,Yes,0.0175,No
13095010403,,,0.105263158,,,,No
13107970500,,,0.105263158,,,,No
13117130103,,,0.105263158,,,,No
13119890401,,,0.105263158,,,,No
13137000100,,,0.105263158,,,,No
13253200300,,,0.105263158,,,,No
13303950100,,,0.105263158,,,,No
13083040104,,,0.106060606,,,,No
13019970300,05000US13177,"Lee County, Georgia",0.109090909,0.035904612,Yes,0.0065,No
13297110200,,,0.109090909,,,,No
13067030327,,,0.109803922,,,,No
13135050563,,,0.111111111,,,,No
13135050581,,,0.111111111,,,,No
13215000200,,,0.112,,,,No
13183970102,,,0.112244898,,,,No
13127000104,,,0.114285714,,,,No
13251970200,,,0.114285714,,,,No
13055010502,,,0.114583333,,,,No
13295020903,,,0.115384615,,,,No
13223120505,,,0.11627907,,,,No
13013180104,05000US13071,"Colquitt County, Georgia",0.116666667,0.001422876,Yes,0.0095,No
13221960205,,,0.116666667,,,,No
13277960800,,,0.116666667,,,,No
13009970201,05000US13035,"Butts County, Georgia",0.116883117,0.016569003,Yes,0.039,No
13105000200,,,0.117647059,,,,No
13117130608,,,0.117647059,,,,No
13051003302,,,0.119047619,,,,No
13113140203,,,0.12,,,,No
13067031317,,,0.120689655,,,,No
13223120603,,,0.121212121,,,,No
13063040410,,,0.121621622,,,,No
13039010304,,,0.12244898,,,,No
13145120301,,,0.123076923,,,,No
13259950100,,,0.123076923,,,,No
13217100801,,,0.12371134,,,,No
13085970204,,,0.125,,,,No
13197920200,,,0.125,,,,No
13045910101,,,0.125925926,,,,No
13139000101,,,0.126315789,,,,No
13135050722,,,0.126984127,,,,No
13039010201,,,0.127777778,,,,No
13257970301,,,0.128,,,,No
13067031512,,,0.128205128,,,,No
13047030701,,,0.128571429,,,,No
13191110300,,,0.12962963,,,,No
13293010100,,,0.130434783,,,,No
13149970300,,,0.132075472,,,,No
13121012300,,,0.132867133,,,,No
13099090300,,,0.133333333,,,,No
13107970602,,,0.133333333,,,,No
13119890103,,,0.133333333,,,,No
13147960401,,,0.133333333,,,,No
13217100101,,,0.133333333,,,,No
13219030104,,,0.133333333,,,,No
13199970502,,,0.134883721,,,,No
13177020302,,,0.135135135,,,,No
13277960302,,,0.135135135,,,,No
13029920103,05000US13315,"Wilcox County, Georgia",0.135416667,-0.000112051,No,-0.004,No
13067030272,,,0.13559322,,,,No
13171970300,,,0.13559322,,,,No
13121008702,,,0.13592233,,,,No
13077170603,,,0.136363636,,,,No
13157010705,,,0.136363636,,,,No
13237960201,,,0.136363636,,,,No
13255160201,,,0.136363636,,,,No
13051011104,,,0.137254902,,,,No
13059150702,,,0.137931034,,,,No
13121003700,,,0.137931034,,,,No
13121011512,,,0.137931034,,,,No
13151070121,,,0.137931034,,,,No
13153021204,,,0.138888889,,,,No
13225040301,,,0.138888889,,,,No
13247060311,,,0.138888889,,,,No
13135050416,,,0.139534884,,,,No
13013180501,05000US13099,"Early County, Georgia",0.14,0.015212016,No,0.011,No
13179010504,,,0.14,,,,No
13067030235,,,0.142857143,,,,No
13073030304,,,0.142857143,,,,No
13105000300,,,0.142857143,,,,No
13261950100,,,0.142857143,,,,No
13271950103,,,0.142857143,,,,No
13083040103,,,0.145454545,,,,No
13091960100,,,0.145454545,,,,No
13223120307,,,0.146341463,,,,No
13073030404,,,0.148148148,,,,No
13175950100,,,0.148148148,,,,No
13127000601,,,0.148760331,,,,No
13047030502,,,0.14893617,,,,No
13015960202,05000US13115,"Floyd County, Georgia",0.149253731,0.004749158,Yes,0.0225,No
13057091104,,,0.15,,,,No
13077170503,,,0.15,,,,No
13089023326,,,0.15,,,,No
13103030209,,,0.15,,,,No
13247060408,,,0.15,,,,No
13267950203,,,0.150537634,,,,No
13153021001,,,0.150684932,,,,No
13089023445,,,0.151515152,,,,No
13213010500,,,0.151515152,,,,No
13077170200,,,0.152,,,,No
13059001700,,,0.152941176,,,,No
13067031516,,,0.153846154,,,,No
13277960401,,,0.155172414,,,,No
13121009301,,,0.155555556,,,,No
13063040638,,,0.15625,,,,No
13077170502,,,0.15625,,,,No
13117130506,,,0.15625,,,,No
13051010601,,,0.156862745,,,,No
13067030259,,,0.156862745,,,,No
13137000300,,,0.157142857,,,,No
13089023801,,,0.157894737,,,,No
13097080507,,,0.157894737,,,,No
13121000400,,,0.157894737,,,,No
13191110102,,,0.157894737,,,,No
13223120205,,,0.157894737,,,,No
13321950600,,,0.157894737,,,,No
13097080307,,,0.158730159,,,,No
13275961100,,,0.159090909,,,,No
13173950202,,,0.159817352,,,,No
13135050450,,,0.16,,,,No
13023790200,05000US13285,"Troup County, Georgia",0.160714286,-0.001378557,Yes,0.0065,No
13013180301,05000US13089,"DeKalb County, Georgia",0.161111111,0.006882315,Yes,0.0395,No
13305970400,,,0.161904762,,,,No
13199970701,,,0.162790698,,,,No
13119890101,,,0.163265306,,,,No
13123080500,,,0.163265306,,,,No
13151070212,,,0.164179104,,,,No
13089023448,,,0.164383562,,,,No
13063040615,,,0.166666667,,,,No
13063040628,,,0.166666667,,,,No
13067030113,,,0.166666667,,,,No
13067030220,,,0.166666667,,,,No
13067030354,,,0.166666667,,,,No
13067031515,,,0.166666667,,,,No
13119890201,,,0.166666667,,,,No
13129970601,,,0.166666667,,,,No
13297110101,,,0.166666667,,,,No
13311950101,,,0.166666667,,,,No
13255160101,,,0.169230769,,,,No
13261950800,,,0.169491525,,,,No
13067031507,,,0.170212766,,,,No
13115000203,,,0.170212766,,,,No
13073030503,,,0.170731707,,,,No
13101880200,,,0.170731707,,,,No
13157010108,,,0.170731707,,,,No
13089021820,,,0.171052632,,,,No
13185011500,,,0.171428571,,,,No
13067031416,,,0.172413793,,,,No
13121011422,,,0.172413793,,,,No
13019970100,05000US13173,"Lanier County, Georgia",0.172727273,-0.015489157,Yes,0.0055,No
13273120500,,,0.172727273,,,,No
13045910203,,,0.173913043,,,,No
13151070109,,,0.175,,,,No
13007960200,05000US13029,"Bryan County, Georgia",0.176470588,0.065374652,Yes,0.0395,No
13201950200,,,0.177272727,,,,No
13089023441,,,0.177777778,,,,No
13129970201,,,0.177777778,,,,No
13271950200,,,0.177777778,,,,No
13317010101,,,0.177777778,,,,No
13071970800,,,0.178571429,,,,No
13147960501,,,0.178571429,,,,No
13151070211,,,0.178571429,,,,No
13215010209,,,0.178571429,,,,No
13069010802,,,0.178807947,,,,No
13013180402,05000US13097,"Douglas County, Georgia",0.17979798,0.003986393,Yes,0.0395,No
13321950400,,,0.181395349,,,,No
13161960201,,,0.181578947,,,,No
13013180105,05000US13073,"Columbia County, Georgia",0.181818182,0.015610083,Yes,0.009,No
13047030201,,,0.181818182,,,,No
13055010501,,,0.181818182,,,,No
13089021221,,,0.181818182,,,,No
13117130202,,,0.181818182,,,,No
13117130301,,,0.181818182,,,,No
13117130507,,,0.181818182,,,,No
13219030402,,,0.181818182,,,,No
13237960302,,,0.181818182,,,,No
13313000103,,,0.181818182,,,,No
13045910800,,,0.183783784,,,,No
13135050221,,,0.183908046,,,,No
13051003800,,,0.184210526,,,,No
13063040536,,,0.184210526,,,,No
13121007805,,,0.184466019,,,,No
13051002900,,,0.185185185,,,,No
13169030106,,,0.186046512,,,,No
13047030202,,,0.1875,,,,No
13057091107,,,0.1875,,,,No
13133950100,,,0.1875,,,,No
13145120404,,,0.1875,,,,No
13157010400,,,0.1875,,,,No
13231010102,,,0.1875,,,,No
13121009503,,,0.188235294,,,,No
13257970302,,,0.188235294,,,,No
13151070128,,,0.188679245,,,,No
13083040102,,,0.189189189,,,,No
13071970704,,,0.189655172,,,,No
13089023217,,,0.189655172,,,,No
13237960203,,,0.189655172,,,,No
13015960405,05000US13127,"Glynn County, Georgia",0.19,0.001601943,Yes,0.037,No
13313000600,,,0.19,,,,No
13035150202,,,0.19047619,,,,No
13055010100,,,0.19047619,,,,No
13127001002,,,0.19047619,,,,No
13139001302,,,0.19047619,,,,No
13185010201,,,0.19047619,,,,No
13223120105,,,0.19047619,,,,No
13215010704,,,0.191176471,,,,No
13071970902,,,0.191343964,,,,No
13051010806,,,0.191489362,,,,No
13223120601,,,0.192982456,,,,No
13089020802,,,0.193548387,,,,No
13115000700,,,0.193548387,,,,No
13121011638,,,0.193548387,,,,No
13313001300,,,0.19379845,,,,No
13089023216,,,0.193877551,,,,No
13063040427,,,0.194029851,,,,No
13115000202,,,0.194444444,,,,No
13111050400,,,0.194805195,,,,No
13075960301,,,0.194871795,,,,No
13031110603,,,0.195121951,,,,No
13067031417,,,0.195652174,,,,No
13071970200,,,0.195652174,,,,No
13077170701,,,0.195652174,,,,No
13285960700,,,0.195652174,,,,No
13215010605,,,0.196721311,,,,No
13043950200,,,0.197183099,,,,No
13027960302,05000US13305,"Wayne County, Georgia",0.2,0.003917766,Yes,0.031,No
13027960200,05000US13301,"Warren County, Georgia",0.2,-0.008045254,No,0.024,No
13095011600,,,0.2,,,,No
13123080403,,,0.2,,,,No
13135050321,,,0.2,,,,No
13135050725,,,0.2,,,,No
13151070118,,,0.2,,,,No
13241970201,,,0.2,,,,No
13257970401,,,0.2,,,,No
13285960202,,,0.2,,,,No
13295020302,,,0.2,,,,No
13247060318,,,0.201149425,,,,No
13089021101,,,0.202898551,,,,No
13157010500,,,0.202898551,,,,No
13051003900,,,0.203773585,,,,No
13121001203,,,0.203821656,,,,No
13001950100,05000US13001,"Appling County, Georgia",0.204081633,0.000995361,Yes,0.0125,No
13121010214,,,0.204081633,,,,No
13169030103,,,0.204081633,,,,No
13117130105,,,0.204545455,,,,No
13315960400,,,0.205128205,,,,No
13135050234,,,0.205882353,,,,No
13095000501,,,0.206896552,,,,No
13255160500,,,0.207317073,,,,No
13051010815,,,0.208333333,,,,No
13089020400,,,0.208333333,,,,No
13111050100,,,0.208333333,,,,No
13127001001,,,0.208333333,,,,No
13069010100,,,0.209302326,,,,No
13313001400,,,0.209302326,,,,No
13121007810,,,0.20952381,,,,No
13261950500,,,0.20952381,,,,No
13011970100,05000US13061,"Clay County, Georgia",0.209876543,-0.013271713,No,-0.011,No
13025960102,05000US13293,"Upson County, Georgia",0.210526316,0.015298921,Yes,0.0325,No
13139000702,,,0.210526316,,,,No
13295020101,,,0.210526316,,,,No
13207050200,,,0.211678832,,,,No
13153021108,,,0.212121212,,,,No
13139001006,,,0.212765957,,,,No
13057090810,,,0.214285714,,,,No
13121009407,,,0.214285714,,,,No
13127000408,,,0.214285714,,,,No
13147960200,,,0.214285714,,,,No
13181970200,,,0.214285714,,,,No
13223120104,,,0.214285714,,,,No
13235950202,,,0.214285714,,,,No
13115001302,,,0.215384615,,,,No
13273120200,,,0.215384615,,,,No
13103030205,,,0.215686275,,,,No
13311950302,,,0.215686275,,,,No
13067031510,,,0.216216216,,,,No
13131950100,,,0.216666667,,,,No
13089021225,,,0.216981132,,,,No
13135050334,,,0.216981132,,,,No
13015960203,05000US13117,"Forsyth County, Georgia",0.217391304,0.037779948,Yes,0.039,No
13051010702,,,0.217391304,,,,No
13089021602,,,0.217391304,,,,No
13121010307,,,0.217391304,,,,No
13153021117,,,0.217391304,,,,No
13157010200,,,0.217391304,,,,No
13113140303,,,0.21875,,,,No
13127000701,,,0.21875,,,,No
13299950900,,,0.219047619,,,,No
13135050119,,,0.219512195,,,,No
13051011115,,,0.22,,,,No
13051011004,,,0.222222222,,,,No
13079070201,,,0.222222222,,,,No
13115000300,,,0.222222222,,,,No
13135050237,,,0.222222222,,,,No
13135050435,,,0.222222222,,,,No
13251970402,,,0.222222222,,,,No
13305970100,,,0.222222222,,,,No
13315960300,,,0.222222222,,,,No
13051003700,,,0.224137931,,,,No
13079070100,,,0.224615385,,,,No
13121001802,,,0.224719101,,,,No
13185010601,,,0.225,,,,No
13297110508,,,0.225,,,,No
13015960104,05000US13109,"Evans County, Georgia",0.225641026,0.00106934,No,0.0145,No
13215000900,,,0.226190476,,,,No
13121010801,,,0.227272727,,,,No
13135050576,,,0.227272727,,,,No
13161960300,,,0.227272727,,,,No
13169030306,,,0.227272727,,,,No
13195020600,,,0.227272727,,,,No
13303950700,,,0.227586207,,,,No
13151070123,,,0.227722772,,,,No
13013180303,05000US13093,"Dooly County, Georgia",0.228070175,-0.05779379,No,0.0045,No
13067030253,,,0.228571429,,,,No
13135050454,,,0.229508197,,,,No
13049010200,,,0.230769231,,,,No
13169030200,,,0.230769231,,,,No
13117130511,,,0.232142857,,,,No
13013180107,05000US13077,"Coweta County, Georgia",0.23255814,0.010427882,Yes,0.0395,No
13067030353,,,0.23255814,,,,No
13089022900,,,0.23255814,,,,No
13033950101,,,0.233333333,,,,No
13051011800,,,0.233333333,,,,No
13089021823,,,0.233333333,,,,No
13117130203,,,0.233333333,,,,No
13121011429,,,0.233333333,,,,No
13139001402,,,0.233333333,,,,No
13295020701,,,0.234042553,,,,No
13087970700,,,0.234375,,,,No
13303950300,,,0.234408602,,,,No
13077170802,,,0.234482759,,,,No
13127000403,,,0.234482759,,,,No
13227050601,,,0.234482759,,,,No
13179010101,,,0.234972678,,,,No
13015960101,05000US13105,"Elbert County, Georgia",0.235294118,0.00419389,No,0.011,No
13067031119,,,0.235294118,,,,No
13067031218,,,0.235294118,,,,No
13135050559,,,0.235294118,,,,No
13145120198,,,0.236,,,,No
13121009106,,,0.236111111,,,,No
13151070323,,,0.236111111,,,,No
13021013505,05000US13259,"Stewart County, Georgia",0.236363636,-0.034879355,No,0.026,No
13163960400,,,0.236363636,,,,No
13051004002,,,0.23655914,,,,No
13275961000,,,0.236686391,,,,No
13001950302,05000US13009,"Baldwin County, Georgia",0.236842105,-0.010421395,No,0.0165,No
13067031308,,,0.236842105,,,,No
13115000900,,,0.237288136,,,,No
13095010500,,,0.238095238,,,,No
13121011440,,,0.238095238,,,,No
13121011631,,,0.238095238,,,,No
13151070504,,,0.238095238,,,,No
13067030508,,,0.239130435,,,,No
13153020111,,,0.239130435,,,,No
13013180206,05000US13087,"Decatur County, Georgia",0.24,0.02743151,Yes,0.0285,No
13171970202,,,0.24,,,,No
13107970200,,,0.240384615,,,,No
13067030907,,,0.240506329,,,,No
13199970702,,,0.240816327,,,,No
13117130504,,,0.24137931,,,,No
13299950300,,,0.241463415,,,,No
13155950202,,,0.242424242,,,,No
13179010600,,,0.243243243,,,,No
13313000900,,,0.243902439,,,,No
13213010700,,,0.244274809,,,,No
13021011002,05000US13197,"McIntosh County, Georgia",0.244897959,-0.066317287,No,0.0345,No
13121011430,,,0.245192308,,,,No
13071970101,,,0.245454545,,,,No
13189950500,,,0.245454545,,,,No
13103030308,,,0.245614035,,,,No
13063040407,,,0.246153846,,,,No
13089020500,,,0.246376812,,,,No
13117130406,,,0.246575342,,,,No
13027960400,05000US13307,"Webster County, Georgia",0.247191011,-0.031022738,No,-0.006,No
13215010402,,,0.248,,,,No
13285960402,,,0.248,,,,No
13013180401,05000US13095,"Dougherty County, Georgia",0.25,-0.015701236,No,0.0065,No
13017960100,05000US13161,"Jeff Davis County, Georgia",0.25,-0.005260913,No,0.0075,No
13035150102,,,0.25,,,,No
13045910709,,,0.25,,,,No
13051004212,,,0.25,,,,No
13051011107,,,0.25,,,,No
13067030233,,,0.25,,,,No
13067030246,,,0.25,,,,No
13073030307,,,0.25,,,,No
13121011801,,,0.25,,,,No
13127000201,,,0.25,,,,No
13135050568,,,0.25,,,,No
13137000203,,,0.25,,,,No
13137000502,,,0.25,,,,No
13139000205,,,0.25,,,,No
13147960103,,,0.25,,,,No
13151070316,,,0.25,,,,No
13159010100,,,0.25,,,,No
13175950201,,,0.25,,,,No
13195020501,,,0.25,,,,No
13239960300,,,0.25,,,,No
13275960602,,,0.25,,,,No
13303950500,,,0.250746269,,,,No
13019970200,05000US13175,"Laurens County, Georgia",0.250847458,0.012544679,Yes,0.0105,No
13277960500,,,0.251396648,,,,No
13177020301,,,0.251612903,,,,No
13231010400,,,0.251851852,,,,No
13123080302,,,0.252336449,,,,No
13075960400,,,0.252873563,,,,No
13139000501,,,0.253164557,,,,No
13209950300,,,0.253333333,,,,No
13135050556,,,0.253731343,,,,No
13205090200,,,0.253731343,,,,No
13121010106,,,0.253968254,,,,No
13183970101,,,0.253968254,,,,No
13093970100,,,0.254237288,,,,No
13121010134,,,0.254237288,,,,No
13115002000,,,0.254545455,,,,No
13121004300,,,0.254545455,,,,No
13111050200,,,0.255555556,,,,No
13129970902,,,0.255555556,,,,No
13217100503,,,0.255813953,,,,No
13079070202,,,0.256410256,,,,No
13057090606,,,0.257575758,,,,No
13215010106,,,0.257731959,,,,No
13091960302,,,0.258064516,,,,No
13185011100,,,0.258064516,,,,No
13121008907,,,0.259259259,,,,No
13039010500,,,0.26,,,,No
13135050634,,,0.260273973,,,,No
13231010200,,,0.260869565,,,,No
13059140600,,,0.261538462,,,,No
13047030501,,,0.261904762,,,,No
13109970300,,,0.261904762,,,,No
13147960300,,,0.262295082,,,,No
13039010302,,,0.2625,,,,No
13219030202,,,0.263157895,,,,No
13209950200,,,0.263736264,,,,No
13045910708,,,0.264,,,,No
13067030511,,,0.264150943,,,,No
13121001302,,,0.264150943,,,,No
13135050751,,,0.264150943,,,,No
13097080602,,,0.264367816,,,,No
13095010402,,,0.264705882,,,,No
13279970400,,,0.264957265,,,,No
13067031409,,,0.265306122,,,,No
13077170801,,,0.265306122,,,,No
13229960301,,,0.265306122,,,,No
13067030410,,,0.265432099,,,,No
13015960105,05000US13111,"Fannin County, Georgia",0.266055046,0.003822234,Yes,0.0455,No
13021013302,05000US13241,"Rabun County, Georgia",0.266666667,0.00556268,Yes,0.048,No
13151070405,,,0.266666667,,,,No
13231010300,,,0.266666667,,,,No
13297110603,,,0.266666667,,,,No
13227050500,,,0.267605634,,,,No
13151070114,,,0.26848249,,,,No
13075960200,,,0.268656716,,,,No
13045911002,,,0.268817204,,,,No
13119890202,,,0.269230769,,,,No
13123080301,,,0.269230769,,,,No
13135050111,,,0.269230769,,,,No
13089023321,,,0.269736842,,,,No
13067031213,,,0.26984127,,,,No
13135050438,,,0.270175439,,,,No
13069010301,,,0.27027027,,,,No
13245010903,,,0.27027027,,,,No
13021013900,05000US13279,"Toombs County, Georgia",0.270833333,-0.001134239,No,0.0115,No
13275960200,,,0.270833333,,,,No
13097080305,,,0.271428571,,,,No
13089022100,,,0.272727273,,,,No
13089023212,,,0.272727273,,,,No
13115001703,,,0.272727273,,,,No
13121010536,,,0.272727273,,,,No
13187960206,,,0.272727273,,,,No
13245010201,,,0.272727273,,,,No
13249960200,,,0.272727273,,,,No
13057090909,,,0.273381295,,,,No
13189950300,,,0.274193548,,,,No
13215010801,,,0.275,,,,No
13281960200,,,0.275,,,,No
13185010404,,,0.275132275,,,,No
13013180205,05000US13085,"Dawson County, Georgia",0.275510204,0.031694631,Yes,0.0395,No
13063040424,,,0.275862069,,,,No
13155950201,,,0.275862069,,,,No
13221960206,,,0.276,,,,No
13019970600,05000US13183,"Long County, Georgia",0.276595745,-0.029636863,Yes,0.023,No
13103030306,,,0.276595745,,,,No
13121004100,,,0.276595745,,,,No
13121009803,,,0.276923077,,,,No
13057090805,,,0.277777778,,,,No
13057090905,,,0.277777778,,,,No
13089022303,,,0.277777778,,,,No
13217100905,,,0.277777778,,,,No
13251970300,,,0.277777778,,,,No
13003960100,05000US13015,"Bartow County, Georgia",0.278125,0.013483094,Yes,0.039,No
13015960901,05000US13153,"Houston County, Georgia",0.278571429,0.020517344,Yes,0.0115,No
13217100506,,,0.278846154,,,,No
13157010300,,,0.279569892,,,,No
13135050617,,,0.28,,,,No
13135050753,,,0.28,,,,No
13013180302,05000US13091,"Dodge County, Georgia",0.28125,-0.013327641,No,0.0085,No
13153021119,,,0.28125,,,,No
13097080505,,,0.282051282,,,,No
13121010126,,,0.282051282,,,,No
13153020106,,,0.282352941,,,,No
13121007708,,,0.282442748,,,,No
13121007900,,,0.283018868,,,,No
13121010219,,,0.283018868,,,,No
13279970102,,,0.283333333,,,,No
13151070411,,,0.283783784,,,,No
13059130400,,,0.28440367,,,,No
13015960804,05000US13149,"Heard County, Georgia",0.285714286,-0.006682215,No,0.0385,No
13067030107,,,0.285714286,,,,No
13067031115,,,0.285714286,,,,No
13067031322,,,0.285714286,,,,No
13083040300,,,0.285714286,,,,No
13103030207,,,0.285714286,,,,No
13117130610,,,0.285714286,,,,No
13121008909,,,0.285714286,,,,No
13121009001,,,0.285714286,,,,No
13229960302,,,0.285714286,,,,No
13245010101,,,0.285714286,,,,No
13279970302,,,0.285714286,,,,No
13299950600,,,0.286956522,,,,No
13135050577,,,0.287671233,,,,No
13089022601,,,0.287878788,,,,No
13115002100,,,0.287878788,,,,No
13121001701,,,0.288135593,,,,No
13233010100,,,0.288659794,,,,No
13135050442,,,0.289473684,,,,No
13211010301,,,0.290196078,,,,No
13077170102,,,0.290322581,,,,No
13135050118,,,0.290322581,,,,No
13295020503,,,0.290322581,,,,No
13143010304,,,0.290909091,,,,No
13109970100,,,0.291044776,,,,No
13233010400,,,0.291044776,,,,No
13117130201,,,0.291666667,,,,No
13135050114,,,0.291666667,,,,No
13071970703,,,0.292035398,,,,No
13185010401,,,0.292682927,,,,No
13077170308,,,0.293103448,,,,No
13263960200,,,0.293617021,,,,No
13027960301,05000US13303,"Washington County, Georgia",0.294117647,-0.00669617,No,0.0145,No
13205090502,,,0.294117647,,,,No
13247060101,,,0.294117647,,,,No
13223120503,,,0.296296296,,,,No
13153021118,,,0.297029703,,,,No
13113140406,,,0.298245614,,,,No
13121011627,,,0.298245614,,,,No
13135050115,,,0.298245614,,,,No
13121010313,,,0.298701299,,,,No
13089023438,,,0.298969072,,,,No
13045910504,,,0.3,,,,No
13121008905,,,0.3,,,,No
13121009501,,,0.3,,,,No
13129970901,,,0.3,,,,No
13139001203,,,0.3,,,,No
13227050300,,,0.3,,,,No
13255160600,,,0.3,,,,No
13017960300,05000US13165,"Jenkins County, Georgia",0.300970874,-0.005077267,Yes,0.0305,No
13121011438,,,0.300970874,,,,No
13121009408,,,0.301724138,,,,No
13097080408,,,0.301886792,,,,No
13179010401,,,0.302040816,,,,No
13089021222,,,0.303030303,,,,No
13161960102,,,0.303030303,,,,No
13187960205,,,0.303030303,,,,No
13297110506,,,0.303030303,,,,No
13089021813,,,0.304054054,,,,No
13265010200,,,0.304347826,,,,No
13225040103,,,0.304615385,,,,No
13135050222,,,0.305,,,,No
13185010403,,,0.305084746,,,,No
13245010904,,,0.305084746,,,,No
13077170501,,,0.306122449,,,,No
13121009103,,,0.306122449,,,,No
13121005800,,,0.30625,,,,No
13313001200,,,0.307017544,,,,No
13023790302,05000US13289,"Twiggs County, Georgia",0.307692308,-0.010139053,No,0.0025,No
13153020301,,,0.307692308,,,,No
13177020102,,,0.307692308,,,,No
13179010501,,,0.307692308,,,,No
13089021226,,,0.308510638,,,,No
13311950206,,,0.309278351,,,,No
13001950301,05000US13007,"Baker County, Georgia",0.30952381,-0.027903696,No,0.005,No
13051004210,,,0.30952381,,,,No
13129970700,,,0.30952381,,,,No
13135050112,,,0.30952381,,,,No
13137000201,,,0.310344828,,,,No
13279970600,,,0.310344828,,,,No
13021011800,05000US13209,"Montgomery County, Georgia",0.31147541,-0.012309564,No,0.0105,No
13195020502,,,0.311926606,,,,No
13089021822,,,0.3125,,,,No
13089023318,,,0.3125,,,,No
13123080402,,,0.3125,,,,No
13135050225,,,0.3125,,,,No
13179010102,,,0.3125,,,,No
13063040530,,,0.31496063,,,,No
13135050215,,,0.315068493,,,,No
13121008400,,,0.315384615,,,,No
13067031113,,,0.315789474,,,,No
13073030106,,,0.315789474,,,,No
13117130609,,,0.315789474,,,,No
13151070412,,,0.315789474,,,,No
13245010708,,,0.315789474,,,,No
13211010500,,,0.316455696,,,,No
13153020110,,,0.316770186,,,,No
13121010538,,,0.316981132,,,,No
13129970302,,,0.317307692,,,,No
13121010520,,,0.317460317,,,,No
13215010401,,,0.317460317,,,,No
13089022205,,,0.317647059,,,,No
13139001004,,,0.317647059,,,,No
13067030603,,,0.317880795,,,,No
13067030908,,,0.32,,,,No
13069010302,,,0.32,,,,No
13075960100,,,0.32,,,,No
13089023000,,,0.32,,,,No
13013180503,05000US13103,"Effingham County, Georgia",0.320930233,0.02634205,Yes,0.039,No
13139001405,,,0.320930233,,,,No
13127000405,,,0.321428571,,,,No
13297110505,,,0.321428571,,,,No
13261950200,,,0.32173913,,,,No
13139000401,,,0.322033898,,,,No
13245010109,,,0.322033898,,,,No
13277960100,,,0.322033898,,,,No
13289060200,,,0.322222222,,,,No
13067030258,,,0.322580645,,,,No
13091960600,,,0.322580645,,,,No
13121008802,,,0.322580645,,,,No
13171970100,,,0.322580645,,,,No
13223120301,,,0.322916667,,,,No
13163960100,,,0.323076923,,,,No
13121010127,,,0.323529412,,,,No
13313000402,,,0.323529412,,,,No
13135050332,,,0.323943662,,,,No
13067031511,,,0.325581395,,,,No
13291000206,,,0.325581395,,,,No
13089023601,,,0.326086957,,,,No
13071970602,,,0.326530612,,,,No
13089021608,,,0.326732673,,,,No
13089022501,,,0.326923077,,,,No
13067031111,,,0.327272727,,,,No
13151070322,,,0.327433628,,,,No
13089023426,,,0.327586207,,,,No
13059150800,,,0.327868852,,,,No
13153021123,,,0.327868852,,,,No
13095011300,,,0.328358209,,,,No
13129970602,,,0.328467153,,,,No
13057091013,,,0.328571429,,,,No
13085970206,,,0.32885906,,,,No
13121010802,,,0.328947368,,,,No
13181970100,,,0.329268293,,,,No
13275960501,,,0.329411765,,,,No
13121010401,,,0.32967033,,,,No
13121010519,,,0.33,,,,No
13059130602,,,0.330188679,,,,No
13121007806,,,0.331428571,,,,No
13013180108,05000US13079,"Crawford County, Georgia",0.333333333,-0.0050164,No,0.0045,No
13047030305,,,0.333333333,,,,No
13051003400,,,0.333333333,,,,No
13053020205,,,0.333333333,,,,No
13057090912,,,0.333333333,,,,No
13067030242,,,0.333333333,,,,No
13067030319,,,0.333333333,,,,No
13067030405,,,0.333333333,,,,No
13071970901,,,0.333333333,,,,No
13073030312,,,0.333333333,,,,No
13077170304,,,0.333333333,,,,No
13081010202,,,0.333333333,,,,No
13087970600,,,0.333333333,,,,No
13089020200,,,0.333333333,,,,No
13089022302,,,0.333333333,,,,No
13107970402,,,0.333333333,,,,No
13115001704,,,0.333333333,,,,No
13121000502,,,0.333333333,,,,No
13121001400,,,0.333333333,,,,No
13121011630,,,0.333333333,,,,No
13127000103,,,0.333333333,,,,No
13127000302,,,0.333333333,,,,No
13139001404,,,0.333333333,,,,No
13145120200,,,0.333333333,,,,No
13167960100,,,0.333333333,,,,No
13185010301,,,0.333333333,,,,No
13205090100,,,0.333333333,,,,No
13219030500,,,0.333333333,,,,No
13247060305,,,0.333333333,,,,No
13247060409,,,0.333333333,,,,No
13275960800,,,0.333333333,,,,No
13121005000,,,0.335211268,,,,No
13089021410,,,0.335664336,,,,No
13151070127,,,0.336134454,,,,No
13135050521,,,0.336206897,,,,No
13011970200,05000US13063,"Clayton County, Georgia",0.336842105,0.018409548,Yes,0.039,No
13245010801,,,0.338235294,,,,No
13017960200,05000US13163,"Jefferson County, Georgia",0.338983051,-0.001294924,No,0.0095,No
13115001200,,,0.33902439,,,,No
13177020200,,,0.339130435,,,,No
13015960601,05000US13137,"Habersham County, Georgia",0.339805825,0.011005285,Yes,0.012,No
13045911201,,,0.340425532,,,,No
13051002200,,,0.34057971,,,,No
13059140400,,,0.341463415,,,,No
13313001500,,,0.341666667,,,,No
13245001000,,,0.342105263,,,,No
13089023328,,,0.342342342,,,,No
13051010801,,,0.342465753,,,,No
13067030407,,,0.343283582,,,,No
13151070312,,,0.34375,,,,No
13277960301,,,0.34375,,,,No
13057091106,,,0.344827586,,,,No
13113140305,,,0.344827586,,,,No
13159010200,,,0.344827586,,,,No
13229960100,,,0.344827586,,,,No
13031110302,,,0.345454545,,,,No
13113140403,,,0.345454545,,,,No
13027960600,05000US13311,"White County, Georgia",0.346153846,-0.01128497,Yes,0.032,No
13093970200,,,0.346153846,,,,No
13193000400,,,0.346153846,,,,No
13069010701,,,0.347826087,,,,No
13091960301,,,0.347826087,,,,No
13135050575,,,0.347826087,,,,No
13279970201,,,0.348837209,,,,No
13011970300,05000US13065,"Clinch County, Georgia",0.349206349,-0.000249748,No,0.0155,No
13023790301,05000US13287,"Turner County, Georgia",0.35,0.037633284,No,0.0015,No
13135050622,,,0.35,,,,No
13135050735,,,0.35,,,,No
13207050301,,,0.35,,,,No
13305970600,,,0.35,,,,No
13121007711,,,0.350649351,,,,No
13067031122,,,0.351351351,,,,No
13121003100,,,0.351351351,,,,No
13121011432,,,0.351351351,,,,No
13135050590,,,0.351351351,,,,No
13025960300,05000US13299,"Ware County, Georgia",0.352631579,0.004528601,No,0.03,No
13003960200,05000US13017,"Ben Hill County, Georgia",0.352941176,0.001699067,No,0.021,No
13005970201,05000US13023,"Bleckley County, Georgia",0.352941176,-0.005502516,No,0.014,No
13121006900,,,0.353658537,,,,No
13153021300,,,0.353658537,,,,No
13153021120,,,0.353846154,,,,No
13047030402,,,0.354166667,,,,No
13031110800,,,0.35483871,,,,No
13139000305,,,0.35483871,,,,No
13175950202,,,0.35483871,,,,No
13219030300,,,0.355029586,,,,No
13013180106,05000US13075,"Cook County, Georgia",0.355555556,7.8986E-05,Yes,0.0145,No
13247060314,,,0.355555556,,,,No
13089021708,,,0.356,,,,No
13089020300,,,0.357142857,,,,No
13117130102,,,0.357142857,,,,No
13121011424,,,0.357142857,,,,No
13121011644,,,0.357142857,,,,No
13151070122,,,0.357142857,,,,No
13223120207,,,0.357142857,,,,No
13063040626,,,0.357446809,,,,No
13179010206,,,0.357664234,,,,No
13067030356,,,0.357723577,,,,No
13179010202,,,0.357798165,,,,No
13059001800,,,0.358208955,,,,No
13063040509,,,0.358208955,,,,No
13121010137,,,0.358490566,,,,No
13063040637,,,0.358974359,,,,No
13083040200,,,0.358974359,,,,No
13157010106,,,0.358974359,,,,No
13067030349,,,0.359756098,,,,No
13077170408,,,0.36,,,,No
13097080204,,,0.36,,,,No
13297110504,,,0.36,,,,No
13097080203,,,0.36036036,,,,No
13179010103,,,0.360730594,,,,No
13121011628,,,0.361111111,,,,No
13139001204,,,0.361702128,,,,No
13077170606,,,0.362068966,,,,No
13267950402,,,0.362068966,,,,No
13051004300,,,0.3625,,,,No
13059140300,,,0.3625,,,,No
13091960500,,,0.3625,,,,No
13049010101,,,0.363636364,,,,No
13135050719,,,0.363636364,,,,No
13135050747,,,0.363636364,,,,No
13179010205,,,0.363636364,,,,No
13297110503,,,0.363636364,,,,No
13073030505,,,0.364583333,,,,No
13245010105,,,0.364705882,,,,No
13291000204,,,0.365384615,,,,No
13135050306,,,0.365853659,,,,No
13295020601,,,0.365853659,,,,No
13059002000,,,0.366197183,,,,No
13121010121,,,0.366666667,,,,No
13151070503,,,0.366666667,,,,No
13237960104,,,0.366666667,,,,No
13121003600,,,0.366795367,,,,No
13021012600,05000US13225,"Peach County, Georgia",0.366972477,0.010475033,Yes,0.012,No
13031110703,,,0.368421053,,,,No
13067031514,,,0.368421053,,,,No
13189950401,,,0.368421053,,,,No
13175950600,,,0.369230769,,,,No
13205090501,,,0.37,,,,No
13089021502,,,0.37037037,,,,No
13245010709,,,0.37037037,,,,No
13275960502,,,0.37037037,,,,No
13249960100,,,0.370833333,,,,No
13057090708,,,0.371134021,,,,No
13045910704,,,0.371428571,,,,No
13057090603,,,0.371428571,,,,No
13121001600,,,0.371428571,,,,No
13121010213,,,0.371428571,,,,No
13175951400,,,0.371428571,,,,No
13129970500,,,0.372222222,,,,No
13107970300,,,0.372727273,,,,No
13135050218,,,0.373333333,,,,No
13305970202,,,0.374045802,,,,No
13021013409,05000US13247,"Rockdale County, Georgia",0.375,0.014727274,Yes,0.0395,No
13023790100,05000US13283,"Treutlen County, Georgia",0.375,-0.018022888,No,0.0065,No
13039010202,,,0.375,,,,No
13067030110,,,0.375,,,,No
13089023220,,,0.375,,,,No
13089023311,,,0.375,,,,No
13125010100,,,0.375,,,,No
13185010102,,,0.375,,,,No
13247060306,,,0.375,,,,No
13029920303,05000US13321,"Worth County, Georgia",0.376712329,0.002809726,No,0.006,No
13217100302,,,0.376811594,,,,No
13089023313,,,0.37704918,,,,No
13089023433,,,0.37804878,,,,No
13063040627,,,0.378378378,,,,No
13069010500,,,0.378378378,,,,No
13077170405,,,0.378378378,,,,No
13255161202,,,0.378787879,,,,No
13069010401,,,0.379310345,,,,No
13127000407,,,0.379310345,,,,No
13105000502,,,0.37962963,,,,No
13039010602,,,0.379746835,,,,No
13121010220,,,0.38028169,,,,No
13269950200,,,0.380645161,,,,No
13045911202,,,0.380952381,,,,No
13121000202,,,0.380952381,,,,No
13187960203,,,0.380952381,,,,No
13271950500,,,0.380952381,,,,No
13051010820,,,0.381818182,,,,No
13135050113,,,0.381818182,,,,No
13067031005,,,0.382352941,,,,No
13089021421,,,0.382352941,,,,No
13245010707,,,0.382352941,,,,No
13067030505,,,0.382608696,,,,No
13067031412,,,0.382608696,,,,No
13071970500,,,0.382608696,,,,No
13027960500,05000US13309,"Wheeler County, Georgia",0.382978723,-0.015652382,Yes,0.0245,No
13001950400,05000US13011,"Banks County, Georgia",0.384615385,-0.007810542,No,0.0625,No
13153021401,,,0.385542169,,,,No
13121010530,,,0.385964912,,,,No
13297110702,,,0.387096774,,,,No
13215011200,,,0.3875,,,,No
13285961000,,,0.3875,,,,No
13121009601,,,0.387755102,,,,No
13131950401,,,0.387755102,,,,No
13097080606,,,0.388489209,,,,No
13063040538,,,0.388888889,,,,No
13089022700,,,0.388888889,,,,No
13099090100,,,0.388888889,,,,No
13143010301,,,0.388888889,,,,No
13153020112,,,0.388888889,,,,No
13251970500,,,0.388888889,,,,No
13295020102,,,0.388888889,,,,No
13015960602,05000US13139,"Hall County, Georgia",0.389473684,0.009690708,Yes,0.034,No
13033950900,,,0.389473684,,,,No
13121011202,,,0.389705882,,,,No
13113140204,,,0.389830508,,,,No
13063040409,,,0.39,,,,No
13063040416,,,0.390243902,,,,No
13087970200,,,0.390243902,,,,No
13121011431,,,0.390243902,,,,No
13257970102,,,0.390243902,,,,No
13021011900,05000US13211,"Morgan County, Georgia",0.390625,0.026083482,Yes,0.0385,No
13223120109,,,0.390625,,,,No
13185010203,,,0.391061453,,,,No
13115000800,,,0.391304348,,,,No
13167960201,,,0.391304348,,,,No
13185011600,,,0.391891892,,,,No
13103030204,,,0.392156863,,,,No
13067031214,,,0.392405063,,,,No
13121010221,,,0.392857143,,,,No
13215010303,,,0.392857143,,,,No
13223120203,,,0.392857143,,,,No
13293010202,,,0.392857143,,,,No
13175950300,,,0.393333333,,,,No
13121011659,,,0.393939394,,,,No
13143010401,,,0.393939394,,,,No
13031110301,,,0.394736842,,,,No
13213010401,,,0.394736842,,,,No
13217100802,,,0.394736842,,,,No
13217100904,,,0.394736842,,,,No
13135050733,,,0.395,,,,No
13009970400,05000US13045,"Carroll County, Georgia",0.39516129,0.006813573,Yes,0.039,No
13217100202,,,0.395833333,,,,No
13313000802,,,0.395833333,,,,No
13135050633,,,0.396039604,,,,No
13215001000,,,0.396226415,,,,No
13051004209,,,0.397260274,,,,No
13121010125,,,0.397260274,,,,No
13089023221,,,0.397435897,,,,No
13021012102,05000US13217,"Newton County, Georgia",0.397590361,0.014698156,Yes,0.039,No
13067030104,,,0.397959184,,,,No
13135050223,,,0.398373984,,,,No
13089021306,,,0.398666667,,,,No
13009970102,05000US13033,"Burke County, Georgia",0.4,0.024830881,Yes,0.008,No
13021013701,05000US13273,"Terrell County, Georgia",0.4,0.009498945,No,0.0065,No
13051010603,,,0.4,,,,No
13051010811,,,0.4,,,,No
13057090102,,,0.4,,,,No
13073030306,,,0.4,,,,No
13077170406,,,0.4,,,,No
13089021816,,,0.4,,,,No
13089022016,,,0.4,,,,No
13089022206,,,0.4,,,,No
13101880100,,,0.4,,,,No
13121001204,,,0.4,,,,No
13121011649,,,0.4,,,,No
13139000206,,,0.4,,,,No
13139000306,,,0.4,,,,No
13151070307,,,0.4,,,,No
13153021205,,,0.4,,,,No
13215010205,,,0.4,,,,No
13215010705,,,0.4,,,,No
13241970304,,,0.4,,,,No
13245001300,,,0.4,,,,No
13313000304,,,0.4,,,,No
13121000501,,,0.402173913,,,,No
13013180204,05000US13083,"Dade County, Georgia",0.402439024,0.001773331,No,0.022,No
13025960202,05000US13297,"Walton County, Georgia",0.402777778,0.01930991,Yes,0.039,No
13135050219,,,0.403225806,,,,No
13215010501,,,0.403225806,,,,No
13297110602,,,0.403846154,,,,No
13135050541,,,0.403921569,,,,No
13135050105,,,0.404040404,,,,No
13151070506,,,0.404761905,,,,No
13059001900,,,0.405405405,,,,No
13113140410,,,0.405940594,,,,No
13121009605,,,0.405940594,,,,No
13135050520,,,0.405940594,,,,No
13045910600,,,0.406015038,,,,No
13089023435,,,0.406015038,,,,No
13009970302,05000US13043,"Candler County, Georgia",0.40625,0.001785584,No,0.0395,No
13089021405,,,0.40625,,,,No
13095011200,,,0.40625,,,,No
13291000201,,,0.40625,,,,No
13051011114,,,0.407407407,,,,No
13127000503,,,0.407692308,,,,No
13135050324,,,0.407894737,,,,No
13051010814,,,0.408163265,,,,No
13005970100,05000US13021,"Bibb County, Georgia",0.409090909,0.007018577,Yes,0.0045,No
13089023437,,,0.409090909,,,,No
13115001400,,,0.409090909,,,,No
13121010508,,,0.409090909,,,,No
13237960204,,,0.409090909,,,,No
13117130410,,,0.409448819,,,,No
13095000102,,,0.409638554,,,,No
13157010104,,,0.409756098,,,,No
13121011100,,,0.409836066,,,,No
13021013102,05000US13235,"Pulaski County, Georgia",0.41,-0.03853807,No,0.0125,No
13067031314,,,0.41025641,,,,No
13103030309,,,0.41025641,,,,No
13245010203,,,0.410447761,,,,No
13047030702,,,0.410891089,,,,No
13021013407,05000US13243,"Randolph County, Georgia",0.411764706,-0.028056658,No,-0.0085,No
13067030255,,,0.411764706,,,,No
13121002900,,,0.411764706,,,,No
13157010703,,,0.411764706,,,,No
13067030800,,,0.412698413,,,,No
13029920308,,,0.413043478,,,,No
13063040631,,,0.413043478,,,,No
13011970400,05000US13067,"Cobb County, Georgia",0.413793103,0.007743845,Yes,0.0395,No
13039010407,,,0.413793103,,,,No
13067031513,,,0.413793103,,,,No
13135050233,,,0.413793103,,,,No
13215010502,,,0.414285714,,,,No
13071970601,,,0.414634146,,,,No
13051002100,,,0.41509434,,,,No
13139000902,,,0.415254237,,,,No
13135050732,,,0.415384615,,,,No
13281960100,,,0.415384615,,,,No
13047030600,,,0.415584416,,,,No
13021013502,05000US13255,"Spalding County, Georgia",0.415789474,0.010212165,Yes,0.039,No
13153020108,,,0.415929204,,,,No
13047030304,,,0.416666667,,,,No
13063040625,,,0.416666667,,,,No
13197920100,,,0.416666667,,,,No
13285960102,,,0.417721519,,,,No
13153020800,,,0.418181818,,,,No
13285960101,,,0.418181818,,,,No
13045910103,,,0.418604651,,,,No
13067030112,,,0.418604651,,,,No
13067031215,,,0.418604651,,,,No
13021013413,05000US13253,"Seminole County, Georgia",0.419354839,0.027390524,Yes,0.005,No
13135050552,,,0.419354839,,,,No
13009970202,05000US13037,"Calhoun County, Georgia",0.422222222,-0.040105368,No,-0.002,No
13277960200,,,0.422222222,,,,No
13247060317,,,0.422535211,,,,No
13267950300,,,0.422727273,,,,No
13149970200,,,0.422857143,,,,No
13045911102,,,0.423076923,,,,No
13121010312,,,0.423076923,,,,No
13067030408,,,0.424242424,,,,No
13115000100,,,0.424242424,,,,No
13067031101,,,0.424528302,,,,No
13073030202,,,0.425,,,,No
13255161100,,,0.425396825,,,,No
13121000700,,,0.425531915,,,,No
13015960501,05000US13133,"Greene County, Georgia",0.426356589,0.028365988,Yes,0.022,No
13135050729,,,0.426470588,,,,No
13067030247,,,0.426751592,,,,No
13275960400,,,0.427672956,,,,No
13057090808,,,0.428571429,,,,No
13067031315,,,0.428571429,,,,No
13089023209,,,0.428571429,,,,No
13093970300,,,0.428571429,,,,No
13115001705,,,0.428571429,,,,No
13117130306,,,0.428571429,,,,No
13131950300,,,0.428571429,,,,No
13223120403,,,0.428571429,,,,No
13231010101,,,0.428571429,,,,No
13279970301,,,0.428571429,,,,No
13287970202,,,0.428571429,,,,No
13295020301,,,0.428571429,,,,No
13297110701,,,0.428571429,,,,No
13057091001,,,0.429577465,,,,No
13153021116,,,0.430232558,,,,No
13247060315,,,0.430379747,,,,No
13085970102,,,0.430769231,,,,No
13163960300,,,0.430894309,,,,No
13015960902,05000US13155,"Irwin County, Georgia",0.431034483,0.012367924,No,0.0145,No
13195020100,,,0.431578947,,,,No
13067031114,,,0.433691756,,,,No
13067030278,,,0.434210526,,,,No
13067030346,,,0.434782609,,,,No
13115000401,,,0.434782609,,,,No
13121001702,,,0.434782609,,,,No
13057090605,,,0.435185185,,,,No
13047030100,,,0.435294118,,,,No
13245000100,,,0.435294118,,,,No
13129970400,,,0.435897436,,,,No
13107970601,,,0.436363636,,,,No
13057090604,,,0.436619718,,,,No
13051003000,,,0.4375,,,,No
13185010700,,,0.4375,,,,No
13067031116,,,0.438095238,,,,No
13185011401,,,0.438202247,,,,No
13089023425,,,0.438596491,,,,No
13097080506,,,0.438596491,,,,No
13115001800,,,0.43902439,,,,No
13247060204,,,0.43902439,,,,No
13039010303,,,0.439393939,,,,No
13135050226,,,0.439393939,,,,No
13103030301,,,0.44,,,,No
13135050715,,,0.44,,,,No
13215010607,,,0.440384615,,,,No
13179010208,,,0.44047619,,,,No
13233010500,,,0.440559441,,,,No
13123080200,,,0.440677966,,,,No
13053020203,,,0.441176471,,,,No
13063040629,,,0.443037975,,,,No
13067030368,,,0.444444444,,,,No
13121011654,,,0.444444444,,,,No
13151070319,,,0.444444444,,,,No
13277960900,,,0.444444444,,,,No
13067030507,,,0.445454545,,,,No
13319960400,,,0.445454545,,,,No
13067031306,,,0.445945946,,,,No
13089023702,,,0.445945946,,,,No
13143010402,,,0.446153846,,,,No
13221960203,,,0.446153846,,,,No
13089023214,,,0.446927374,,,,No
13215010701,,,0.447058824,,,,No
13281960301,,,0.447368421,,,,No
13299950200,,,0.447368421,,,,No
13223120208,,,0.4475,,,,No
13121011646,,,0.449438202,,,,No
13021013608,05000US13271,"Telfair County, Georgia",0.803921569,-0.068303013,No,-0.0065,No
13021013411,05000US13249,"Schley County, Georgia",0.779816514,-0.037646879,No,0.005,No
13021013603,05000US13263,"Talbot County, Georgia",0.64516129,-0.028764217,No,0.0245,No
13021013605,05000US13267,"Tattnall County, Georgia",0.47826087,-0.028118455,No,-0.01,No
13013180502,05000US13101,"Echols County, Georgia",0.675675676,-0.025565701,No,0.003,No
13009970502,05000US13049,"Charlton County, Georgia",1,-0.014497134,No,0.0225,No
13021013607,05000US13269,"Taylor County, Georgia",0.777777778,-0.013756584,No,-0.013,No
13015960404,05000US13125,"Glascock County, Georgia",0.588785047,-0.011823495,No,0.006,No
13021011701,05000US13205,"Mitchell County, Georgia",0.481481481,-0.007364578,No,0.009,No
13019970500,05000US13181,"Lincoln County, Georgia",0.611111111,-0.004682034,No,0.0085,No
13029920101,05000US13313,"Whitfield County, Georgia",0.565217391,-0.00247099,Yes,0.017,No
13013180103,05000US13069,"Coffee County, Georgia",0.694117647,0.000674933,Yes,0.0065,No
13021013412,05000US13251,"Screven County, Georgia",0.5,0.000906518,No,0.017,No
13009970702,05000US13055,"Chattooga County, Georgia",0.483636364,0.001087651,No,-0.0065,No
13021013408,05000US13245,"Richmond County, Georgia",0.68627451,0.007107445,Yes,0.008,No
13015960801,05000US13145,"Harris County, Georgia",0.843137255,0.007230846,Yes,0.007,No
13009970802,05000US13059,"Clarke County, Georgia",0.948051948,0.009524488,Yes,0.014,No
13021011702,05000US13207,"Monroe County, Georgia",0.532467532,0.009963225,Yes,0.006,No
13021013503,05000US13257,"Stephens County, Georgia",0.46875,0.012429737,Yes,0.0235,No
13021010200,05000US13187,"Lumpkin County, Georgia",0.477876106,0.01275718,Yes,0.071,No
13021012101,05000US13215,"Muscogee County, Georgia",0.47826087,0.013138423,Yes,0.0065,No
13015960407,05000US13131,"Grady County, Georgia",0.461538462,0.015546243,Yes,0.0205,No
13015960502,05000US13135,"Gwinnett County, Georgia",0.6,0.016799167,Yes,0.0395,No
13015960201,05000US13113,"Fayette County, Georgia",0.473684211,0.019055621,Yes,0.0395,No
13021012500,05000US13223,"Paulding County, Georgia",0.661654135,0.020678608,Yes,0.039,No
13021012200,05000US13219,"Oconee County, Georgia",0.454545455,0.034734495,Yes,0.015,No
13097080509,,,0.45,,,,No
13121009202,,,0.45,,,,No
13223120606,,,0.45,,,,No
13051010818,,,0.450980392,,,,No
13051004208,,,0.451219512,,,,No
13067030912,,,0.451219512,,,,No
13103030401,,,0.451612903,,,,No
13151070406,,,0.451612903,,,,No
13067030345,,,0.452229299,,,,No
13217100203,,,0.452380952,,,,No
13135050333,,,0.452631579,,,,No
13117130505,,,0.453125,,,,No
13117130503,,,0.453333333,,,,No
13127000504,,,0.453333333,,,,No
13095000600,,,0.453703704,,,,No
13057090506,,,0.454545455,,,,No
13089023701,,,0.454545455,,,,No
13121010215,,,0.454545455,,,,No
13121010537,,,0.454545455,,,,No
13241970302,,,0.454545455,,,,No
13063040529,,,0.456140351,,,,No
13215010108,,,0.456692913,,,,No
13089021217,,,0.457142857,,,,No
13089021308,,,0.457142857,,,,No
13121008903,,,0.457627119,,,,No
13067030344,,,0.457711443,,,,No
13121001902,,,0.458333333,,,,No
13135050318,,,0.458646617,,,,No
13257970101,,,0.458823529,,,,No
13063040535,,,0.459016393,,,,No
13089021824,,,0.459016393,,,,No
13313000501,,,0.459016393,,,,No
13059130701,,,0.459459459,,,,No
13121011636,,,0.459459459,,,,No
13089020600,,,0.46,,,,No
13121011421,,,0.460431655,,,,No
13135050430,,,0.460674157,,,,No
13067031506,,,0.461538462,,,,No
13117130607,,,0.461538462,,,,No
13135050612,,,0.461538462,,,,No
13135050741,,,0.461538462,,,,No
13207050101,,,0.461538462,,,,No
13213010204,,,0.461538462,,,,No
13215010802,,,0.461538462,,,,No
13247060406,,,0.461538462,,,,No
13299950100,,,0.461538462,,,,No
13319960200,,,0.461538462,,,,No
13185010604,,,0.461956522,,,,No
13089023323,,,0.462962963,,,,No
13051011006,,,0.464285714,,,,No
13151070315,,,0.464285714,,,,No
13153021115,,,0.464285714,,,,No
13121009104,,,0.465517241,,,,No
13233010700,,,0.465648855,,,,No
13135050536,,,0.465909091,,,,No
13067031323,,,0.466666667,,,,No
13121010120,,,0.466666667,,,,No
13135050530,,,0.466666667,,,,No
13297110601,,,0.466666667,,,,No
13135050315,,,0.467128028,,,,No
13059130300,,,0.468085106,,,,No
13089023802,,,0.468085106,,,,No
13089023315,,,0.46875,,,,No
13067030910,,,0.47,,,,No
13287970300,,,0.47,,,,No
13089021703,,,0.470588235,,,,No
13095000900,,,0.470588235,,,,No
13241970103,,,0.470588235,,,,No
13245001603,,,0.470588235,,,,No
13215010208,,,0.471153846,,,,No
13039010100,,,0.472222222,,,,No
13051010819,,,0.472222222,,,,No
13139000601,,,0.472527473,,,,No
13135050327,,,0.473684211,,,,No
13145120302,,,0.473684211,,,,No
13245010107,,,0.473684211,,,,No
13069010402,,,0.475,,,,No
13151070119,,,0.475138122,,,,No
13121011643,,,0.475609756,,,,No
13233010300,,,0.476190476,,,,No
13121010124,,,0.476635514,,,,No
13157010706,,,0.476923077,,,,No
13113140309,,,0.47706422,,,,No
13045911001,,,0.477272727,,,,No
13121011902,,,0.477272727,,,,No
13089022800,,,0.47826087,,,,No
13227050400,,,0.47826087,,,,No
13135050433,,,0.479452055,,,,No
13139000901,,,0.48,,,,No
13223120206,,,0.480769231,,,,No
13051011200,,,0.481081081,,,,No
13067031316,,,0.481481481,,,,No
13121011652,,,0.481481481,,,,No
13135050444,,,0.481481481,,,,No
13313001000,,,0.481481481,,,,No
13135050228,,,0.481818182,,,,No
13067031411,,,0.482142857,,,,No
13121011204,,,0.482142857,,,,No
13031110202,,,0.482352941,,,,No
13151070410,,,0.48245614,,,,No
13135050446,,,0.482517483,,,,No
13121011419,,,0.482758621,,,,No
13195020200,,,0.482758621,,,,No
13063040537,,,0.483333333,,,,No
13215010304,,,0.483870968,,,,No
13095001100,,,0.485294118,,,,No
13151070317,,,0.485714286,,,,No
13031110201,,,0.486486486,,,,No
13135050734,,,0.486486486,,,,No
13121010117,,,0.486666667,,,,No
13121005300,,,0.487179487,,,,No
13121011658,,,0.487179487,,,,No
13057091105,,,0.487804878,,,,No
13117130606,,,0.487804878,,,,No
13151070318,,,0.487804878,,,,No
13089021818,,,0.488372093,,,,No
13089023322,,,0.488372093,,,,No
13089021606,,,0.489130435,,,,No
13177020403,,,0.489795918,,,,No
13245010711,,,0.490196078,,,,No
13171970201,,,0.490566038,,,,No
13089021307,,,0.490909091,,,,No
13121010529,,,0.490909091,,,,No
13057091009,,,0.491525424,,,,No
13113140207,,,0.492957746,,,,No
13245010706,,,0.493506494,,,,No
13247060203,,,0.49382716,,,,No
13087970100,,,0.494117647,,,,No
13213010201,,,0.494382022,,,,No
13063040527,,,0.5,,,,No
13067030322,,,0.5,,,,No
13067030329,,,0.5,,,,No
13067030334,,,0.5,,,,No
13067030348,,,0.5,,,,No
13067030359,,,0.5,,,,No
13073030507,,,0.5,,,,No
13073030508,,,0.5,,,,No
13073030603,,,0.5,,,,No
13089022502,,,0.5,,,,No
13113140308,,,0.5,,,,No
13119890104,,,0.5,,,,No
13121001101,,,0.5,,,,No
13121010128,,,0.5,,,,No
13121010204,,,0.5,,,,No
13129970801,,,0.5,,,,No
13135050457,,,0.5,,,,No
13135050565,,,0.5,,,,No
13139000402,,,0.5,,,,No
13153021002,,,0.5,,,,No
13167960202,,,0.5,,,,No
13185010302,,,0.5,,,,No
13215010301,,,0.5,,,,No
13233010201,,,0.5,,,,No
13241970303,,,0.5,,,,No
13245010713,,,0.5,,,,No
13295020400,,,0.5,,,,No
13295020602,,,0.5,,,,No
13313000700,,,0.5,,,,No
13185011200,,,0.503448276,,,,No
13179010207,,,0.503759398,,,,No
13063040533,,,0.503816794,,,,No
13059150701,,,0.504716981,,,,No
13183970201,,,0.505882353,,,,No
13215000800,,,0.505882353,,,,No
13067031207,,,0.506024096,,,,No
13089021812,,,0.506382979,,,,No
13089021208,,,0.506666667,,,,No
13095010602,,,0.506666667,,,,No
13279970202,,,0.506666667,,,,No
13059001200,,,0.506756757,,,,No
13121006702,,,0.507042254,,,,No
13215010204,,,0.507246377,,,,No
13031110100,,,0.507692308,,,,No
13215001200,,,0.507692308,,,,No
13089022001,,,0.507936508,,,,No
13117130613,,,0.507936508,,,,No
13241970202,,,0.508196721,,,,No
13059150300,,,0.508474576,,,,No
13065970200,,,0.508474576,,,,No
13081010300,,,0.50877193,,,,No
13121010132,,,0.50877193,,,,No
13073030201,,,0.509433962,,,,No
13073030105,,,0.509677419,,,,No
13313000101,,,0.510638298,,,,No
13031110701,,,0.511111111,,,,No
13299950500,,,0.511278195,,,,No
13251970600,,,0.512,,,,No
13073030203,,,0.512195122,,,,No
13121010131,,,0.512195122,,,,No
13315960200,,,0.512820513,,,,No
13135050205,,,0.513157895,,,,No
13057090201,,,0.513513514,,,,No
13139001502,,,0.514285714,,,,No
13153020600,,,0.514285714,,,,No
13089021506,,,0.515151515,,,,No
13097080403,,,0.515789474,,,,No
13097080407,,,0.516129032,,,,No
13195020400,,,0.517241379,,,,No
13211010100,,,0.517241379,,,,No
13177020404,,,0.517857143,,,,No
13215010702,,,0.517857143,,,,No
13245010514,,,0.518867925,,,,No
13135050574,,,0.519553073,,,,No
13045910900,,,0.52,,,,No
13117130412,,,0.52,,,,No
13097080508,,,0.520930233,,,,No
13057090202,,,0.521052632,,,,No
13051004001,,,0.521367521,,,,No
13089020902,,,0.52173913,,,,No
13089021609,,,0.52173913,,,,No
13185010101,,,0.522222222,,,,No
13179010302,,,0.523489933,,,,No
13139001603,,,0.523809524,,,,No
13095001000,,,0.524390244,,,,No
13137000601,,,0.525,,,,No
13121006500,,,0.525252525,,,,No
13139000602,,,0.525423729,,,,No
13089023107,,,0.525641026,,,,No
13035150101,,,0.526315789,,,,No
13121009410,,,0.526315789,,,,No
13135050752,,,0.526315789,,,,No
13213010300,,,0.526315789,,,,No
13031110500,,,0.526666667,,,,No
13245001602,,,0.528888889,,,,No
13135050613,,,0.529411765,,,,No
13245010802,,,0.529411765,,,,No
13051010200,,,0.53030303,,,,No
13121011301,,,0.531914894,,,,No
13237960103,,,0.531914894,,,,No
13285960501,,,0.531914894,,,,No
13215000400,,,0.533333333,,,,No
13077170309,,,0.534090909,,,,No
13063040534,,,0.534482759,,,,No
13067030263,,,0.535714286,,,,No
13135050549,,,0.535714286,,,,No
13121002801,,,0.536231884,,,,No
13121010006,,,0.537735849,,,,No
13063040421,,,0.538461538,,,,No
13063040623,,,0.538461538,,,,No
13121011426,,,0.538461538,,,,No
13135050619,,,0.538461538,,,,No
13157010701,,,0.538461538,,,,No
13051004211,,,0.54,,,,No
13255161000,,,0.54,,,,No
13057091101,,,0.540540541,,,,No
13089023803,,,0.542222222,,,,No
13089021411,,,0.542857143,,,,No
13121011437,,,0.542857143,,,,No
13095010702,,,0.543478261,,,,No
13245010104,,,0.543478261,,,,No
13303950400,,,0.543859649,,,,No
13135050539,,,0.544217687,,,,No
13031110702,,,0.545454545,,,,No
13059130702,,,0.545454545,,,,No
13209950100,,,0.545454545,,,,No
13285960504,,,0.545454545,,,,No
13117130409,,,0.545722714,,,,No
13141480300,,,0.546875,,,,No
13089023506,,,0.547008547,,,,No
13275960300,,,0.547058824,,,,No
13051004207,,,0.547169811,,,,No
13089023424,,,0.547619048,,,,No
13121010305,,,0.547619048,,,,No
13067030906,,,0.548387097,,,,No
13143010303,,,0.548387097,,,,No
13121011309,,,0.548672566,,,,No
13067030275,,,0.55,,,,No
13121010604,,,0.550295858,,,,No
13057091014,,,0.550387597,,,,No
13143010100,,,0.551020408,,,,No
13067030355,,,0.552238806,,,,No
13097080201,,,0.552469136,,,,No
13245010206,,,0.553191489,,,,No
13147960402,,,0.553846154,,,,No
13063040614,,,0.555555556,,,,No
13067030257,,,0.555555556,,,,No
13121011655,,,0.555555556,,,,No
13127000101,,,0.555555556,,,,No
13139000204,,,0.555555556,,,,No
13179010503,,,0.555555556,,,,No
13223120605,,,0.555555556,,,,No
13131950502,,,0.557377049,,,,No
13089022304,,,0.557894737,,,,No
13135050627,,,0.558823529,,,,No
13225040101,,,0.558823529,,,,No
13293010201,,,0.558823529,,,,No
13135050236,,,0.559322034,,,,No
13121011640,,,0.56,,,,No
13147960503,,,0.56,,,,No
13121001502,,,0.560606061,,,,No
13077170310,,,0.56097561,,,,No
13121011647,,,0.56122449,,,,No
13051011112,,,0.5625,,,,No
13151070313,,,0.5625,,,,No
13187960106,,,0.5625,,,,No
13219030201,,,0.5625,,,,No
13215010608,,,0.563636364,,,,No
13089021416,,,0.564102564,,,,No
13321950100,,,0.564102564,,,,No
13051010816,,,0.565217391,,,,No
13089023101,,,0.565217391,,,,No
13089023319,,,0.565217391,,,,No
13121008801,,,0.565217391,,,,No
13089023440,,,0.565891473,,,,No
13139001304,,,0.566037736,,,,No
13139001303,,,0.566666667,,,,No
13157010601,,,0.566666667,,,,No
13097080605,,,0.567567568,,,,No
13297110102,,,0.567567568,,,,No
13063040633,,,0.568965517,,,,No
13067030506,,,0.5703125,,,,No
13077170407,,,0.571428571,,,,No
13121011639,,,0.571428571,,,,No
13135050443,,,0.571428571,,,,No
13215010109,,,0.571428571,,,,No
13285960903,,,0.571428571,,,,No
13135050231,,,0.572727273,,,,No
13215002100,,,0.573529412,,,,No
13223120507,,,0.574074074,,,,No
13175950700,,,0.574193548,,,,No
13321950202,,,0.574468085,,,,No
13305970500,,,0.575,,,,No
13097080105,,,0.575757576,,,,No
13293010300,,,0.575757576,,,,No
13217100204,,,0.576470588,,,,No
13057090301,,,0.576923077,,,,No
13121010518,,,0.576923077,,,,No
13135050579,,,0.576923077,,,,No
13121010526,,,0.577777778,,,,No
13051011111,,,0.579831933,,,,No
13217100301,,,0.579831933,,,,No
13073030103,,,0.58,,,,No
13135050567,,,0.58,,,,No
13073030403,,,0.581081081,,,,No
13059130500,,,0.581395349,,,,No
13067031110,,,0.581395349,,,,No
13117130601,,,0.583333333,,,,No
13089021103,,,0.58490566,,,,No
13285960503,,,0.58490566,,,,No
13089021412,,,0.588235294,,,,No
13121007707,,,0.588235294,,,,No
13157010602,,,0.588235294,,,,No
13221960204,,,0.588235294,,,,No
13059150900,,,0.590909091,,,,No
13313001100,,,0.590909091,,,,No
13139001607,,,0.591836735,,,,No
13245010710,,,0.592,,,,No
13139001606,,,0.592592593,,,,No
13291000101,,,0.592592593,,,,No
13089021503,,,0.594827586,,,,No
13051002600,,,0.595744681,,,,No
13275960900,,,0.596153846,,,,No
13057091108,,,0.6,,,,No
13121005200,,,0.6,,,,No
13121010136,,,0.6,,,,No
13121010222,,,0.6,,,,No
13135050239,,,0.6,,,,No
13135050459,,,0.6,,,,No
13241970101,,,0.6,,,,No
13275960702,,,0.6,,,,No
13067030604,,,0.604651163,,,,No
13105000100,,,0.604651163,,,,No
13121011650,,,0.605263158,,,,No
13115000403,,,0.607142857,,,,No
13297110509,,,0.607843137,,,,No
13057090910,,,0.609756098,,,,No
13095000502,,,0.609756098,,,,No
13153020900,,,0.610169492,,,,No
13121001001,,,0.611111111,,,,No
13211010400,,,0.612244898,,,,No
13031110604,,,0.612403101,,,,No
13089023422,,,0.612903226,,,,No
13139000303,,,0.612903226,,,,No
13039010405,,,0.613636364,,,,No
13121010217,,,0.615384615,,,,No
13151070208,,,0.615384615,,,,No
13087970800,,,0.617647059,,,,No
13089021709,,,0.617647059,,,,No
13089023444,,,0.617647059,,,,No
13089021227,,,0.618556701,,,,No
13067030274,,,0.619047619,,,,No
13097080512,,,0.619047619,,,,No
13067031219,,,0.620689655,,,,No
13135050754,,,0.621621622,,,,No
13089021711,,,0.622222222,,,,No
13121009802,,,0.622222222,,,,No
13089020700,,,0.622727273,,,,No
13121010135,,,0.623529412,,,,No
13051010810,,,0.625,,,,No
13051010813,,,0.625,,,,No
13067031221,,,0.625,,,,No
13089020100,,,0.625,,,,No
13121011445,,,0.625,,,,No
13215011100,,,0.625,,,,No
13261950400,,,0.626315789,,,,No
13067030602,,,0.626373626,,,,No
13153020113,,,0.626506024,,,,No
13117130205,,,0.626666667,,,,No
13151070126,,,0.626666667,,,,No
13121010539,,,0.627906977,,,,No
13121011435,,,0.628571429,,,,No
13051011008,,,0.62962963,,,,No
13139000203,,,0.62962963,,,,No
13285960300,,,0.63030303,,,,No
13233010600,,,0.630434783,,,,No
13089021415,,,0.631578947,,,,No
13313000200,,,0.633333333,,,,No
13075960302,,,0.635135135,,,,No
13121010528,,,0.63592233,,,,No
13067031217,,,0.636363636,,,,No
13073030308,,,0.636363636,,,,No
13077170702,,,0.636363636,,,,No
13215010206,,,0.636363636,,,,No
13275960601,,,0.641025641,,,,No
13207050102,,,0.641975309,,,,No
13029920307,,,0.642857143,,,,No
13077170101,,,0.642857143,,,,No
13313000303,,,0.642857143,,,,No
13121010533,,,0.644230769,,,,No
13089023219,,,0.64516129,,,,No
13135050439,,,0.645454545,,,,No
13063040609,,,0.646017699,,,,No
13121009409,,,0.646153846,,,,No
13059002200,,,0.647058824,,,,No
13311950207,,,0.648648649,,,,No
13113140404,,,0.649350649,,,,No
13121010129,,,0.65,,,,No
13067030240,,,0.651162791,,,,No
13121009900,,,0.652173913,,,,No
13059000402,,,0.652459016,,,,No
13247060407,,,0.653333333,,,,No
13135050415,,,0.653846154,,,,No
13089021505,,,0.655913978,,,,No
13089022010,,,0.65625,,,,No
13113140206,,,0.657142857,,,,No
13121011632,,,0.657142857,,,,No
13103030303,,,0.661016949,,,,No
13217100902,,,0.661290323,,,,No
13029920305,,,0.666666667,,,,No
13051004100,,,0.666666667,,,,No
13067030332,,,0.666666667,,,,No
13067030358,,,0.666666667,,,,No
13073030108,,,0.666666667,,,,No
13109970200,,,0.666666667,,,,No
13117130101,,,0.666666667,,,,No
13117130611,,,0.666666667,,,,No
13121010003,,,0.666666667,,,,No
13121010402,,,0.666666667,,,,No
13135050121,,,0.666666667,,,,No
13135050749,,,0.666666667,,,,No
13139001406,,,0.666666667,,,,No
13139001610,,,0.666666667,,,,No
13187960105,,,0.666666667,,,,No
13185011404,,,0.669387755,,,,No
13135050554,,,0.67032967,,,,No
13135050335,,,0.671641791,,,,No
13121009604,,,0.672131148,,,,No
13095000700,,,0.674418605,,,,No
13121010115,,,0.678571429,,,,No
13293010401,,,0.678571429,,,,No
13223120306,,,0.680555556,,,,No
13035150300,,,0.680851064,,,,No
13121007710,,,0.6812749,,,,No
13139000704,,,0.681818182,,,,No
13121008908,,,0.684931507,,,,No
13033950102,,,0.6875,,,,No
13089020801,,,0.6875,,,,No
13291000104,,,0.6875,,,,No
13121011443,,,0.688888889,,,,No
13073030504,,,0.689655172,,,,No
13057091011,,,0.691056911,,,,No
13067030249,,,0.692307692,,,,No
13091960200,,,0.692307692,,,,No
13121003200,,,0.692307692,,,,No
13121001501,,,0.694736842,,,,No
13139000502,,,0.694736842,,,,No
13121009302,,,0.694915254,,,,No
13139001102,,,0.694915254,,,,No
13089021220,,,0.695652174,,,,No
13151070505,,,0.695652174,,,,No
13169030305,,,0.698412698,,,,No
13067030367,,,0.7,,,,No
13135050630,,,0.7,,,,No
13153021125,,,0.7,,,,No
13295020504,,,0.7,,,,No
13067031112,,,0.701149425,,,,No
13237960101,,,0.704545455,,,,No
13067030248,,,0.705882353,,,,No
13089021808,,,0.705882353,,,,No
13089022203,,,0.705882353,,,,No
13179010402,,,0.705882353,,,,No
13135050569,,,0.706293706,,,,No
13089021419,,,0.710144928,,,,No
13227050201,,,0.711340206,,,,No
13107970102,,,0.712,,,,No
13121009405,,,0.713513514,,,,No
13113140405,,,0.714285714,,,,No
13121010211,,,0.714285714,,,,No
13127000409,,,0.714285714,,,,No
13169030101,,,0.714285714,,,,No
13313000801,,,0.714285714,,,,No
13051010703,,,0.718309859,,,,No
13117130307,,,0.71875,,,,No
13215010602,,,0.720930233,,,,No
13135050583,,,0.722222222,,,,No
13135050562,,,0.722627737,,,,No
13089021224,,,0.723809524,,,,No
13069010702,,,0.724137931,,,,No
13151070325,,,0.725490196,,,,No
13121004900,,,0.726923077,,,,No
13135050572,,,0.727272727,,,,No
13121008202,,,0.728971963,,,,No
13121007809,,,0.73015873,,,,No
13095011000,,,0.730769231,,,,No
13135050325,,,0.731707317,,,,No
13057090704,,,0.732394366,,,,No
13067030243,,,0.733333333,,,,No
13121011439,,,0.733333333,,,,No
13139001605,,,0.733333333,,,,No
13067031118,,,0.734177215,,,,No
13117130603,,,0.734177215,,,,No
13067031410,,,0.734693878,,,,No
13057090705,,,0.735849057,,,,No
13063040426,,,0.737704918,,,,No
13117130614,,,0.74137931,,,,No
13051002700,,,0.743243243,,,,No
13117130602,,,0.743902439,,,,No
13121010309,,,0.744186047,,,,No
13095000400,,,0.744360902,,,,No
13089022401,,,0.746031746,,,,No
13057090709,,,0.75,,,,No
13067030409,,,0.75,,,,No
13121011651,,,0.75,,,,No
13133950301,,,0.75,,,,No
13179010301,,,0.75,,,,No
13121010212,,,0.751633987,,,,No
13137000603,,,0.756097561,,,,No
13121011618,,,0.756756757,,,,No
13039010404,,,0.757009346,,,,No
13151070120,,,0.757575758,,,,No
13121011634,,,0.761904762,,,,No
13121011442,,,0.763157895,,,,No
13121010216,,,0.764705882,,,,No
13089022015,,,0.767741935,,,,No
13151070310,,,0.772727273,,,,No
13095010900,,,0.773913043,,,,No
13235950100,,,0.777777778,,,,No
13205090402,,,0.779411765,,,,No
13121009607,,,0.781609195,,,,No
13113140304,,,0.782608696,,,,No
13177020405,,,0.783783784,,,,No
13089023427,,,0.785714286,,,,No
13121010517,,,0.787234043,,,,No
13121011660,,,0.787234043,,,,No
13297110801,,,0.789473684,,,,No
13067031216,,,0.791666667,,,,No
13201950300,,,0.791666667,,,,No
13121001205,,,0.79245283,,,,No
13169030304,,,0.794117647,,,,No
13117130415,,,0.795454545,,,,No
13057091006,,,0.8,,,,No
13089021710,,,0.8,,,,No
13121011417,,,0.8,,,,No
13135050743,,,0.8,,,,No
13095010401,,,0.804347826,,,,No
13067030260,,,0.805555556,,,,No
13135050589,,,0.80952381,,,,No
13057091012,,,0.811320755,,,,No
13121010130,,,0.811320755,,,,No
13121009406,,,0.8125,,,,No
13245010907,,,0.8125,,,,No
13135050558,,,0.818181818,,,,No
13139000304,,,0.818181818,,,,No
13067031517,,,0.821428571,,,,No
13121009504,,,0.827586207,,,,No
13067031415,,,0.828571429,,,,No
13057090807,,,0.833333333,,,,No
13089022602,,,0.833333333,,,,No
13151070115,,,0.833333333,,,,No
13121010108,,,0.839285714,,,,No
13135050238,,,0.84375,,,,No
13135050760,,,0.846153846,,,,No
13121001206,,,0.847457627,,,,No
13121003000,,,0.852941176,,,,No
13097080515,,,0.857142857,,,,No
13121011441,,,0.857142857,,,,No
13177020101,,,0.857142857,,,,No
13191110103,,,0.857142857,,,,No
13051010807,,,0.860215054,,,,No
13121010133,,,0.8625,,,,No
13129970202,,,0.863636364,,,,No
13127000202,,,0.866666667,,,,No
13135050427,,,0.866666667,,,,No
13245010908,,,0.866666667,,,,No
13121001102,,,0.875,,,,No
13135050224,,,0.878787879,,,,No
13067031324,,,0.882352941,,,,No
13135050758,,,0.882352941,,,,No
13089021230,,,0.886792453,,,,No
13121007709,,,0.886792453,,,,No
13067030361,,,0.888888889,,,,No
13153021402,,,0.888888889,,,,No
13135050110,,,0.890625,,,,No
13067030111,,,0.894736842,,,,No
13271950102,,,0.9,,,,No
13121001301,,,0.901785714,,,,No
13311950301,,,0.90625,,,,No
13051010704,,,0.910714286,,,,No
13247060403,,,0.916666667,,,,No
13143010202,,,0.918367347,,,,No
13247060104,,,0.92,,,,No
13097080608,,,0.923076923,,,,No
13135050458,,,0.924137931,,,,No
13085970205,,,0.928571429,,,,No
13135050742,,,0.93220339,,,,No
13121011423,,,0.9375,,,,No
13135050571,,,0.944444444,,,,No
13121000100,,,0.959183673,,,,No
13241970102,,,0.972222222,,,,No
13039010406,,,1,,,,No
13051010706,,,1,,,,No
13051010817,,,1,,,,No
13051011005,,,1,,,,No
13051011108,,,1,,,,No
13057090908,,,1,,,,No
13063040418,,,1,,,,No
13063040636,,,1,,,,No
13067030252,,,1,,,,No
13067030267,,,1,,,,No
13067030271,,,1,,,,No
13067030276,,,1,,,,No
13067030337,,,1,,,,No
13067030352,,,1,,,,No
13067030364,,,1,,,,No
13067030366,,,1,,,,No
13067030909,,,1,,,,No
13067031518,,,1,,,,No
13089021211,,,1,,,,No
13089021219,,,1,,,,No
13089021223,,,1,,,,No
13089021707,,,1,,,,No
13089022403,,,1,,,,No
13089023447,,,1,,,,No
13097080513,,,1,,,,No
13113140209,,,1,,,,No
13113140408,,,1,,,,No
13113140501,,,1,,,,No
13117130305,,,1,,,,No
13117130414,,,1,,,,No
13121009606,,,1,,,,No
13121010308,,,1,,,,No
13121010311,,,1,,,,No
13121010531,,,1,,,,No
13121010532,,,1,,,,No
13121011509,,,1,,,,No
13121011635,,,1,,,,No
13121011637,,,1,,,,No
13121011642,,,1,,,,No
13121011645,,,1,,,,No
13135050232,,,1,,,,No
13135050235,,,1,,,,No
13135050243,,,1,,,,No
13135050322,,,1,,,,No
13135050336,,,1,,,,No
13135050462,,,1,,,,No
13135050466,,,1,,,,No
13135050560,,,1,,,,No
13135050566,,,1,,,,No
13135050586,,,1,,,,No
13135050588,,,1,,,,No
13135050614,,,1,,,,No
13135050620,,,1,,,,No
13135050621,,,1,,,,No
13135050624,,,1,,,,No
13135050625,,,1,,,,No
13135050737,,,1,,,,No
13135050748,,,1,,,,No
13135050750,,,1,,,,No
13135050755,,,1,,,,No
13135050756,,,1,,,,No
13135050759,,,1,,,,No
13135050761,,,1,,,,No
13137000501,,,1,,,,No
13145120401,,,1,,,,No
13147960101,,,1,,,,No
13151070206,,,1,,,,No
13151070409,,,1,,,,No
13153021114,,,1,,,,No
13213010203,,,1,,,,No
13215001100,,,1,,,,No
13215010207,,,1,,,,No
13215010606,,,1,,,,No
13217100505,,,1,,,,No
13227050102,,,1,,,,No
13245010205,,,1,,,,No
13245010714,,,1,,,,No
13257970202,,,1,,,,No
13291000203,,,1,,,,No
13029980000,,,,,,,No
13039990000,,,,,,,No
13051010701,,,,,,,No
13051010705,,,,,,,No
13051010707,,,,,,,No
13051010812,,,,,,,No
13051980000,,,,,,,No
13051990000,,,,,,,No
13053020206,,,,,,,No
13057090503,,,,,,,No
13057090504,,,,,,,No
13057090505,,,,,,,No
13057090507,,,,,,,No
13057090706,,,,,,,No
13057090710,,,,,,,No
13063980000,,,,,,,No
13067030245,,,,,,,No
13067030256,,,,,,,No
13067030262,,,,,,,No
13067030266,,,,,,,No
13067030268,,,,,,,No
13067030270,,,,,,,No
13067030277,,,,,,,No
13067030342,,,,,,,No
13067030343,,,,,,,No
13067030351,,,,,,,No
13067030357,,,,,,,No
13067030360,,,,,,,No
13067030362,,,,,,,No
13067030369,,,,,,,No
13067030509,,,,,,,No
13067031212,,,,,,,No
13067031325,,,,,,,No
13085970101,,,,,,,No
13089021210,,,,,,,No
13089021213,,,,,,,No
13089021228,,,,,,,No
13089021229,,,,,,,No
13089023115,,,,,,,No
13089980000,,,,,,,No
13103030404,,,,,,,No
13113140104,,,,,,,No
13113140307,,,,,,,No
13117130512,,,,,,,No
13121000201,,,,,,,No
13121006801,,,,,,,No
13121009002,,,,,,,No
13121009105,,,,,,,No
13121009700,,,,,,,No
13121009804,,,,,,,No
13121010004,,,,,,,No
13121010005,,,,,,,No
13121010107,,,,,,,No
13121010223,,,,,,,No
13121010310,,,,,,,No
13121011433,,,,,,,No
13121011436,,,,,,,No
13121011446,,,,,,,No
13121011505,,,,,,,No
13121011507,,,,,,,No
13121011508,,,,,,,No
13121011510,,,,,,,No
13121011515,,,,,,,No
13121011612,,,,,,,No
13121011624,,,,,,,No
13121011629,,,,,,,No
13121011641,,,,,,,No
13121011653,,,,,,,No
13121011656,,,,,,,No
13121011657,,,,,,,No
13121011661,,,,,,,No
13121980000,,,,,,,No
13127000303,,,,,,,No
13127990000,,,,,,,No
13135050116,,,,,,,No
13135050240,,,,,,,No
13135050241,,,,,,,No
13135050242,,,,,,,No
13135050244,,,,,,,No
13135050308,,,,,,,No
13135050461,,,,,,,No
13135050582,,,,,,,No
13135050618,,,,,,,No
13135050623,,,,,,,No
13135050629,,,,,,,No
13135050632,,,,,,,No
13135050636,,,,,,,No
13135050738,,,,,,,No
13137000204,,,,,,,No
13139001609,,,,,,,No
13139001612,,,,,,,No
13145120403,,,,,,,No
13151070124,,,,,,,No
13151070213,,,,,,,No
13151070214,,,,,,,No
13151070321,,,,,,,No
13151070408,,,,,,,No
13151070508,,,,,,,No
13153021122,,,,,,,No
13157010109,,,,,,,No
13179990000,,,,,,,No
13183980000,,,,,,,No
13191980000,,,,,,,No
13191990000,,,,,,,No
13219030401,,,,,,,No
13223120304,,,,,,,No
13247060312,,,,,,,No
13247060411,,,,,,,No
13321950201,,,,,,,No
13001950202,05000US13005,"Bacon County, Georgia",0.177419355,-0.001928671,Yes,0.0105,Yes
13001950500,05000US13013,"Barrow County, Georgia",0.276190476,0.022300708,Yes,0.039,Yes
13005970202,05000US13025,"Brantley County, Georgia",0.120689655,-0.00851972,Yes,0.0365,Yes
13009970501,05000US13047,"Catoosa County, Georgia",0.805,0.006394682,Yes,0.0185,Yes
13009970600,05000US13051,"Chatham County, Georgia",0.471428571,0.00895764,Yes,0.0395,Yes
13015960802,05000US13147,"Hart County, Georgia",0.355555556,0.002317305,Yes,0.045,Yes
13015960805,05000US13151,"Henry County, Georgia",0.18,0.022554776,Yes,0.039,Yes
13017960502,05000US13171,"Lamar County, Georgia",0.123809524,-0.000474984,Yes,0.04,Yes
13019970400,05000US13179,"Liberty County, Georgia",0.298701299,0.012006446,Yes,0.0225,Yes
13021010100,05000US13185,"Lowndes County, Georgia",0.412844037,0.008238044,Yes,0.004,Yes
13021010500,05000US13191,"Madison County, Georgia",0.25,0.011472771,Yes,0.015,Yes
13021012400,05000US13221,"Oglethorpe County, Georgia",0.598639456,-3.68E-05,Yes,0.0135,Yes
13021012700,05000US13227,"Pickens County, Georgia",0.493150685,0.020989431,Yes,0.0395,Yes
13021012800,05000US13229,"Pierce County, Georgia",0.266666667,0.00829465,Yes,0.0305,Yes
13021012900,05000US13231,"Pike County, Georgia",0.428571429,0.012238713,Yes,0.0395,Yes
13021013101,05000US13233,"Polk County, Georgia",0.462121212,0.008505925,Yes,0.0205,Yes
13021013201,05000US13237,"Putnam County, Georgia",0.373134328,0.005670509,Yes,0.043,Yes
13021013702,05000US13275,"Thomas County, Georgia",0.576923077,0.007030909,Yes,0.0135,Yes
13021013800,05000US13277,"Tift County, Georgia",0.206349206,0.005240375,Yes,0.023,Yes
13021014000,05000US13281,"Towns County, Georgia",0.362068966,0.025203746,Yes,0.037,Yes
13003960300,05000US13019,"Berrien County, Georgia",0.666666667,-0.014381608,No,0.035,Yes
13007960100,05000US13027,"Brooks County, Georgia",0.206896552,0.013555114,No,0.0065,Yes
13009970701,05000US13053,"Chattahoochee County, Georgia",0.426666667,-0.039080643,No,0.005,Yes
13013180203,05000US13081,"Crisp County, Georgia",0.234693878,-0.034330059,No,0.027,Yes
13015960701,05000US13141,"Hancock County, Georgia",0.336734694,0.004592488,No,0.014,Yes
13017960400,05000US13167,"Johnson County, Georgia",0.244604317,-0.015707116,No,0.01,Yes
13017960501,05000US13169,"Jones County, Georgia",0.166666667,-0.00292147,No,0.005,Yes
13021010400,05000US13189,"Macon County, Georgia",0.482142857,-0.029048373,No,0.0035,Yes
13021010800,05000US13193,"Marion County, Georgia",0.453900709,-0.036321625,No,0.0075,Yes
13021011001,05000US13195,"McDuffie County, Georgia",0.456852792,0.003571128,No,0.0085,Yes
13021011100,05000US13199,"Meriwether County, Georgia",0.486486486,-0.007178321,No,0.039,Yes
13021011500,05000US13201,"Miller County, Georgia",0.529411765,0.008710115,No,0.024,Yes
13021013202,05000US13239,"Quitman County, Georgia",0.339449541,-0.003918428,No,-0.0345,Yes
13025960201,05000US13295,"Walker County, Georgia",0.272727273,-0.0050354,No,0.0185,Yes
13031110401,,,0.445026178,,,,Yes
13031110405,,,0.404958678,,,,Yes
13031110406,,,0.468468468,,,,Yes
13031110407,,,0.56,,,,Yes
13031110408,,,0.328571429,,,,Yes
13031110602,,,0.29787234,,,,Yes
13033950400,,,0.3,,,,Yes
13033950500,,,0.256410256,,,,Yes
13033950700,,,0.083333333,,,,Yes
13035150201,,,0.4125,,,,Yes
13037950200,,,0.48,,,,Yes
13039010603,,,0.4375,,,,Yes
13039010604,,,0.584507042,,,,Yes
13043950100,,,0.286585366,,,,Yes
13045910106,,,0.642857143,,,,Yes
13045910301,,,0.82010582,,,,Yes
13045910302,,,0.189189189,,,,Yes
13045910502,,,0.414507772,,,,Yes
13045910503,,,0.475409836,,,,Yes
13045910705,,,0.381294964,,,,Yes
13045911101,,,0.337579618,,,,Yes
13049010102,,,0.333333333,,,,Yes
13051000601,,,0.32,,,,Yes
13051001100,,,0.391304348,,,,Yes
13051001200,,,0.43442623,,,,Yes
13051002000,,,0.535211268,,,,Yes
13051002300,,,0.452941176,,,,Yes
13051002800,,,0.428571429,,,,Yes
13051003301,,,0.288461538,,,,Yes
13051003501,,,0.186440678,,,,Yes
13051003502,,,0.406779661,,,,Yes
13051003601,,,0.472868217,,,,Yes
13051003602,,,0.365714286,,,,Yes
13051004400,,,0.471910112,,,,Yes
13051004500,,,0.402985075,,,,Yes
13051010102,,,0.444444444,,,,Yes
13051010502,,,0.262195122,,,,Yes
13051010503,,,0.404761905,,,,Yes
13051010504,,,0.441666667,,,,Yes
13051010901,,,0.44742268,,,,Yes
13051011300,,,0.534883721,,,,Yes
13051011400,,,0.298850575,,,,Yes
13051011600,,,0.2,,,,Yes
13051011700,,,0.367816092,,,,Yes
13051011900,,,0.361111111,,,,Yes
13053020100,,,0.294871795,,,,Yes
13055010202,,,0.375,,,,Yes
13055010300,,,0.292682927,,,,Yes
13055010402,,,0.356060606,,,,Yes
13057090401,,,0.322463768,,,,Yes
13057090703,,,0.089285714,,,,Yes
13059000100,,,0.674556213,,,,Yes
13059000401,,,0.519230769,,,,Yes
13059000600,,,0.335526316,,,,Yes
13059000900,,,0.448275862,,,,Yes
13059002100,,,0.529801325,,,,Yes
13059030101,,,0.639344262,,,,Yes
13059030102,,,0.524475524,,,,Yes
13059030200,,,0.404255319,,,,Yes
13059140500,,,0.591240876,,,,Yes
13059150400,,,0.525114155,,,,Yes
13059150500,,,0.463709677,,,,Yes
13059150600,,,0.341121495,,,,Yes
13061960300,,,0.134693878,,,,Yes
13063040202,,,0.358762887,,,,Yes
13063040203,,,0.197368421,,,,Yes
13063040204,,,0.3,,,,Yes
13063040302,,,0.393364929,,,,Yes
13063040306,,,0.180451128,,,,Yes
13063040307,,,0.168831169,,,,Yes
13063040308,,,0.436170213,,,,Yes
13063040309,,,0.382608696,,,,Yes
13063040310,,,0.6,,,,Yes
13063040414,,,0.317073171,,,,Yes
13063040417,,,0.423208191,,,,Yes
13063040419,,,0.474489796,,,,Yes
13063040422,,,0.3828125,,,,Yes
13063040423,,,0.217142857,,,,Yes
13063040425,,,0.344537815,,,,Yes
13063040510,,,0.577319588,,,,Yes
13063040512,,,0.398648649,,,,Yes
13063040513,,,0.378787879,,,,Yes
13063040518,,,0.404907975,,,,Yes
13063040519,,,0.309756098,,,,Yes
13063040521,,,0.32967033,,,,Yes
13063040522,,,0.421965318,,,,Yes
13063040523,,,0.468468468,,,,Yes
13063040525,,,0.457627119,,,,Yes
13063040528,,,0.4,,,,Yes
13063040531,,,0.328244275,,,,Yes
13063040606,,,0.291666667,,,,Yes
13063040617,,,0.278571429,,,,Yes
13063040630,,,0.294736842,,,,Yes
13063040632,,,0.542857143,,,,Yes
13063040634,,,0.430051813,,,,Yes
13063040635,,,0.113636364,,,,Yes
13065970100,,,0.338709677,,,,Yes
13067030411,,,0.364583333,,,,Yes
13067030412,,,0.369565217,,,,Yes
13067030413,,,0.439516129,,,,Yes
13067030414,,,0.338624339,,,,Yes
13067030700,,,0.321428571,,,,Yes
13067030911,,,0.467625899,,,,Yes
13067031001,,,0.387978142,,,,Yes
13067031004,,,0.278350515,,,,Yes
13067031006,,,0.574468085,,,,Yes
13067031007,,,0.433884298,,,,Yes
13067031318,,,0.594495413,,,,Yes
13067031319,,,0.425641026,,,,Yes
13067031320,,,0.223214286,,,,Yes
13067031321,,,0.263157895,,,,Yes
13067031413,,,0.195652174,,,,Yes
13069010801,,,0.329113924,,,,Yes
13071970301,,,0.233333333,,,,Yes
13071970400,,,0.193939394,,,,Yes
13071970702,,,0.534883721,,,,Yes
13077170307,,,0.217105263,,,,Yes
13077170604,,,0.352380952,,,,Yes
13077170605,,,0.3828125,,,,Yes
13081010100,,,0.539007092,,,,Yes
13081010201,,,0.465517241,,,,Yes
13081010400,,,0.593495935,,,,Yes
13087970301,,,0.38,,,,Yes
13087970302,,,0.366666667,,,,Yes
13087970400,,,0.448529412,,,,Yes
13089021204,,,0.666666667,,,,Yes
13089021301,,,0.565789474,,,,Yes
13089021305,,,0.472868217,,,,Yes
13089021309,,,0.661538462,,,,Yes
13089021310,,,0.325274725,,,,Yes
13089021409,,,0.403361345,,,,Yes
13089021417,,,0.389473684,,,,Yes
13089021418,,,0.636363636,,,,Yes
13089021420,,,0.3,,,,Yes
13089021712,,,0.444444444,,,,Yes
13089021815,,,0.530232558,,,,Yes
13089021906,,,0.324561404,,,,Yes
13089021908,,,0.207207207,,,,Yes
13089021910,,,0.391812866,,,,Yes
13089021911,,,0.373493976,,,,Yes
13089021913,,,0.437908497,,,,Yes
13089021914,,,0.592356688,,,,Yes
13089021916,,,0.317567568,,,,Yes
13089021917,,,0.44966443,,,,Yes
13089022005,,,0.436363636,,,,Yes
13089022007,,,0.438356164,,,,Yes
13089022011,,,0.576744186,,,,Yes
13089022012,,,0.389830508,,,,Yes
13089022013,,,0.349315068,,,,Yes
13089022014,,,0.345794393,,,,Yes
13089022404,,,0.504347826,,,,Yes
13089022405,,,0.66,,,,Yes
13089023102,,,0.346456693,,,,Yes
13089023108,,,0.403409091,,,,Yes
13089023111,,,0.675675676,,,,Yes
13089023112,,,0.278911565,,,,Yes
13089023113,,,0.515151515,,,,Yes
13089023114,,,0.647887324,,,,Yes
13089023213,,,0.469072165,,,,Yes
13089023215,,,0.375,,,,Yes
13089023218,,,0.428571429,,,,Yes
13089023222,,,0.323170732,,,,Yes
13089023317,,,0.345070423,,,,Yes
13089023320,,,0.6875,,,,Yes
13089023327,,,0.319148936,,,,Yes
13089023410,,,0.323529412,,,,Yes
13089023411,,,0.35,,,,Yes
13089023429,,,0.28313253,,,,Yes
13089023430,,,0.614973262,,,,Yes
13089023431,,,0.434782609,,,,Yes
13089023439,,,0.338842975,,,,Yes
13089023446,,,0.086206897,,,,Yes
13089023501,,,0.488461538,,,,Yes
13089023504,,,0.416666667,,,,Yes
13089023505,,,0.553571429,,,,Yes
13089023507,,,0.233333333,,,,Yes
13089023602,,,0.571428571,,,,Yes
13089023603,,,0.32,,,,Yes
13095000101,,,0.378378378,,,,Yes
13095000200,,,0.518796993,,,,Yes
13095000800,,,0.385714286,,,,Yes
13095001403,,,0.395833333,,,,Yes
13095001500,,,0.651376147,,,,Yes
13095010302,,,0.632352941,,,,Yes
13095010601,,,0.56122449,,,,Yes
13095010701,,,0.420183486,,,,Yes
13095011400,,,0.386440678,,,,Yes
13097080104,,,0.549586777,,,,Yes
13097080106,,,0.319587629,,,,Yes
13097080107,,,0.114068441,,,,Yes
13097080303,,,0.396039604,,,,Yes
13097080304,,,0.241803279,,,,Yes
13097080306,,,0.239583333,,,,Yes
13099090200,,,0.564705882,,,,Yes
13099090400,,,0.233333333,,,,Yes
13099090500,,,0.233333333,,,,Yes
13105000400,,,0.463157895,,,,Yes
13107970401,,,0.333919156,,,,Yes
13115000500,,,0.381679389,,,,Yes
13115000600,,,0.369565217,,,,Yes
13115001100,,,0.256578947,,,,Yes
13115001301,,,0.826771654,,,,Yes
13115001600,,,0.419642857,,,,Yes
13117130413,,,0.424719101,,,,Yes
13119890402,,,0.352688172,,,,Yes
13121000601,,,0.464,,,,Yes
13121000602,,,0.734177215,,,,Yes
13121001002,,,0.571428571,,,,Yes
13121001801,,,0.223880597,,,,Yes
13121001901,,,0,,,,Yes
13121002100,,,0.444444444,,,,Yes
13121002300,,,0.439393939,,,,Yes
13121002400,,,0.519083969,,,,Yes
13121002500,,,0.389534884,,,,Yes
13121002600,,,0.571428571,,,,Yes
13121002802,,,0.452631579,,,,Yes
13121003500,,,0.391891892,,,,Yes
13121003800,,,0.568181818,,,,Yes
13121003900,,,0.34,,,,Yes
13121004000,,,0.394594595,,,,Yes
13121004200,,,0.206896552,,,,Yes
13121004400,,,0.316239316,,,,Yes
13121004800,,,0.28034188,,,,Yes
13121005501,,,0.247863248,,,,Yes
13121005503,,,0.575757576,,,,Yes
13121005504,,,0.475,,,,Yes
13121005700,,,0.352272727,,,,Yes
13121006000,,,0.368852459,,,,Yes
13121006100,,,0.528846154,,,,Yes
13121006200,,,0.13877551,,,,Yes
13121006300,,,0.370149254,,,,Yes
13121006400,,,0.394736842,,,,Yes
13121006601,,,0.564102564,,,,Yes
13121006602,,,0.352941176,,,,Yes
13121006701,,,0.503759398,,,,Yes
13121006802,,,0.5,,,,Yes
13121007001,,,0.411392405,,,,Yes
13121007002,,,0.417475728,,,,Yes
13121007100,,,0.515789474,,,,Yes
13121007200,,,0.444444444,,,,Yes
13121007301,,,0.463917526,,,,Yes
13121007302,,,0.202531646,,,,Yes
13121007400,,,0.37,,,,Yes
13121007500,,,0.52,,,,Yes
13121007602,,,0.469387755,,,,Yes
13121007603,,,0.558139535,,,,Yes
13121007604,,,0.263681592,,,,Yes
13121007703,,,0.512,,,,Yes
13121007705,,,0.297577855,,,,Yes
13121007807,,,0.532786885,,,,Yes
13121007808,,,0.429951691,,,,Yes
13121008000,,,0.583892617,,,,Yes
13121008103,,,0.243902439,,,,Yes
13121008104,,,0.3046875,,,,Yes
13121008203,,,0.335195531,,,,Yes
13121008204,,,0.460784314,,,,Yes
13121008301,,,0.226415094,,,,Yes
13121008302,,,0.418181818,,,,Yes
13121008500,,,0.593220339,,,,Yes
13121008601,,,0.531007752,,,,Yes
13121008602,,,0.410958904,,,,Yes
13121008701,,,0.269035533,,,,Yes
13121009201,,,0.450980392,,,,Yes
13121010521,,,0.37037037,,,,Yes
13121010522,,,0.497076023,,,,Yes
13121010523,,,0.181818182,,,,Yes
13121010524,,,0.096,,,,Yes
13121010525,,,0.234972678,,,,Yes
13121010527,,,0.482758621,,,,Yes
13121010534,,,0.484126984,,,,Yes
13121010601,,,0.317073171,,,,Yes
13121010603,,,0.358490566,,,,Yes
13121011000,,,0.380952381,,,,Yes
13121011203,,,0.489361702,,,,Yes
13121011306,,,0.466666667,,,,Yes
13121011307,,,0.437956204,,,,Yes
13121011308,,,0.215909091,,,,Yes
13121011310,,,0.263392857,,,,Yes
13121011802,,,0.447368421,,,,Yes
13121011901,,,0.516071429,,,,Yes
13121012000,,,0.594890511,,,,Yes
13127000501,,,0.337837838,,,,Yes
13127000702,,,0.471830986,,,,Yes
13127000800,,,0.25388601,,,,Yes
13127000900,,,0.475903614,,,,Yes
13129970301,,,0.445255474,,,,Yes
13131950402,,,0.270833333,,,,Yes
13133950200,,,0.325,,,,Yes
13133950305,,,0.362745098,,,,Yes
13133950400,,,0.45,,,,Yes
13135050229,,,0.347826087,,,,Yes
13135050230,,,0.43,,,,Yes
13135050317,,,0.42081448,,,,Yes
13135050326,,,0.456140351,,,,Yes
13135050328,,,0.344827586,,,,Yes
13135050329,,,0.574712644,,,,Yes
13135050330,,,0.5,,,,Yes
13135050331,,,0.394736842,,,,Yes
13135050437,,,0.342592593,,,,Yes
13135050440,,,0.565217391,,,,Yes
13135050441,,,0.263803681,,,,Yes
13135050445,,,0.472727273,,,,Yes
13135050447,,,0.297029703,,,,Yes
13135050448,,,0.532544379,,,,Yes
13135050449,,,0.459183673,,,,Yes
13135050451,,,0.28742515,,,,Yes
13135050452,,,0.534883721,,,,Yes
13135050453,,,0.373239437,,,,Yes
13135050455,,,0.612244898,,,,Yes
13135050456,,,0.564102564,,,,Yes
13135050460,,,0.524752475,,,,Yes
13135050463,,,0.465686275,,,,Yes
13135050464,,,0.8,,,,Yes
13135050522,,,0.540816327,,,,Yes
13135050526,,,0.569444444,,,,Yes
13135050537,,,0.481675393,,,,Yes
13135050542,,,0.466911765,,,,Yes
13135050561,,,0.466019417,,,,Yes
13135050564,,,0.403846154,,,,Yes
13135050587,,,1,,,,Yes
13137000604,,,0.253731343,,,,Yes
13139000703,,,0.637168142,,,,Yes
13139000800,,,0.550724638,,,,Yes
13139001007,,,0.401869159,,,,Yes
13139001008,,,0.327044025,,,,Yes
13139001101,,,0.50955414,,,,Yes
13139001202,,,0.704761905,,,,Yes
13141480400,,,0.18852459,,,,Yes
13149970100,,,0.267716535,,,,Yes
13151070113,,,0.197916667,,,,Yes
13151070324,,,0.558558559,,,,Yes
13153020200,,,0.401869159,,,,Yes
13153020302,,,0.313253012,,,,Yes
13153020400,,,0.524590164,,,,Yes
13153020700,,,0.436090226,,,,Yes
13159010501,,,0.390625,,,,Yes
13159010502,,,0.229508197,,,,Yes
13161960101,,,0.31372549,,,,Yes
13165960100,,,0.509803922,,,,Yes
13165960200,,,0.552,,,,Yes
13173950100,,,0.346153846,,,,Yes
13173950201,,,0.416666667,,,,Yes
13175950400,,,0.41025641,,,,Yes
13175950500,,,0.4,,,,Yes
13175950800,,,0.337837838,,,,Yes
13175950900,,,0.201219512,,,,Yes
13175951001,,,0,,,,Yes
13175951002,,,0.344827586,,,,Yes
13175951100,,,0.509090909,,,,Yes
13179010204,,,0.590361446,,,,Yes
13185010500,,,0.480225989,,,,Yes
13185010801,,,0.345070423,,,,Yes
13185010802,,,0.535211268,,,,Yes
13185010900,,,0.4125,,,,Yes
13185011000,,,0.237113402,,,,Yes
13185011301,,,0.493862816,,,,Yes
13185011302,,,0.379310345,,,,Yes
13185011402,,,0.279069767,,,,Yes
13187960204,,,0.606896552,,,,Yes
13189950200,,,0.20610687,,,,Yes
13189950402,,,0.294871795,,,,Yes
13193000100,,,0.357142857,,,,Yes
13193000200,,,0.207142857,,,,Yes
13193000300,,,0.395061728,,,,Yes
13199970600,,,0.271604938,,,,Yes
13199970801,,,0.491525424,,,,Yes
13201950100,,,0.241935484,,,,Yes
13205090300,,,0.491139241,,,,Yes
13213010600,,,0.067605634,,,,Yes
13215000300,,,0.536,,,,Yes
13215001400,,,0.468085106,,,,Yes
13215001600,,,0.431578947,,,,Yes
13215001800,,,0.630136986,,,,Yes
13215002000,,,0.477272727,,,,Yes
13215002200,,,0.504854369,,,,Yes
13215002300,,,0.408450704,,,,Yes
13215002400,,,0.2125,,,,Yes
13215002500,,,0.423076923,,,,Yes
13215002700,,,0.343434343,,,,Yes
13215002800,,,0.384615385,,,,Yes
13215002901,,,0.61627907,,,,Yes
13215002902,,,0.336538462,,,,Yes
13215003000,,,0.54,,,,Yes
13215003200,,,0.449612403,,,,Yes
13215003301,,,0.4,,,,Yes
13215003302,,,0.520634921,,,,Yes
13215003400,,,0.477272727,,,,Yes
13215011400,,,0.522807018,,,,Yes
13215011500,,,0.628571429,,,,Yes
13217100400,,,0.412698413,,,,Yes
13217100504,,,0.43718593,,,,Yes
13217100600,,,0.615068493,,,,Yes
13217100701,,,0.673796791,,,,Yes
13217100702,,,0.367924528,,,,Yes
13217100903,,,0.674418605,,,,Yes
13223120305,,,0.359375,,,,Yes
13225040200,,,0.4625,,,,Yes
13225040302,,,0.175257732,,,,Yes
13225040400,,,0.210144928,,,,Yes
13227050602,,,1,,,,Yes
13235950201,,,0.64028777,,,,Yes
13243790100,,,0.288888889,,,,Yes
13243790200,,,0.165775401,,,,Yes
13245000200,,,0.246511628,,,,Yes
13245000300,,,0.431818182,,,,Yes
13245000600,,,0.67768595,,,,Yes
13245000700,,,0.317073171,,,,Yes
13245001200,,,0.563218391,,,,Yes
13245001400,,,0.506122449,,,,Yes
13245001604,,,0.161538462,,,,Yes
13245010300,,,0.476851852,,,,Yes
13245010400,,,0.668711656,,,,Yes
13245010506,,,0.572052402,,,,Yes
13245010507,,,0.533980583,,,,Yes
13245010508,,,0.352564103,,,,Yes
13245010509,,,0.508474576,,,,Yes
13245010510,,,0.421768707,,,,Yes
13245010511,,,0.564516129,,,,Yes
13245010512,,,0.285714286,,,,Yes
13245010513,,,0.590909091,,,,Yes
13245010515,,,0.294117647,,,,Yes
13245010601,,,0.416666667,,,,Yes
13245010602,,,0.321428571,,,,Yes
13245010905,,,0.46,,,,Yes
13245011000,,,0.326666667,,,,Yes
13245011100,,,0.318681319,,,,Yes
13247060201,,,0.581081081,,,,Yes
13247060310,,,0.412612613,,,,Yes
13247060316,,,0.314917127,,,,Yes
13251970401,,,0.297297297,,,,Yes
13253200200,,,0.579439252,,,,Yes
13255160102,,,0.088888889,,,,Yes
13255160300,,,0.386138614,,,,Yes
13255160401,,,0.25,,,,Yes
13255160402,,,0.36,,,,Yes
13255160701,,,0.092783505,,,,Yes
13255160800,,,0.463519313,,,,Yes
13255160900,,,0.223529412,,,,Yes
13259950400,,,0.169491525,,,,Yes
13261950300,,,0.444444444,,,,Yes
13261950600,,,0.507692308,,,,Yes
13261950700,,,0.313807531,,,,Yes
13269950301,,,0.147368421,,,,Yes
13269950302,,,0.6625,,,,Yes
13271950101,,,0.248076923,,,,Yes
13273120300,,,0.247524752,,,,Yes
13273120400,,,0.426229508,,,,Yes
13275960100,,,0.2125,,,,Yes
13275960701,,,0.541284404,,,,Yes
13277960402,,,0.431034483,,,,Yes
13277960601,,,0.226415094,,,,Yes
13277960602,,,0.482758621,,,,Yes
13277960700,,,0.455223881,,,,Yes
13279970101,,,0.333333333,,,,Yes
13279970500,,,0.329411765,,,,Yes
13283960200,,,0.454347826,,,,Yes
13285960401,,,0.315789474,,,,Yes
13285960600,,,0.553719008,,,,Yes
13285960800,,,0.489795918,,,,Yes
13285960901,,,0.327956989,,,,Yes
13287970201,,,0.130434783,,,,Yes
13293010402,,,0.23364486,,,,Yes
13293010500,,,0.419161677,,,,Yes
13295020200,,,0.388349515,,,,Yes
13295020702,,,0.283870968,,,,Yes
13297110301,,,0.275510204,,,,Yes
13297110302,,,0.41509434,,,,Yes
13297110400,,,0.47133758,,,,Yes
13299950400,,,0.175824176,,,,Yes
13299950700,,,0.413333333,,,,Yes
13299950802,,,0.425531915,,,,Yes
13301970400,,,0.320512821,,,,Yes
13309780200,,,0.283333333,,,,Yes
13313000301,,,0.597014925,,,,Yes
13313000401,,,0.450980392,,,,Yes
13313000502,,,0.277178423,,,,Yes
13315960100,,,0.251612903,,,,Yes
13317010102,,,0.325443787,,,,Yes
13317010302,,,0.421052632,,,,Yes
13319960300,,,0.436363636,,,,Yes